<?xml version="1.0" encoding="UTF-8" ?>
<!DOCTYPE ldml SYSTEM "http://www.unicode.org/cldr/dtd/1.4/ldml.dtd">
<ldml>
	<identity>
		<version number="$Revision: 1.30 $"/>
		<generation date="$Date: 2006/06/28 17:31:21 $"/>
		<language type="aa"/>
		<territory type="ET"/>
	</identity>
	<dates>
		<calendars>
			<calendar type="gregorian">
				<months>
					<monthContext type="format">
						<monthWidth type="wide">
							<month type="2" draft="unconfirmed">Kudo</month>
							<month type="4" draft="unconfirmed">Agda Baxis</month>
							<month type="8" draft="unconfirmed">Liiqen</month>
						</monthWidth>
					</monthContext>
				</months>
			</calendar>
		</calendars>
	</dates>
	<numbers>
		<currencyFormats>
			<currencyFormatLength>
				<currencyFormat>
					<pattern draft="unconfirmed">¤#,##0.00</pattern>
				</currencyFormat>
			</currencyFormatLength>
		</currencyFormats>
		<currencies>
			<currency type="ERN">
				<symbol draft="unconfirmed">ERN</symbol>
			</currency>
			<currency type="ETB">
				<symbol draft="unconfirmed">$</symbol>
			</currency>
		</currencies>
	</numbers>
</ldml>

