<?xml version="1.0" encoding="UTF-8" ?>
<!DOCTYPE ldml SYSTEM "http://www.unicode.org/cldr/dtd/1.4/ldml.dtd">
<ldml>
	<identity>
		<version number="$Revision: 1.42 $"/>
		<generation date="$Date: 2006/06/28 01:23:32 $"/>
		<language type="de"/>
		<territory type="AT"/>
	</identity>
	<dates>
		<calendars>
			<calendar type="gregorian">
				<months>
					<monthContext type="format">
						<monthWidth type="abbreviated">
							<month type="1">Jän</month>
							<month type="3">Mär</month>
						</monthWidth>
						<monthWidth type="wide">
							<month type="1">Jänner</month>
						</monthWidth>
					</monthContext>
				</months>
				<dateFormats>
					<dateFormatLength type="full">
						<dateFormat>
							<pattern>EEEE, dd. MMMM yyyy</pattern>
						</dateFormat>
					</dateFormatLength>
					<dateFormatLength type="long">
						<dateFormat>
							<pattern>dd. MMMM yyyy</pattern>
						</dateFormat>
					</dateFormatLength>
				</dateFormats>
				<timeFormats>
					<timeFormatLength type="full">
						<timeFormat>
							<pattern>HH:mm' Uhr 'z</pattern>
						</timeFormat>
					</timeFormatLength>
				</timeFormats>
				<dateTimeFormats>
					<availableFormats>
						<dateFormatItem id="MMMMdd" draft="provisional">dd. MMMM</dateFormatItem>
						<dateFormatItem id="yyMMdd" draft="provisional">dd.MM.yy</dateFormatItem>
					</availableFormats>
				</dateTimeFormats>
			</calendar>
		</calendars>
	</dates>
</ldml>

