<?xml version="1.0" encoding="UTF-8" ?>
<!DOCTYPE ldml SYSTEM "http://www.unicode.org/cldr/dtd/1.4/ldml.dtd">
<ldml>
	<identity>
		<version number="$Revision: 1.39 $"/>
		<generation date="$Date: 2006/06/27 23:30:54 $"/>
		<language type="fi"/>
		<territory type="FI"/>
	</identity>
	<characters>
		<exemplarCharacters type="auxiliary">[á à â ã č ç đ é è ë ǧ ǥ ȟ í ï ǩ ń ñ ŋ ô ř ŧ ú ü æ ø õ œ ʒ ǯ]</exemplarCharacters>
	</characters>
	<numbers>
		<currencyFormats>
			<currencyFormatLength>
				<currencyFormat>
					<pattern>#,##0.00 ¤</pattern>
				</currencyFormat>
			</currencyFormatLength>
		</currencyFormats>
	</numbers>
</ldml>

