<?xml version="1.0" encoding="UTF-8" ?>
<!DOCTYPE ldml SYSTEM "http://www.unicode.org/cldr/dtd/1.4/ldml.dtd">
<ldml>
	<identity>
		<version number="$Revision: 1.33 $"/>
		<generation date="$Date: 2006/06/24 23:27:01 $"/>
		<language type="kl"/>
	</identity>
	<localeDisplayNames>
		<languages>
			<language type="kl">kalaallisut</language>
		</languages>
		<territories>
			<territory type="GL">Kalaallit Nunaat</territory>
		</territories>
	</localeDisplayNames>
	<characters>
		<exemplarCharacters>[a á-ã b-e é ê f-i í î ĩ j-o ô p q ĸ r-u ú û ũ v-z æ ø å]</exemplarCharacters>
	</characters>
	<dates>
		<calendars>
			<calendar type="gregorian">
				<months>
					<monthContext type="format">
						<monthWidth type="abbreviated">
							<month type="1">jan</month>
							<month type="2">feb</month>
							<month type="3">mar</month>
							<month type="4">apr</month>
							<month type="5">maj</month>
							<month type="6">jun</month>
							<month type="7">jul</month>
							<month type="8">aug</month>
							<month type="9">sep</month>
							<month type="10">okt</month>
							<month type="11">nov</month>
							<month type="12">dec</month>
						</monthWidth>
						<monthWidth type="wide">
							<month type="1">januari</month>
							<month type="2">februari</month>
							<month type="3">martsi</month>
							<month type="4">aprili</month>
							<month type="5">maji</month>
							<month type="6">juni</month>
							<month type="7">juli</month>
							<month type="8">augustusi</month>
							<month type="9">septemberi</month>
							<month type="10">oktoberi</month>
							<month type="11">novemberi</month>
							<month type="12">decemberi</month>
						</monthWidth>
					</monthContext>
				</months>
				<days>
					<dayContext type="format">
						<dayWidth type="abbreviated">
							<day type="sun">sab</day>
							<day type="mon">ata</day>
							<day type="tue">mar</day>
							<day type="wed">pin</day>
							<day type="thu">sis</day>
							<day type="fri">tal</day>
							<day type="sat">arf</day>
						</dayWidth>
						<dayWidth type="wide">
							<day type="sun">sabaat</day>
							<day type="mon">ataasinngorneq</day>
							<day type="tue">marlunngorneq</day>
							<day type="wed">pingasunngorneq</day>
							<day type="thu">sisamanngorneq</day>
							<day type="fri">tallimanngorneq</day>
							<day type="sat">arfininngorneq</day>
						</dayWidth>
					</dayContext>
				</days>
			</calendar>
		</calendars>
	</dates>
	<numbers>
		<symbols>
			<decimal>,</decimal>
			<group>.</group>
		</symbols>
		<currencies>
			<currency type="DKK">
				<symbol>kr</symbol>
			</currency>
		</currencies>
	</numbers>
</ldml>

