<?xml version="1.0" encoding="UTF-8" ?>
<!DOCTYPE ldml SYSTEM "http://www.unicode.org/cldr/dtd/1.4/ldml.dtd">
<ldml>
	<identity>
		<version number="$Revision: 1.45 $"/>
		<generation date="$Date: 2006/07/11 19:26:44 $"/>
		<language type="ko"/>
		<territory type="KR"/>
	</identity>
	<localeDisplayNames>
		<languages>
			<language type="ae" draft="provisional">아베스타어</language>
			<language type="ain" draft="provisional">아이누어</language>
			<language type="alg" draft="provisional">알공킨어족</language>
			<language type="alt" draft="provisional">남부 알타이어</language>
			<language type="ang" draft="provisional">영어 (고대) (450년-1100년경)</language>
			<language type="ath" draft="provisional">아타파스카어군</language>
			<language type="aus" draft="provisional">오스트레일리아어족</language>
			<language type="bai" draft="provisional">바밀레케어족</language>
			<language type="bra" draft="provisional">브라지어</language>
			<language type="ce" draft="provisional">체첸어</language>
			<language type="chk" draft="provisional">추크어</language>
			<language type="cmc" draft="provisional">참어군</language>
			<language type="cpe" draft="provisional">크리올어 및 피진어 (영어를 기반으로 한 기타)</language>
			<language type="cpf" draft="provisional">크리올어 및 피진어 (프랑스어를 기반으로 한 기타)</language>
			<language type="cpp" draft="provisional">크리올어 및 피진어 (포르투갈어를 기반으로 한 기타)</language>
			<language type="crp" draft="provisional">크리올어 및 피진어 (기타)</language>
			<language type="cu" draft="provisional">교회 슬라브어</language>
			<language type="cus" draft="provisional">쿠시어파 (기타)</language>
			<language type="dsb" draft="provisional">소르비아어 (저지)</language>
			<language type="dum" draft="provisional">네덜란드 (중세) (1050년-1350년경)</language>
			<language type="dz" draft="provisional">종카어</language>
			<language type="fa" draft="provisional">페르시아어</language>
			<language type="frm" draft="provisional">프랑스어 (중세) (1400년-1600년경)</language>
			<language type="fro" draft="provisional">프랑스어 (고대) (842년-1400년경)</language>
			<language type="gd" draft="provisional">스코틀랜드 게일어</language>
			<language type="gmh" draft="provisional">독일어 (중세 고지) (1050년-1500년경)</language>
			<language type="goh" draft="provisional">독일어 (고대 고지) (750년-1050년경)</language>
			<language type="hsb" draft="provisional">소르비아어 (고지)</language>
			<language type="hz" draft="provisional">헤레로어</language>
			<language type="ii" draft="provisional">쓰촨 이어</language>
			<language type="kho" draft="provisional">호탄어</language>
			<language type="kmb" draft="provisional">킴분두어</language>
			<language type="kn" draft="provisional">칸나다어</language>
			<language type="kpe" draft="provisional">크펠레어</language>
			<language type="mad" draft="provisional">마두라어</language>
			<language type="mwl" draft="provisional">미란데어</language>
			<language type="nds" draft="provisional">저지 독일어; 저지 색슨어</language>
			<language type="new" draft="provisional">네와르어</language>
			<language type="nwc" draft="provisional">네와르어 (고전)</language>
			<language type="oc" draft="provisional">오크어 (1500년 이후); 프로방스어</language>
			<language type="pal" draft="provisional">팔레비어</language>
			<language type="peo" draft="provisional">페르시아 (고대) (BC 600년-BC 400년경)</language>
			<language type="pro" draft="provisional">프로방스어 (고대) (1500년 이전)</language>
			<language type="pt" draft="provisional">포르투갈어</language>
			<language type="rar" draft="provisional">라로통가어</language>
			<language type="rn" draft="provisional">룬디어</language>
			<language type="root" draft="provisional">어근</language>
			<language type="scn" draft="provisional">시칠리아어</language>
			<language type="srn" draft="provisional">스라난 통가어</language>
			<language type="srr" draft="provisional">세레르어</language>
			<language type="st" draft="provisional">소토어 (남부)</language>
			<language type="tlh" draft="provisional">클링온어</language>
			<language type="to" draft="provisional">통아어 (통아 제도)</language>
			<language type="tut" draft="provisional">알타이어족 (기타)</language>
		</languages>
		<scripts>
			<script type="Bali" draft="provisional">발리어</script>
			<script type="Batk" draft="provisional">바타크어</script>
			<script type="Blis" draft="provisional">블리스 상징</script>
			<script type="Brah" draft="provisional">브라미</script>
			<script type="Brai" draft="provisional">브라유 점자</script>
			<script type="Bugi" draft="provisional">부기어</script>
			<script type="Cham" draft="provisional">칸 고어</script>
			<script type="Cirt" draft="provisional">키르쓰</script>
			<script type="Cyrs" draft="provisional">키릴어 (고대 교회 슬라브어 변형)</script>
			<script type="Deva" draft="provisional">데바나가리</script>
			<script type="Egyd" draft="provisional">고대 이집트 민간 문자</script>
			<script type="Egyh" draft="provisional">고대 이집트 신관 문자</script>
			<script type="Egyp" draft="provisional">고대 이집트 상형 문자</script>
			<script type="Geor" draft="provisional">그루지야어</script>
			<script type="Glag" draft="provisional">글라골 문자</script>
			<script type="Hang" draft="provisional">한글</script>
			<script type="Hrkt" draft="provisional">가타카나 또는 히라카나</script>
			<script type="Hung" draft="provisional">고대 헝가리어</script>
			<script type="Inds" draft="provisional">인더스 (하라파어)</script>
			<script type="Java" draft="provisional">자바어</script>
			<script type="Latf" draft="provisional">라틴어 (독일어 변형)</script>
			<script type="Latg" draft="provisional">라틴어 (게일어 변형)</script>
			<script type="Lepc" draft="provisional">렙차어 (롱어)</script>
			<script type="Lina" draft="provisional">선형 문자 A</script>
			<script type="Maya" draft="provisional">마야 상형 문자</script>
			<script type="Mero" draft="provisional">메로에 문자</script>
			<script type="Ogam" draft="provisional">오검 문자</script>
			<script type="Orkh" draft="provisional">오르콘</script>
			<script type="Perm" draft="provisional">고대 페름어</script>
			<script type="Phag" draft="provisional">파스파 문자</script>
			<script type="Phnx" draft="provisional">페니키아 문자</script>
			<script type="Plrd" draft="provisional">폴라드 표음 문자</script>
			<script type="Roro" draft="provisional">롱고롱고</script>
			<script type="Sara" draft="provisional">사라티</script>
			<script type="Syre" draft="provisional">시리아어 (에스트랑겔라 변형)</script>
			<script type="Syrj" draft="provisional">시리아어 (서부어 변형)</script>
			<script type="Syrn" draft="provisional">시리아어 (동부어 변형)</script>
			<script type="Teng" draft="provisional">탱과르</script>
			<script type="Tfng" draft="provisional">티피나르 (베르베르어)</script>
			<script type="Vaii" draft="provisional">바이어</script>
			<script type="Visp" draft="provisional">시화법</script>
			<script type="Xpeo" draft="provisional">고대 페르시아어</script>
			<script type="Xsux" draft="provisional">수메르-아카드어 설형문자</script>
		</scripts>
		<territories>
			<territory type="001">세계</territory>
			<territory type="002">아프리카</territory>
			<territory type="005">남아메리카[남미]</territory>
			<territory type="009">오세아니아, 대양주</territory>
			<territory type="011" draft="provisional">서부 아프리카</territory>
			<territory type="013" draft="provisional">중앙 아메리카</territory>
			<territory type="014" draft="provisional">동부 아프리카</territory>
			<territory type="015" draft="provisional">북부 아프리카</territory>
			<territory type="017" draft="provisional">중부 아프리카</territory>
			<territory type="018" draft="provisional">남부 아프리카</territory>
			<territory type="019" draft="provisional">아메리카 대륙</territory>
			<territory type="021" draft="provisional">북아메리카</territory>
			<territory type="029" draft="provisional">카리브 해 제도</territory>
			<territory type="030" draft="provisional">동아시아</territory>
			<territory type="034" draft="provisional">남아시아</territory>
			<territory type="035" draft="provisional">동남 아시아</territory>
			<territory type="039" draft="provisional">남유럽</territory>
			<territory type="053" draft="provisional">오스트레일리아와 뉴질랜드</territory>
			<territory type="054" draft="provisional">멜라네시아</territory>
			<territory type="057" draft="provisional">미크로네시아 지역</territory>
			<territory type="061" draft="provisional">폴리네시아</territory>
			<territory type="142">아시아</territory>
			<territory type="143" draft="provisional">중앙 아시아</territory>
			<territory type="145" draft="provisional">서아시아</territory>
			<territory type="150">유럽</territory>
			<territory type="151" draft="provisional">동유럽</territory>
			<territory type="154" draft="provisional">북유럽</territory>
			<territory type="155" draft="provisional">서유럽</territory>
			<territory type="172" draft="provisional">독립 국가 연합</territory>
			<territory type="419" draft="provisional">라틴 아메리카 및 카리브 해 제도</territory>
			<territory type="CF" draft="provisional">중앙 아프리카 공화국</territory>
			<territory type="MK" draft="provisional">마케도니아</territory>
			<territory type="PT" draft="provisional">포르투갈</territory>
			<territory type="QO" draft="provisional">오세아니아 외곽</territory>
			<territory type="SB" draft="provisional">솔로몬 제도</territory>
			<territory type="ZA" draft="provisional">남아프리카 공화국</territory>
		</territories>
	</localeDisplayNames>
	<delimiters>
		<quotationStart>‘</quotationStart>
		<quotationEnd>’</quotationEnd>
		<alternateQuotationStart>“</alternateQuotationStart>
		<alternateQuotationEnd>”</alternateQuotationEnd>
	</delimiters>
	<dates>
		<calendars>
			<calendar type="gregorian">
				<timeFormats>
					<timeFormatLength type="medium">
						<timeFormat>
							<pattern>a h:mm:ss</pattern>
						</timeFormat>
					</timeFormatLength>
					<timeFormatLength type="short">
						<timeFormat>
							<pattern>a h:mm</pattern>
						</timeFormat>
					</timeFormatLength>
				</timeFormats>
				<dateTimeFormats>
					<availableFormats>
						<dateFormatItem id="yyQ" draft="provisional">yy'년도 제'Q'사분기'</dateFormatItem>
					</availableFormats>
				</dateTimeFormats>
			</calendar>
		</calendars>
		<timeZoneNames>
			<zone type="America/Halifax">
				<long>
					<daylight draft="provisional">대서양 서머타임</daylight>
				</long>
			</zone>
			<zone type="America/St_Johns">
				<long>
					<daylight draft="provisional">뉴펀들랜드 서머타임</daylight>
				</long>
				<short>
					<standard draft="provisional">NST</standard>
					<daylight draft="provisional">NDT</daylight>
				</short>
			</zone>
			<zone type="Asia/Shanghai">
				<long>
					<daylight draft="provisional">중국 서머타임</daylight>
				</long>
			</zone>
			<zone type="Europe/Paris">
				<long>
					<daylight draft="provisional">중부유럽 서머타임</daylight>
				</long>
				<short>
					<daylight draft="provisional">CEDT</daylight>
				</short>
			</zone>
			<zone type="Asia/Jerusalem">
				<long>
					<daylight draft="provisional">이스라엘 서머타임</daylight>
				</long>
			</zone>
			<zone type="Asia/Tokyo">
				<long>
					<daylight draft="provisional">일본 서머타임</daylight>
				</long>
				<short>
					<daylight draft="provisional">JDT</daylight>
				</short>
			</zone>
			<zone type="Asia/Seoul">
				<long>
					<standard draft="provisional">한국 표준시</standard>
					<daylight draft="provisional">한국 서머타임</daylight>
				</long>
				<short>
					<daylight draft="provisional">KDT</daylight>
				</short>
			</zone>
			<zone type="Africa/Casablanca">
				<long>
					<daylight draft="provisional">그리니치 서머타임</daylight>
				</long>
			</zone>
			<zone type="Europe/Bucharest">
				<long>
					<daylight draft="provisional">동부유럽 서머타임</daylight>
				</long>
			</zone>
			<zone type="Pacific/Honolulu">
				<long>
					<daylight draft="provisional">하와이 서머타임</daylight>
				</long>
				<short>
					<daylight draft="provisional">HDT</daylight>
				</short>
			</zone>
			<zone type="America/Anchorage">
				<long>
					<daylight draft="provisional">알래스카 서머타임</daylight>
				</long>
				<short>
					<standard draft="provisional">AKST</standard>
					<daylight draft="provisional">AKDT</daylight>
				</short>
			</zone>
			<zone type="America/Los_Angeles">
				<long>
					<daylight draft="provisional">태평양 서머타임</daylight>
				</long>
			</zone>
			<zone type="America/Denver">
				<long>
					<daylight draft="provisional">산악 서머타임</daylight>
				</long>
			</zone>
			<zone type="America/Chicago">
				<long>
					<daylight draft="provisional">중부 서머타임</daylight>
				</long>
			</zone>
			<zone type="America/New_York">
				<long>
					<daylight draft="provisional">동부 서머타임</daylight>
				</long>
			</zone>
		</timeZoneNames>
	</dates>
	<numbers>
		<currencyFormats>
			<currencyFormatLength>
				<currencyFormat>
					<pattern>¤#,##0.00</pattern>
				</currencyFormat>
			</currencyFormatLength>
		</currencyFormats>
		<currencies>
			<currency type="AED">
				<displayName draft="provisional">아랍에미레이트 디르함</displayName>
			</currency>
			<currency type="ANG">
				<displayName draft="provisional">네덜란드 앤티리언 길더</displayName>
			</currency>
			<currency type="AON">
				<displayName draft="provisional">앙골라 신콴자 (1990-2000)</displayName>
			</currency>
			<currency type="AUD">
				<symbol draft="provisional">A$</symbol>
			</currency>
			<currency type="BBD">
				<symbol draft="provisional">Bds$</symbol>
			</currency>
			<currency type="BMD">
				<symbol draft="provisional">BM$</symbol>
			</currency>
			<currency type="BND">
				<symbol draft="provisional">B$</symbol>
			</currency>
			<currency type="BRL">
				<symbol draft="provisional">R$</symbol>
			</currency>
			<currency type="BSD">
				<symbol draft="provisional">BSD</symbol>
			</currency>
			<currency type="BZD">
				<symbol draft="provisional">BZ$</symbol>
			</currency>
			<currency type="CAD">
				<symbol draft="provisional">Can$</symbol>
			</currency>
			<currency type="CHF">
				<displayName draft="provisional">스위스 프랑</displayName>
			</currency>
			<currency type="CLP">
				<symbol draft="provisional">Ch$</symbol>
			</currency>
			<currency type="CNY">
				<symbol draft="provisional">¥</symbol>
			</currency>
			<currency type="COP">
				<symbol draft="provisional">Col$</symbol>
			</currency>
			<currency type="CSD">
				<displayName draft="provisional">세르비아 디나르</displayName>
			</currency>
			<currency type="CYP">
				<symbol draft="provisional">￡C</symbol>
			</currency>
			<currency type="DOP">
				<symbol draft="provisional">RD$</symbol>
			</currency>
			<currency type="FJD">
				<symbol draft="provisional">FJ$</symbol>
			</currency>
			<currency type="FRF">
				<symbol draft="provisional">₣</symbol>
			</currency>
			<currency type="GHC">
				<symbol draft="provisional">￠</symbol>
			</currency>
			<currency type="GYD">
				<symbol draft="provisional">G$</symbol>
			</currency>
			<currency type="HKD">
				<symbol draft="provisional">HK$</symbol>
			</currency>
			<currency type="ITL">
				<symbol draft="provisional">₤</symbol>
			</currency>
			<currency type="KPW">
				<symbol draft="provisional">₩</symbol>
			</currency>
			<currency type="LSM">
				<displayName draft="provisional">로티</displayName>
			</currency>
			<currency type="SGD">
				<symbol draft="provisional">S$</symbol>
			</currency>
			<currency type="SRD">
				<displayName draft="provisional">수리남 달러</displayName>
			</currency>
			<currency type="TOP">
				<displayName draft="provisional">통가 파앙가</displayName>
			</currency>
			<currency type="TRL">
				<displayName draft="provisional">터키 리라</displayName>
			</currency>
			<currency type="TWD">
				<symbol draft="provisional">NT$</symbol>
			</currency>
			<currency type="XAF">
				<displayName draft="provisional">CFA 프랑 BEAC</displayName>
			</currency>
			<currency type="XAG">
				<displayName draft="provisional">은화</displayName>
			</currency>
			<currency type="XBA">
				<displayName draft="provisional">유르코 (유럽 회계 단위)</displayName>
			</currency>
			<currency type="XBB">
				<displayName draft="provisional">유럽 통화 동맹</displayName>
			</currency>
			<currency type="XBC">
				<displayName draft="provisional">유럽 계산 단위 (XBC)</displayName>
			</currency>
			<currency type="XBD">
				<displayName draft="provisional">유럽 계산 단위 (XBD)</displayName>
			</currency>
			<currency type="XOF">
				<displayName draft="provisional">CFA 프랑 BCEAO</displayName>
			</currency>
			<currency type="XPD">
				<displayName draft="provisional">팔라듐</displayName>
			</currency>
			<currency type="XPF">
				<displayName draft="provisional">CFP 프랑</displayName>
			</currency>
			<currency type="XPT">
				<displayName draft="provisional">백금</displayName>
			</currency>
		</currencies>
	</numbers>
	<references>
		<reference type="RP15" draft="provisional">Language: Bamileke Languages ( Change from &quot;바미레케어&quot; to &quot;바밀레케어족&quot; )</reference>
	</references>
</ldml>
<!-- Old Comments. See root.xml for more info.
URL: http://oss.software.ibm.com/cvs/icu/icu/source/data/locales/ko_KR.txt?only_with_tag=final-update-LDML

Countries {
KR { "\uB300\uD55C\uBBFC\uAD6D" }
KP { "\uC870\uC120 \uBBFC\uC8FC\uC8FC\uC758 \uC778\uBBFC \uACF5\uD654\uAD6D" }
US { "\uBBF8\uAD6D" }
JP { "\uC77C\uBCF8" }
GB { "\uC601\uAD6D" }
DE { "\uB3C5\uC77C" }
FR { "\uD504\uB791\uC2A4" }
CA { "\uCE90\uB098\uB2E4" }
}
Languages {
ko { "\uD55C\uAD6D\uC5B4" }
}
-->

