<?xml version="1.0" encoding="UTF-8" ?>
<!DOCTYPE ldml SYSTEM "http://www.unicode.org/cldr/dtd/1.4/ldml.dtd">
<ldml>
	<identity>
		<version number="$Revision: 1.42 $"/>
		<generation date="$Date: 2006/06/24 23:27:01 $"/>
		<language type="kok"/>
	</identity>
	<localeDisplayNames>
		<languages>
			<language type="aa">अफार</language>
			<language type="ab">अबखेज़ियन</language>
			<language type="af">अफ्रिकान्स</language>
			<language type="am">अमहारिक्</language>
			<language type="ar">अरेबिक्</language>
			<language type="as">असामी</language>
			<language type="ay">ऐमरा</language>
			<language type="az">अज़रबैजानी</language>
			<language type="ba">बष्किर</language>
			<language type="be">बैलोरुसियन्</language>
			<language type="bg">बल्गेरियन</language>
			<language type="bh">बीहारी</language>
			<language type="bi">बिसलमा</language>
			<language type="bn">बंगाली</language>
			<language type="bo">तिबेतियन</language>
			<language type="br">ब्रेटन</language>
			<language type="ca">कटलान</language>
			<language type="co">कोर्शियन</language>
			<language type="cs">ज़ेक्</language>
			<language type="cy">वेळ्ष्</language>
			<language type="da">डानिष</language>
			<language type="de">जर्मन</language>
			<language type="dz">भूटानी</language>
			<language type="el">ग्रीक्</language>
			<language type="en">आंग्ल</language>
			<language type="eo">इस्परान्टो</language>
			<language type="es">स्पानिष</language>
			<language type="et">इस्टोनियन्</language>
			<language type="eu">बास्क</language>
			<language type="fa">पर्षियन्</language>
			<language type="fi">फिन्निष्</language>
			<language type="fj">फिजी</language>
			<language type="fo">फेरोस्</language>
			<language type="fr">फ्रेन्च</language>
			<language type="fy">फ्रिशियन्</language>
			<language type="ga">ऐरिष</language>
			<language type="gd">स्काटस् गेलिक्</language>
			<language type="gl">गेलीशियन</language>
			<language type="gn">गौरानी</language>
			<language type="gu">गुजराती</language>
			<language type="ha">हौसा</language>
			<language type="he">हेब्रु</language>
			<language type="hi">हिन्दी</language>
			<language type="hr">क्रोयेषियन्</language>
			<language type="hu">हंगेरियन्</language>
			<language type="hy">आर्मीनियन्</language>
			<language type="ia">इन्टरलिंग्वा</language>
			<language type="id">इन्डोनेषियन</language>
			<language type="ie">इन्टरलिंग्</language>
			<language type="ik">इनूपेयाक्</language>
			<language type="is">आईस्लान्डिक</language>
			<language type="it">इटालियन</language>
			<language type="iu">इन्युकट्ट</language>
			<language type="ja">जापनीस्</language>
			<language type="jv">जावनीस्</language>
			<language type="ka">जार्जियन्</language>
			<language type="kk">कज़ख्</language>
			<language type="kl">ग्रीनलान्डिक</language>
			<language type="km">कंबोडियन</language>
			<language type="kn">कन्नडा</language>
			<language type="ko">कोरियन्</language>
			<language type="kok">कोंकणी</language>
			<language type="ks">कश्मीरी</language>
			<language type="ku">कुर्दिष</language>
			<language type="ky">किर्गिज़</language>
			<language type="la">लाटिन</language>
			<language type="ln">लिंगाला</language>
			<language type="lo">लाओतियन्</language>
			<language type="lt">लिथुआनियन्</language>
			<language type="lv">लाट्वियन् (लेट्टिष्)</language>
			<language type="mg">मलागसी</language>
			<language type="mi">माओरी</language>
			<language type="mk">मसीडोनियन्</language>
			<language type="ml">मळियाळम</language>
			<language type="mn">मंगोलियन्</language>
			<language type="mo">मोल्डावियन्</language>
			<language type="mr">मराठी</language>
			<language type="ms">मलय</language>
			<language type="mt">मालतीस्</language>
			<language type="my">बर्मीज़्</language>
			<language type="na">नौरो</language>
			<language type="ne">नेपाळी</language>
			<language type="nl">डच्</language>
			<language type="no">नोर्वेजियन</language>
			<language type="oc">ओसिटान्</language>
			<language type="om">ओरोमो (अफान)</language>
			<language type="or">ओरिया</language>
			<language type="pa">पंजाबी</language>
			<language type="pl">पोलिष</language>
			<language type="ps">पाष्टो (पुष्टो)</language>
			<language type="pt">पोर्चुगीज़्</language>
			<language type="qu">क्वेच्वा</language>
			<language type="rm">रहटो-रोमान्स्</language>
			<language type="rn">किरुन्दी</language>
			<language type="ro">रोमानियन्</language>
			<language type="ru">रष्यन्</language>
			<language type="rw">किन्यार्वान्डा</language>
			<language type="sa">संस्कृत</language>
			<language type="sd">सिंधी</language>
			<language type="sg">सांग्रो</language>
			<language type="sh">सेर्बो-क्रोयेषियन्</language>
			<language type="si">सिन्हलीस्</language>
			<language type="sk">स्लोवाक</language>
			<language type="sl">स्लोवेनियन्</language>
			<language type="sm">समोन</language>
			<language type="sn">शोना</language>
			<language type="so">सोमाळी</language>
			<language type="sq">आल्बेनियन्</language>
			<language type="sr">सेर्बियन्</language>
			<language type="ss">सिस्वाती</language>
			<language type="st">सेसोथो</language>
			<language type="su">सुंदनीस</language>
			<language type="sv">स्वीदीष</language>
			<language type="sw">स्वाहिली</language>
			<language type="ta">तमिळ</language>
			<language type="te">तेलुगू</language>
			<language type="tg">तजिक</language>
			<language type="th">थाई</language>
			<language type="ti">तिग्रिन्या</language>
			<language type="tk">तुर्कमन</language>
			<language type="tl">तगालोग</language>
			<language type="tn">सेत्स्वाना</language>
			<language type="to">तोंगा</language>
			<language type="tr">तुर्किष</language>
			<language type="ts">त्सोगा</language>
			<language type="tt">तटार</language>
			<language type="tw">त्वि</language>
			<language type="ug">उधूर</language>
			<language type="uk">युक्रेनियन्</language>
			<language type="ur">उर्दू</language>
			<language type="uz">उज़बेक</language>
			<language type="vi">वियत्नामीज़</language>
			<language type="vo">ओलापुक</language>
			<language type="wo">उलोफ़</language>
			<language type="xh">झ़ौसा</language>
			<language type="yi">इद्दिष्</language>
			<language type="yo">यूरुबा</language>
			<language type="za">झ्हुन्ग</language>
			<language type="zh">चीनीस्</language>
			<language type="zu">जुलू</language>
		</languages>
		<territories>
			<territory type="IN">भारत</territory>
		</territories>
	</localeDisplayNames>
	<characters>
		<exemplarCharacters>[़ ँ-ः ०-९ ॐ अ-ऍ ए-ऑ ओ-क {क़} ख {ख़} ग {ग़} घ-ज {ज़} झ-ड {ड़} ढ {ढ़} ण-न प फ {फ़} ब-य {य़} र ल ळ व-ह ऽ-ॅ े-ॉ ो-्]</exemplarCharacters>
		<exemplarCharacters type="auxiliary">[\u200C \u200D]</exemplarCharacters>
	</characters>
	<dates>
		<calendars>
			<calendar type="gregorian">
				<months>
					<monthContext type="format">
						<monthWidth type="abbreviated">
							<month type="1">जानेवारी</month>
							<month type="2">फेबृवारी</month>
							<month type="3">मार्च</month>
							<month type="4">एप्रिल</month>
							<month type="5">मे</month>
							<month type="6">जून</month>
							<month type="7">जुलै</month>
							<month type="8">ओगस्ट</month>
							<month type="9">सेप्टेंबर</month>
							<month type="10">ओक्टोबर</month>
							<month type="11">नोव्हेंबर</month>
							<month type="12">डिसेंबर</month>
						</monthWidth>
						<monthWidth type="wide">
							<month type="1">जानेवारी</month>
							<month type="2">फेब्रुवारी</month>
							<month type="3">मार्च</month>
							<month type="4">एप्रिल</month>
							<month type="5">मे</month>
							<month type="6">जून</month>
							<month type="7">जुलै</month>
							<month type="8">ओगस्ट</month>
							<month type="9">सेप्टेंबर</month>
							<month type="10">ओक्टोबर</month>
							<month type="11">नोव्हेंबर</month>
							<month type="12">डिसेंबर</month>
						</monthWidth>
					</monthContext>
				</months>
				<days>
					<dayContext type="format">
						<dayWidth type="abbreviated">
							<day type="sun">रवि</day>
							<day type="mon">सोम</day>
							<day type="tue">मंगळ</day>
							<day type="wed">बुध</day>
							<day type="thu">गुरु</day>
							<day type="fri">शुक्र</day>
							<day type="sat">शनि</day>
						</dayWidth>
						<dayWidth type="wide">
							<day type="sun">आदित्यवार</day>
							<day type="mon">सोमवार</day>
							<day type="tue">मंगळार</day>
							<day type="wed">बुधवार</day>
							<day type="thu">गुरुवार</day>
							<day type="fri">शुक्रवार</day>
							<day type="sat">शनिवार</day>
						</dayWidth>
					</dayContext>
				</days>
				<am>म.पू.</am>
				<pm>म.नं.</pm>
				<eras>
					<eraAbbr>
						<era type="0">क्रिस्तपूर्व</era>
						<era type="1">क्रिस्तशखा</era>
					</eraAbbr>
				</eras>
			</calendar>
		</calendars>
		<timeZoneNames>
			<zone type="Asia/Calcutta">
				<long>
					<standard>भारतीय समय</standard>
					<daylight>भारतीय समय</daylight>
				</long>
				<short>
					<standard>IST</standard>
					<daylight>IST</daylight>
				</short>
			</zone>
		</timeZoneNames>
	</dates>
	<numbers>
		<currencies>
			<currency type="INR">
				<symbol>रु</symbol>
			</currency>
		</currencies>
	</numbers>
</ldml>
<!-- Old Comments. See root.xml for more info.
URL: http://oss.software.ibm.com/cvs/icu/icu/source/data/locales/kok.txt?only_with_tag=final-update-LDML

jw { "\u091c\u093e\u0935\u0928\u0940\u0938\u094d" } // Use jv instead
ki { "\u0915\u094b\u0902\u0915\u0923\u0940" }
"\u2030",
"\u221e",
"\ufffd"
}
        "Deva"        // ISO 15924 Name 
Currency display names
-->

