<?xml version="1.0" encoding="UTF-8" ?>
<!DOCTYPE ldml SYSTEM "http://www.unicode.org/cldr/dtd/1.4/ldml.dtd">
<ldml>
	<identity>
		<version number="$Revision: 1.7 $"/>
		<generation date="$Date: 2006/06/24 23:27:01 $"/>
		<language type="ku"/>
		<script type="Arab"/>
	</identity>
	<characters>
		<exemplarCharacters>[ئ-ب پ ت ج چ ح-د ر ز ڕ ژ س ش ع غ ف ڤ ق ک گ ل ڵ م-ه ھ و ۆ ی ێ]</exemplarCharacters>
		<exemplarCharacters type="auxiliary">[ً-ْ ء-ة ث ذ ص-ظ ك ى ي]</exemplarCharacters>
	</characters>
</ldml>

