<?xml version="1.0" encoding="UTF-8" ?>
<!DOCTYPE ldml SYSTEM "http://www.unicode.org/cldr/dtd/1.4/ldml.dtd">
<ldml>
	<identity>
		<version number="$Revision: 1.29 $"/>
		<generation date="$Date: 2006/06/24 23:27:01 $"/>
		<language type="lo"/>
		<territory type="LA"/>
	</identity>
	<delimiters>
		<quotationStart draft="unconfirmed">'</quotationStart>
		<quotationEnd draft="unconfirmed">'</quotationEnd>
		<alternateQuotationStart draft="unconfirmed">&quot;</alternateQuotationStart>
		<alternateQuotationEnd draft="unconfirmed">&quot;</alternateQuotationEnd>
	</delimiters>
	<numbers>
		<currencyFormats>
			<currencyFormatLength>
				<currencyFormat>
					<pattern draft="unconfirmed">¤#,##0.00;¤-#,##0.00</pattern>
				</currencyFormat>
			</currencyFormatLength>
		</currencyFormats>
	</numbers>
</ldml>

