<?xml version="1.0" encoding="UTF-8" ?>
<!DOCTYPE ldml SYSTEM "http://www.unicode.org/cldr/dtd/1.4/ldml.dtd">
<ldml>
	<identity>
		<version number="$Revision: 1.40 $"/>
		<generation date="$Date: 2006/06/28 01:23:33 $"/>
		<language type="lt"/>
		<territory type="LT"/>
	</identity>
	<localeDisplayNames>
		<languages>
			<language type="ab">Abchazų</language>
			<language type="ady">Adygėjų</language>
			<language type="ale">Aleutų</language>
			<language type="ang">Senoji anglų (450-1100)</language>
			<language type="art">Dirbtinė (kita)</language>
			<language type="aus">Australų kalbos</language>
			<language type="az">Azerbaidžaniečių</language>
			<language type="ba">Baškirų</language>
			<language type="bat">Baltų (kita)</language>
			<language type="be">Baltarusių</language>
			<language type="ber">Berberų</language>
			<language type="bnt">Bantų</language>
			<language type="bo">Tibetiečių</language>
			<language type="br">Bretonų</language>
			<language type="bs">Bosnių</language>
			<language type="bua">Buriatų</language>
			<language type="ca">Katalonų</language>
			<language type="cai">Centrinės Amerikos indėnų (kita)</language>
			<language type="cau">Kaukaziečių (kita)</language>
			<language type="ce">Čečėnų</language>
			<language type="cel">Keltų (kita)</language>
			<language type="co">Korsikiečių</language>
			<language type="crh">Krymo turkų; Krymo totorių</language>
			<language type="cu">Bažnytinė slavų</language>
			<language type="cv">Čiuvašų</language>
			<language type="cy">Valų</language>
			<language type="eu">Baskų</language>
			<language type="fa">Persų</language>
			<language type="fiu">Finougrų (kita)</language>
			<language type="fro">Senoji prancūzų</language>
			<language type="fy">Fryzų</language>
			<language type="ga">Airių</language>
			<language type="gem">Germanų (kita)</language>
			<language type="got">Gotų</language>
			<language type="grc">Senovės graikų</language>
			<language type="hy">Armėnų</language>
			<language type="id">Indoneziečių</language>
			<language type="ine">Indoeuropiečių (kita)</language>
			<language type="inh">Ingušų</language>
			<language type="ira">Iraniečių</language>
			<language type="is">Islandų</language>
			<language type="ka">Gruzinų</language>
			<language type="kaa">Karakalpakų</language>
			<language type="kbd">Kabardinų</language>
			<language type="kk">Kazachų</language>
			<language type="km">Khmerų</language>
			<language type="ku">Kurdų</language>
			<language type="ky">Kirgizų</language>
			<language type="la">Lotynų</language>
			<language type="lb">Liuksemburgiečių</language>
			<language type="lez">Lezginų</language>
			<language type="mis">Įvairios kalbos</language>
			<language type="mk">Makedonų</language>
			<language type="mn">Mongolų</language>
			<language type="mo">Moldavų</language>
			<language type="ms">Malajų</language>
			<language type="mul">Kelios kalbos</language>
			<language type="nai">Šiaurės Amerikos indėnų (kita)</language>
			<language type="nap">Neapoliečių</language>
			<language type="os">Osetinų</language>
			<language type="paa">Papuasų (kita)</language>
			<language type="peo">Senoji persų</language>
			<language type="sa">Sanskritas</language>
			<language type="sah">Jakutų</language>
			<language type="sc">Sardiniečių</language>
			<language type="scn">Siciliečių</language>
			<language type="sco">Škotų</language>
			<language type="sga">Senoji airių</language>
			<language type="sla">Slavų (kita)</language>
			<language type="sq">Albanų</language>
			<language type="sr">Serbų</language>
			<language type="sux">Šumerų</language>
			<language type="ta">Tamilų</language>
			<language type="tk">Turkmėnų</language>
			<language type="tt">Totorių</language>
			<language type="tyv">Tuvių</language>
			<language type="udm">Udmurtų</language>
			<language type="uk">Ukrainiečių</language>
			<language type="und">Nenustatyta</language>
			<language type="uz">Uzbekų</language>
			<language type="vi">Vietnamiečių</language>
			<language type="vo">Volapiuk</language>
			<language type="wa">Valonų</language>
			<language type="xal">Kalmukų</language>
			<language type="yi">Jidiš</language>
		</languages>
		<scripts>
			<script type="Arab">Arabų</script>
			<script type="Armn">Armėnų</script>
			<script type="Beng">Bengalų</script>
			<script type="Cyrl">Kirilica</script>
			<script type="Cyrs">Kirilica (senasis bažnytinis variantas)</script>
			<script type="Egyp">Egipto hieroglifai</script>
			<script type="Ethi">Etiopų</script>
			<script type="Geor">Gruzinų</script>
			<script type="Goth">Gotų</script>
			<script type="Grek">Graikų</script>
			<script type="Hebr">Hebrajų</script>
			<script type="Hung">Senasis vengrų</script>
			<script type="Ital">Senasis italų</script>
			<script type="Kana">Katakana</script>
			<script type="Khmr">Khmerų</script>
			<script type="Latn">Lotynų</script>
			<script type="Mong">Mongolų</script>
			<script type="Runr">Runų</script>
		</scripts>
		<territories>
			<territory type="172">Nepriklausomų Valstybių Sandrauga</territory>
		</territories>
	</localeDisplayNames>
	<delimiters>
		<alternateQuotationStart>„</alternateQuotationStart>
		<alternateQuotationEnd>“</alternateQuotationEnd>
	</delimiters>
	<numbers>
		<currencyFormats>
			<currencyFormatLength>
				<currencyFormat>
					<pattern>#,##0.00 ¤</pattern>
				</currencyFormat>
			</currencyFormatLength>
		</currencyFormats>
	</numbers>
</ldml>

