<?xml version="1.0" encoding="UTF-8" ?>
<!DOCTYPE ldml SYSTEM "http://www.unicode.org/cldr/dtd/1.4/ldml.dtd">
<ldml>
	<identity>
		<version number="$Revision: 1.11 $"/>
		<generation date="$Date: 2006/06/28 01:23:33 $"/>
		<language type="ne"/>
	</identity>
	<characters>
		<exemplarCharacters>[ँ-ः ०-९ अ-ऋ ए ऐ ओ-न प-र ल व-ह ा-ृ े ै ो ौ]</exemplarCharacters>
		<exemplarCharacters type="auxiliary">[\u200C \u200D]</exemplarCharacters>
	</characters>
	<delimiters>
		<quotationStart draft="unconfirmed">'</quotationStart>
		<quotationEnd draft="unconfirmed">'</quotationEnd>
		<alternateQuotationStart draft="unconfirmed">&quot;</alternateQuotationStart>
		<alternateQuotationEnd draft="unconfirmed">&quot;</alternateQuotationEnd>
	</delimiters>
	<dates>
		<calendars>
			<calendar type="gregorian">
				<months>
					<monthContext type="format">
						<monthWidth type="abbreviated">
							<month type="1" draft="unconfirmed">जन</month>
							<month type="2" draft="unconfirmed">फेब</month>
							<month type="3" draft="unconfirmed">मार्च</month>
							<month type="4" draft="unconfirmed">अप्रि</month>
							<month type="5" draft="unconfirmed">मे</month>
							<month type="6" draft="unconfirmed">जुन</month>
							<month type="7" draft="unconfirmed">जुला</month>
							<month type="8" draft="unconfirmed">अग</month>
							<month type="9" draft="unconfirmed">सेप्ट</month>
							<month type="10" draft="unconfirmed">अक्टो</month>
							<month type="11" draft="unconfirmed">नोभे</month>
							<month type="12" draft="unconfirmed">डिसे</month>
						</monthWidth>
						<monthWidth type="wide">
							<month type="1">जनवरी</month>
							<month type="2" draft="unconfirmed">फेब्रुअरी</month>
							<month type="3" draft="unconfirmed">मार्च</month>
							<month type="4" draft="unconfirmed">अप्रिल</month>
							<month type="5" draft="unconfirmed">मे</month>
							<month type="6" draft="unconfirmed">जुन</month>
							<month type="7" draft="unconfirmed">जुलाई</month>
							<month type="8" draft="unconfirmed">अगस्त</month>
							<month type="9" draft="unconfirmed">सेप्टेम्बर</month>
							<month type="10" draft="unconfirmed">अक्टोबर</month>
							<month type="11" draft="unconfirmed">नोभेम्बर</month>
							<month type="12" draft="unconfirmed">डिसेम्बर</month>
						</monthWidth>
					</monthContext>
				</months>
				<days>
					<dayContext type="format">
						<dayWidth type="abbreviated">
							<day type="sun" draft="unconfirmed">आइत</day>
							<day type="mon" draft="unconfirmed">सोम</day>
							<day type="tue" draft="unconfirmed">मङ्गल</day>
							<day type="wed" draft="unconfirmed">बुध</day>
							<day type="thu" draft="unconfirmed">बिही</day>
							<day type="fri" draft="unconfirmed">शुक्र</day>
							<day type="sat" draft="unconfirmed">शनि</day>
						</dayWidth>
						<dayWidth type="wide">
							<day type="sun" draft="unconfirmed">आइतबार</day>
							<day type="mon" draft="unconfirmed">सोमबार</day>
							<day type="tue" draft="unconfirmed">मङ्गलबार</day>
							<day type="wed" draft="unconfirmed">बुधबार</day>
							<day type="thu" draft="unconfirmed">बिहीबार</day>
							<day type="fri" draft="unconfirmed">शुक्रबार</day>
							<day type="sat" draft="unconfirmed">शनिबार</day>
						</dayWidth>
					</dayContext>
				</days>
				<quarters>
					<quarterContext type="format">
						<quarterWidth type="wide">
							<quarter type="1" draft="unconfirmed">पहिलो सत्र</quarter>
							<quarter type="2" draft="unconfirmed">दोस्रो सत्र</quarter>
							<quarter type="3" draft="unconfirmed">तेस्रो सत्र</quarter>
							<quarter type="4" draft="unconfirmed">चौथो सत्र</quarter>
						</quarterWidth>
					</quarterContext>
				</quarters>
				<am draft="unconfirmed">पूर्वान्ह</am>
				<pm draft="unconfirmed">अपरान्ह</pm>
				<eras>
					<eraNames>
						<era type="0" draft="unconfirmed">ईसापूर्व</era>
						<era type="1" draft="unconfirmed">सन्</era>
					</eraNames>
					<eraAbbr>
						<era type="0" draft="unconfirmed">ईसापूर्व</era>
						<era type="1" draft="unconfirmed">सन्</era>
					</eraAbbr>
				</eras>
			</calendar>
		</calendars>
	</dates>
	<numbers>
		<currencies>
			<currency type="NPR">
				<symbol draft="unconfirmed">रू</symbol>
			</currency>
		</currencies>
	</numbers>
</ldml>

