<?xml version="1.0" encoding="UTF-8" ?>
<!DOCTYPE ldml SYSTEM "http://www.unicode.org/cldr/dtd/1.4/ldml.dtd">
<ldml>
	<identity>
		<version number="$Revision: 1.49 $"/>
		<generation date="$Date: 2006/07/11 19:33:34 $"/>
		<language type="nl"/>
		<territory type="BE"/>
	</identity>
	<localeDisplayNames>
		<languages>
			<language type="lv">Lets</language>
			<language type="oc">Occitaans (na 1500); Provençaals</language>
			<language type="sa">Sanskriet</language>
			<language type="sh">Servo-Kroatisch</language>
			<language type="ssa" draft="provisional">Nilo-Saharisch</language>
		</languages>
		<territories>
			<territory type="013" draft="provisional">Centraal-Amerika</territory>
			<territory type="143" draft="provisional">Centraal-Azië</territory>
			<territory type="172">Gemenebest van Onafhankelijke Staten</territory>
			<territory type="419" draft="provisional">Latijns-Amerika en de Caraïben</territory>
			<territory type="833">Het Eiland Man</territory>
			<territory type="KG" draft="provisional">Kirgizië</territory>
			<territory type="MV" draft="provisional">Malediven</territory>
			<territory type="SB" draft="provisional">Salomoneilanden</territory>
			<territory type="TZ" draft="provisional">Tanzanië</territory>
		</territories>
		<types>
			<type type="traditional" key="collation">Traditioneel</type>
		</types>
	</localeDisplayNames>
	<dates>
		<calendars>
			<calendar type="gregorian">
				<dateFormats>
					<dateFormatLength type="medium">
						<dateFormat>
							<pattern>d-MMM-yy</pattern>
						</dateFormat>
					</dateFormatLength>
					<dateFormatLength type="short">
						<dateFormat>
							<pattern>d/MM/yy</pattern>
						</dateFormat>
					</dateFormatLength>
				</dateFormats>
				<dateTimeFormats>
					<availableFormats>
						<dateFormatItem id="MMMd" draft="provisional">d-MMM</dateFormatItem>
						<dateFormatItem id="MMd" draft="provisional">d/MM</dateFormatItem>
						<dateFormatItem id="yyMM" draft="provisional">MM/yy</dateFormatItem>
						<dateFormatItem id="yyMMM" draft="provisional">MMM-yy</dateFormatItem>
					</availableFormats>
				</dateTimeFormats>
			</calendar>
		</calendars>
	</dates>
	<numbers>
		<currencyFormats>
			<currencyFormatLength>
				<currencyFormat>
					<pattern>#,##0.00 ¤</pattern>
				</currencyFormat>
			</currencyFormatLength>
		</currencyFormats>
		<currencies>
			<currency type="EEK">
				<symbol>Estlandse kroon</symbol>
			</currency>
			<currency type="LTL">
				<symbol>Litouwse litas</symbol>
			</currency>
			<currency type="LVL">
				<symbol>Letse lats</symbol>
			</currency>
			<currency type="RUB">
				<symbol>Russische roebel</symbol>
			</currency>
			<currency type="SIT">
				<symbol>Sloveense tolar</symbol>
			</currency>
			<currency type="THB">
				<symbol>Thaise baht</symbol>
			</currency>
			<currency type="TRY">
				<symbol>Nieuwe Turkse lire</symbol>
			</currency>
		</currencies>
	</numbers>
</ldml>

