<?xml version="1.0" encoding="UTF-8" ?>
<!DOCTYPE ldml SYSTEM "http://www.unicode.org/cldr/dtd/1.4/ldml.dtd">
<ldml>
	<identity>
		<version number="$Revision: 1.12 $"/>
		<generation date="$Date: 2006/06/28 01:23:33 $"/>
		<language type="nr"/>
	</identity>
	<characters>
		<exemplarCharacters draft="unconfirmed">[a-z]</exemplarCharacters>
	</characters>
	<delimiters>
		<quotationStart draft="unconfirmed">‘</quotationStart>
		<quotationEnd draft="unconfirmed">’</quotationEnd>
		<alternateQuotationStart draft="unconfirmed">“</alternateQuotationStart>
		<alternateQuotationEnd draft="unconfirmed">”</alternateQuotationEnd>
	</delimiters>
	<dates>
		<calendars>
			<calendar type="gregorian">
				<months>
					<monthContext type="format">
						<monthWidth type="abbreviated">
							<month type="1" draft="unconfirmed">Jan</month>
							<month type="2" draft="unconfirmed">Feb</month>
							<month type="3" draft="unconfirmed">Mat</month>
							<month type="4" draft="unconfirmed">Apr</month>
							<month type="5" draft="unconfirmed">Mey</month>
							<month type="6" draft="unconfirmed">Jun</month>
							<month type="7" draft="unconfirmed">Jul</month>
							<month type="8" draft="unconfirmed">Arh</month>
							<month type="9" draft="unconfirmed">Sep</month>
							<month type="10" draft="unconfirmed">Okt</month>
							<month type="11" draft="unconfirmed">Usi</month>
							<month type="12" draft="unconfirmed">Dis</month>
						</monthWidth>
						<monthWidth type="wide">
							<month type="1" draft="unconfirmed">Janabari</month>
							<month type="2" draft="unconfirmed">uFeberbari</month>
							<month type="3" draft="unconfirmed">uMatjhi</month>
							<month type="4" draft="unconfirmed">u-Apreli</month>
							<month type="5" draft="unconfirmed">Meyi</month>
							<month type="6" draft="unconfirmed">Juni</month>
							<month type="7" draft="unconfirmed">Julayi</month>
							<month type="8" draft="unconfirmed">Arhostosi</month>
							<month type="9" draft="unconfirmed">Septemba</month>
							<month type="10" draft="unconfirmed">Oktoba</month>
							<month type="11" draft="unconfirmed">Usinyikhaba</month>
							<month type="12" draft="unconfirmed">Disemba</month>
						</monthWidth>
					</monthContext>
				</months>
				<days>
					<dayContext type="format">
						<dayWidth type="abbreviated">
							<day type="sun" draft="unconfirmed">Son</day>
							<day type="mon" draft="unconfirmed">Mvu</day>
							<day type="tue" draft="unconfirmed">Bil</day>
							<day type="wed" draft="unconfirmed">Tha</day>
							<day type="thu" draft="unconfirmed">Ne</day>
							<day type="fri" draft="unconfirmed">Hla</day>
							<day type="sat" draft="unconfirmed">Gqi</day>
						</dayWidth>
						<dayWidth type="wide">
							<day type="sun" draft="unconfirmed">uSonto</day>
							<day type="mon" draft="unconfirmed">uMvulo</day>
							<day type="tue" draft="unconfirmed">uLesibili</day>
							<day type="wed" draft="unconfirmed">Lesithathu</day>
							<day type="thu" draft="unconfirmed">uLesine</day>
							<day type="fri" draft="unconfirmed">ngoLesihlanu</day>
							<day type="sat" draft="unconfirmed">umGqibelo</day>
						</dayWidth>
					</dayContext>
				</days>
				<eras>
					<eraNames>
						<era type="0" draft="unconfirmed">BC</era>
						<era type="1" draft="unconfirmed">AD</era>
					</eraNames>
					<eraAbbr>
						<era type="0" draft="unconfirmed">BC</era>
						<era type="1" draft="unconfirmed">AD</era>
					</eraAbbr>
				</eras>
			</calendar>
		</calendars>
	</dates>
	<numbers>
		<currencies>
			<currency type="ZAR">
				<symbol draft="unconfirmed">R</symbol>
			</currency>
		</currencies>
	</numbers>
</ldml>

