<?xml version="1.0" encoding="UTF-8" ?>
<!DOCTYPE ldml SYSTEM "http://www.unicode.org/cldr/dtd/1.4/ldml.dtd">
<ldml>
	<identity>
		<version number="$Revision: 1.40 $"/>
		<generation date="$Date: 2006/06/27 18:46:54 $"/>
		<language type="om"/>
	</identity>
	<localeDisplayNames>
		<languages>
			<language type="ar" draft="unconfirmed">Arabic</language>
			<language type="de" draft="unconfirmed">German</language>
			<language type="en" draft="unconfirmed">English</language>
			<language type="es" draft="unconfirmed">Spanish</language>
			<language type="fr" draft="unconfirmed">French</language>
			<language type="hi" draft="unconfirmed">Hindi</language>
			<language type="it" draft="unconfirmed">Italian</language>
			<language type="ja" draft="unconfirmed">Japanese</language>
			<language type="om">Oromoo</language>
			<language type="pt" draft="unconfirmed">Portuguese</language>
			<language type="ru" draft="unconfirmed">Russian</language>
			<language type="zh" draft="unconfirmed">Chinese</language>
		</languages>
		<scripts>
			<script type="Latn" draft="unconfirmed">Latin</script>
		</scripts>
		<territories>
			<territory type="BR" draft="unconfirmed">Brazil</territory>
			<territory type="CN" draft="unconfirmed">China</territory>
			<territory type="DE" draft="unconfirmed">Germany</territory>
			<territory type="ET">Itoophiyaa</territory>
			<territory type="FR" draft="unconfirmed">France</territory>
			<territory type="GB" draft="unconfirmed">United Kingdom</territory>
			<territory type="IN" draft="unconfirmed">India</territory>
			<territory type="IT" draft="unconfirmed">Italy</territory>
			<territory type="JP" draft="unconfirmed">Japan</territory>
			<territory type="KE">Keeniyaa</territory>
			<territory type="RU" draft="unconfirmed">Russia</territory>
			<territory type="US" draft="unconfirmed">United States</territory>
		</territories>
	</localeDisplayNames>
	<characters>
		<exemplarCharacters>[a-z]</exemplarCharacters>
	</characters>
	<dates>
		<calendars>
			<calendar type="gregorian">
				<months>
					<monthContext type="format">
						<monthWidth type="abbreviated">
							<month type="1">Ama</month>
							<month type="2">Gur</month>
							<month type="3">Bit</month>
							<month type="4">Elb</month>
							<month type="5">Cam</month>
							<month type="6">Wax</month>
							<month type="7">Ado</month>
							<month type="8">Hag</month>
							<month type="9">Ful</month>
							<month type="10">Onk</month>
							<month type="11">Sad</month>
							<month type="12">Mud</month>
						</monthWidth>
						<monthWidth type="wide">
							<month type="1">Amajjii</month>
							<month type="2">Guraandhala</month>
							<month type="3">Bitooteessa</month>
							<month type="4">Elba</month>
							<month type="5">Caamsa</month>
							<month type="6">Waxabajjii</month>
							<month type="7">Adooleessa</month>
							<month type="8">Hagayya</month>
							<month type="9">Fuulbana</month>
							<month type="10">Onkololeessa</month>
							<month type="11">Sadaasa</month>
							<month type="12">Muddee</month>
						</monthWidth>
					</monthContext>
					<monthContext type="stand-alone">
						<monthWidth type="narrow">
							<month type="1" draft="unconfirmed">J</month>
							<month type="2" draft="unconfirmed">F</month>
							<month type="3" draft="unconfirmed">M</month>
							<month type="4" draft="unconfirmed">A</month>
							<month type="5" draft="unconfirmed">M</month>
							<month type="6" draft="unconfirmed">J</month>
							<month type="7" draft="unconfirmed">J</month>
							<month type="8" draft="unconfirmed">A</month>
							<month type="9" draft="unconfirmed">S</month>
							<month type="10" draft="unconfirmed">O</month>
							<month type="11" draft="unconfirmed">N</month>
							<month type="12" draft="unconfirmed">D</month>
						</monthWidth>
					</monthContext>
				</months>
				<days>
					<dayContext type="format">
						<dayWidth type="abbreviated">
							<day type="sun">Dil</day>
							<day type="mon">Wix</day>
							<day type="tue">Qib</day>
							<day type="wed">Rob</day>
							<day type="thu">Kam</day>
							<day type="fri">Jim</day>
							<day type="sat">San</day>
						</dayWidth>
						<dayWidth type="wide">
							<day type="sun">Dilbata</day>
							<day type="mon">Wiixata</day>
							<day type="tue">Qibxata</day>
							<day type="wed">Roobii</day>
							<day type="thu">Kamiisa</day>
							<day type="fri">Jimaata</day>
							<day type="sat">Sanbata</day>
						</dayWidth>
					</dayContext>
					<dayContext type="stand-alone">
						<dayWidth type="narrow">
							<day type="sun" draft="unconfirmed">S</day>
							<day type="mon" draft="unconfirmed">M</day>
							<day type="tue" draft="unconfirmed">T</day>
							<day type="wed" draft="unconfirmed">W</day>
							<day type="thu" draft="unconfirmed">T</day>
							<day type="fri" draft="unconfirmed">F</day>
							<day type="sat" draft="unconfirmed">S</day>
						</dayWidth>
					</dayContext>
				</days>
				<eras>
					<eraAbbr>
						<era type="0">KD</era>
						<era type="1">KB</era>
					</eraAbbr>
				</eras>
			</calendar>
		</calendars>
	</dates>
	<numbers>
		<currencies>
			<currency type="BRL">
				<displayName draft="unconfirmed">Brazilian Real</displayName>
			</currency>
			<currency type="CNY">
				<displayName draft="unconfirmed">Chinese Yuan Renminbi</displayName>
			</currency>
			<currency type="ETB">
				<displayName draft="unconfirmed">Itoophiyaa Birrii</displayName>
			</currency>
			<currency type="EUR">
				<displayName draft="unconfirmed">Euro</displayName>
			</currency>
			<currency type="GBP">
				<displayName draft="unconfirmed">British Pound Sterling</displayName>
			</currency>
			<currency type="INR">
				<displayName draft="unconfirmed">Indian Rupee</displayName>
			</currency>
			<currency type="JPY">
				<displayName draft="unconfirmed">Japanese Yen</displayName>
			</currency>
			<currency type="KES">
				<symbol>Ksh</symbol>
			</currency>
			<currency type="RUB">
				<displayName draft="unconfirmed">Russian Ruble</displayName>
			</currency>
			<currency type="USD">
				<displayName draft="unconfirmed">US Dollar</displayName>
			</currency>
		</currencies>
	</numbers>
</ldml>
<!-- Old Comments. See root.xml for more info.
URL: http://oss.software.ibm.com/cvs/icu/icu/source/data/locales/om.txt?only_with_tag=final-update-LDML

* Oromo language locale.
* Contributed by Daniel Yacob <yacob@geez.org>
* Oromo terms are provided by Mahdi Hamid Muudee of Sagalee Oromoo
* Publishing Co. Inc and formatted in Posix format locale by Daniel Yacob of
* the Ge'ez Frontier Foundation.  The Oromo language terms used here
* are those considered to be canonical in the Oromo language under
* contemporary and progressive usage adopted by government bureaus
* across the Oromo region.  Regional synonyms naturally exist for many
* of the month and day names.
LanguageLibraryUse { "orm" }
Currency display names
        "Latn",  // ISO 15924 Name 
                "KD",  // KD = Kiristoos Dura = Before Christ
                "KB",  // KB = Kiristoos Booda = After Christ
-->

