<?xml version="1.0" encoding="UTF-8" ?>
<!DOCTYPE ldml SYSTEM "http://www.unicode.org/cldr/dtd/1.4/ldml.dtd">
<ldml>
	<identity>
		<version number="$Revision: 1.27 $"/>
		<generation date="$Date: 2006/06/28 16:30:20 $"/>
		<language type="or"/>
	</identity>
	<localeDisplayNames>
		<languages>
			<language type="or" draft="unconfirmed">ଓଡ଼ିଆ</language>
		</languages>
		<territories>
			<territory type="IN" draft="unconfirmed">ଭାରତ</territory>
		</territories>
	</localeDisplayNames>
	<characters>
		<exemplarCharacters>[ଅ-ଋ ଏ ଐ ଓ-ନ ପ-ର ଲ ଳ ଶ-ହ ୟ ୱ ଵ ଂ ଃ ଁ ୍ ଼ ା-ୃ େ ୈ ୋ ୌ]</exemplarCharacters>
		<exemplarCharacters type="auxiliary">[\u200C \u200D]</exemplarCharacters>
	</characters>
	<dates>
		<calendars>
			<calendar type="gregorian">
				<months>
					<monthContext type="format">
						<monthWidth type="wide">
							<month type="1" draft="unconfirmed">ଜାନୁଆରୀ</month>
							<month type="2" draft="unconfirmed">ଫେବ୍ରୁୟାରୀ</month>
							<month type="3" draft="unconfirmed">ମାର୍ଚ୍ଚ</month>
							<month type="4" draft="unconfirmed">ଅପ୍ରେଲ</month>
							<month type="5" draft="unconfirmed">ମେ</month>
							<month type="6" draft="unconfirmed">ଜୁନ</month>
							<month type="7" draft="unconfirmed">ଜୁଲାଇ</month>
							<month type="8" draft="unconfirmed">ଅଗଷ୍ଟ</month>
							<month type="9" draft="unconfirmed">ସେପ୍ଟେମ୍ବର</month>
							<month type="10" draft="unconfirmed">ଅକ୍ଟୋବର</month>
							<month type="11" draft="unconfirmed">ନଭେମ୍ବର</month>
							<month type="12" draft="unconfirmed">ଡିସେମ୍ବର</month>
						</monthWidth>
					</monthContext>
				</months>
				<days>
					<dayContext type="format">
						<dayWidth type="abbreviated">
							<day type="sun" draft="unconfirmed">ରବି</day>
							<day type="mon" draft="unconfirmed">ସୋମ</day>
							<day type="tue" draft="unconfirmed">ମଙ୍ଗଳ</day>
							<day type="wed" draft="unconfirmed">ବୁଧ</day>
							<day type="thu" draft="unconfirmed">ଗୁରୁ</day>
							<day type="fri" draft="unconfirmed">ଶୁକ୍ର</day>
							<day type="sat" draft="unconfirmed">ଶନି</day>
						</dayWidth>
						<dayWidth type="wide">
							<day type="sun" draft="unconfirmed">ରବିବାର</day>
							<day type="mon" draft="unconfirmed">ସୋମବାର</day>
							<day type="tue" draft="unconfirmed">ମଙ୍ଗଳବାର</day>
							<day type="wed" draft="unconfirmed">ବୁଧବାର</day>
							<day type="thu" draft="unconfirmed">ଗୁରୁବାର</day>
							<day type="fri" draft="unconfirmed">ଶୁକ୍ରବାର</day>
							<day type="sat" draft="unconfirmed">ଶନିବାର</day>
						</dayWidth>
					</dayContext>
				</days>
			</calendar>
		</calendars>
	</dates>
	<numbers>
		<symbols>
			<nativeZeroDigit draft="unconfirmed">୦</nativeZeroDigit>
		</symbols>
	</numbers>
</ldml>
<!-- Same as root.
	<week draft="true">
          <minDays count="1"></minDays>
          <firstDay day="sun"></firstDay>
          <weekendStart day="sat"></weekendStart>
          <weekendEnd day="sun"></weekendEnd>
        </week>
-->

