<?xml version="1.0" encoding="UTF-8" ?>
<!DOCTYPE ldml SYSTEM "http://www.unicode.org/cldr/dtd/1.4/ldml.dtd">
<ldml>
	<identity>
		<version number="$Revision: 1.45 $"/>
		<generation date="$Date: 2006/06/27 23:30:54 $"/>
		<language type="pa"/>
	</identity>
	<localeDisplayNames>
		<languages>
			<language type="pa">ਪੰਜਾਬੀ</language>
		</languages>
		<scripts>
			<script type="Deva" draft="unconfirmed">ਦੇਵਨਾਗਰੀ</script>
			<script type="Guru" draft="unconfirmed">ਗੁਰਮੁਖੀ</script>
		</scripts>
		<territories>
			<territory type="IN">ਭਾਰਤ</territory>
		</territories>
	</localeDisplayNames>
	<characters>
		<exemplarCharacters>[਼ ੰ ੱ ੦-੯ ੴ ੳ ਉ ਊ ਓ ਅ ਆ ਐ ਔ ੲ ਇ ਈ ਏ ਸ {ਸ਼} ਹ ਕ ਖ {ਖ਼} ਗ {ਗ਼} ਘ-ਜ {ਜ਼} ਝ-ਨ ਪ ਫ {ਫ਼} ਬ-ਰ ਲ ਵ ੜ ਾ-ੂ ੇ ੈ ੋ-੍]</exemplarCharacters>
		<exemplarCharacters type="auxiliary">[\u200C \u200D ਁ-ਃ {ਲ਼}]</exemplarCharacters>
		<exemplarCharacters alt="proposed-u211-1" draft="unconfirmed">[\u200C \u200D ਼ ਁ-ਃ ੰ ੱ ੦-੯ ੴ ੳ ਉ ਊ ਓ ਅ ਆ ਐ ਔ ੲ ਇ ਈ ਏ ਸ {ਸ਼} ਹ ਕ ਖ {ਖ਼} ਗ {ਗ਼} ਘ-ਜ {ਜ਼} ਝ-ਨ ਪ ਫ {ਫ਼} ਬ-ਰ ਲ {ਲ਼} ਵ ੜ ਾ-ੂ ੇ ੈ ੋ-੍]</exemplarCharacters>
	</characters>
	<dates>
		<calendars>
			<calendar type="gregorian">
				<months>
					<monthContext type="format">
						<monthWidth type="abbreviated">
							<month type="1">ਜਨਵਰੀ</month>
							<month type="2">ਫ਼ਰਵਰੀ</month>
							<month type="3">ਮਾਰਚ</month>
							<month type="4">ਅਪ੍ਰੈਲ</month>
							<month type="5">ਮਈ</month>
							<month type="6">ਜੂਨ</month>
							<month type="7">ਜੁਲਾਈ</month>
							<month type="8">ਅਗਸਤ</month>
							<month type="9">ਸਤੰਬਰ</month>
							<month type="10">ਅਕਤੂਬਰ</month>
							<month type="11">ਨਵੰਬਰ</month>
							<month type="12">ਦਸੰਬਰ</month>
						</monthWidth>
						<monthWidth type="wide">
							<month type="1">ਜਨਵਰੀ</month>
							<month type="2">ਫ਼ਰਵਰੀ</month>
							<month type="3">ਮਾਰਚ</month>
							<month type="4">ਅਪ੍ਰੈਲ</month>
							<month type="5">ਮਈ</month>
							<month type="6">ਜੂਨ</month>
							<month type="7">ਜੁਲਾਈ</month>
							<month type="8">ਅਗਸਤ</month>
							<month type="9">ਸਤੰਬਰ</month>
							<month type="10">ਅਕਤੂਬਰ</month>
							<month type="11">ਨਵੰਬਰ</month>
							<month type="12">ਦਸੰਬਰ</month>
						</monthWidth>
					</monthContext>
				</months>
				<days>
					<dayContext type="format">
						<dayWidth type="abbreviated">
							<day type="sun">ਐਤ.</day>
							<day type="mon">ਸੋਮ.</day>
							<day type="tue">ਮੰਗਲ.</day>
							<day type="wed">ਬੁਧ.</day>
							<day type="wed" alt="proposed-u211-1" draft="unconfirmed">ਬੁੱਧ.</day>
							<day type="thu">ਵੀਰ.</day>
							<day type="fri">ਸ਼ੁਕਰ.</day>
							<day type="fri" alt="proposed-u211-2" draft="unconfirmed">ਸ਼ੁੱਕਰ.</day>
							<day type="sat">ਸ਼ਨੀ.</day>
							<day type="sat" alt="proposed-u211-1" draft="unconfirmed">ਸ਼ਨਿੱਚਰ.</day>
						</dayWidth>
						<dayWidth type="wide">
							<day type="sun">ਐਤਵਾਰ</day>
							<day type="mon">ਸੋਮਵਾਰ</day>
							<day type="tue">ਮੰਗਲਵਾਰ</day>
							<day type="wed">ਬੁਧਵਾਰ</day>
							<day type="wed" alt="proposed-u211-1" draft="unconfirmed">ਬੁੱਧਵਾਰ</day>
							<day type="thu">ਵੀਰਵਾਰ</day>
							<day type="fri">ਸ਼ੁੱਕਰਵਾਰ</day>
							<day type="sat">ਸ਼ਨੀਚਰਵਾਰ</day>
							<day type="sat" alt="proposed-u211-1" draft="unconfirmed">ਸ਼ਨਿੱਚਰਵਾਰ</day>
						</dayWidth>
					</dayContext>
				</days>
				<quarters>
					<quarterContext type="format">
						<quarterWidth type="wide">
							<quarter type="1" draft="unconfirmed">ਪਹਿਲਾਂ ਚੌਥਾਈ</quarter>
							<quarter type="2" draft="unconfirmed">ਦੂਜਾ ਚੌਥਾਈ</quarter>
							<quarter type="3" draft="unconfirmed">ਤੀਜਾ ਚੌਥਾਈ</quarter>
							<quarter type="4" draft="unconfirmed">ਚੌਥਾ ਚੌਥਾਈ</quarter>
						</quarterWidth>
					</quarterContext>
				</quarters>
				<am>ਸਵੇਰੇ</am>
				<am alt="proposed-u211-1" draft="unconfirmed">ਸਵੇਰ</am>
				<pm>ਸ਼ਾਮ</pm>
				<eras>
					<!-- These era names look like abbreviations and not full names. -->
					<eraNames>
						<era type="0" draft="unconfirmed">ਈਸਾਪੂਰਵ</era>
						<era type="1" draft="unconfirmed">ਸੰਨ</era>
					</eraNames>
				</eras>
				<fields>
					<field type="year">
						<displayName draft="unconfirmed">ਸਾਲ</displayName>
					</field>
					<field type="month">
						<displayName draft="unconfirmed">ਮਹੀਨਾ</displayName>
					</field>
					<field type="week">
						<displayName draft="unconfirmed">ਹਫ਼ਤਾ</displayName>
					</field>
					<field type="day">
						<displayName draft="unconfirmed">ਦਿਨ</displayName>
					</field>
					<field type="weekday">
						<displayName draft="unconfirmed">ਹਫ਼ਤੇ ਦਾ ਦਿਨ</displayName>
					</field>
					<field type="hour">
						<displayName draft="unconfirmed">ਘੰਟਾ</displayName>
					</field>
					<field type="minute">
						<displayName draft="unconfirmed">ਮਿੰਟ</displayName>
					</field>
					<field type="zone">
						<displayName draft="unconfirmed">ਖੇਤਰ</displayName>
					</field>
				</fields>
			</calendar>
		</calendars>
	</dates>
	<numbers>
		<symbols>
			<nativeZeroDigit>੦</nativeZeroDigit>
		</symbols>
		<decimalFormats>
			<decimalFormatLength>
				<decimalFormat>
					<pattern>#,##,##0.###</pattern>
				</decimalFormat>
			</decimalFormatLength>
		</decimalFormats>
		<percentFormats>
			<percentFormatLength>
				<percentFormat>
					<pattern>#,##,##0%</pattern>
				</percentFormat>
			</percentFormatLength>
		</percentFormats>
		<currencyFormats>
			<currencyFormatLength>
				<currencyFormat>
					<pattern>¤ #,##,##0.00</pattern>
				</currencyFormat>
			</currencyFormatLength>
		</currencyFormats>
		<currencies>
			<currency type="AFN">
				<displayName draft="unconfirmed">ਅਫ਼ਗਾਨੀ</displayName>
			</currency>
			<currency type="EUR">
				<displayName draft="unconfirmed">ਯੂਰੋ</displayName>
			</currency>
			<currency type="INR">
				<displayName>ਰੁਪਿਯ</displayName>
				<displayName alt="proposed-u211-3" draft="unconfirmed">ਰੁਪਈਆ</displayName>
				<symbol>ਰੁ.</symbol>
			</currency>
		</currencies>
	</numbers>
	<posix>
		<messages>
			<yesstr draft="unconfirmed">ਹਾਂ</yesstr>
			<nostr draft="unconfirmed">ਨਹੀਂ</nostr>
		</messages>
	</posix>
	<references>
		<reference type="RP1" uri="http://tdil.mit.gov.in/newsIndexApr02.htm">Govt of India Vishwabhart Newsletter</reference>
	</references>
</ldml>

