<?xml version="1.0" encoding="UTF-8" ?>
<!DOCTYPE ldml SYSTEM "http://www.unicode.org/cldr/dtd/1.4/ldml.dtd">
<ldml>
	<identity>
		<version number="$Revision: 1.11 $"/>
		<generation date="$Date: 2006/07/17 01:03:00 $"/>
		<language type="pa"/>
		<script type="Arab"/>
	</identity>
	<localeDisplayNames>
		<scripts>
			<script type="Guru">گُرمُکھی</script>
		</scripts>
	</localeDisplayNames>
	<characters>
		<exemplarCharacters>[ء آ ؤ ئ-ب پ ت ث ٹ ج چ ح-ذ ڈ ر ز ڑ ژ س-غ ف ق ک گ ل-ن ں ه ھ و ی ے]</exemplarCharacters>
		<exemplarCharacters type="auxiliary">[أ ٻ ة ٺ ټ ٽ]</exemplarCharacters>
		<exemplarCharacters alt="proposed-u211-1" draft="unconfirmed">[ء-ؤ ئ-ب ٻ پ ة-ث ٹ ٺ ټ ٽ ج چ ح-ذ ڈ ر ز ڑ ژ س-غ ف ق ک گ ل-ن ں ه ھ و ی ے]</exemplarCharacters>
	</characters>
	<dates>
		<calendars>
			<calendar type="gregorian">
				<months>
					<monthContext type="format">
						<monthWidth type="wide">
							<month type="1">جنوری</month>
							<month type="2">فروری</month>
							<month type="3">مارچ</month>
							<month type="4">اپریل</month>
							<month type="5">مئ</month>
							<month type="6">جون</month>
							<month type="7">جولائی</month>
							<month type="8">اگست</month>
							<month type="9">ستمبر</month>
							<month type="10">اکتوبر</month>
							<month type="11">نومبر</month>
							<month type="12">دسمبر</month>
						</monthWidth>
					</monthContext>
				</months>
				<days>
					<dayContext type="format">
						<dayWidth type="wide">
							<day type="sun">اتوار</day>
							<day type="mon">پیر</day>
							<day type="tue">منگل</day>
							<day type="wed">بُدھ</day>
							<day type="thu">جمعرات</day>
							<day type="fri">جمعہ</day>
							<day type="sat">ہفتہ</day>
						</dayWidth>
					</dayContext>
				</days>
				<quarters>
					<quarterContext type="format">
						<quarterWidth type="wide">
							<quarter type="1">چوتھاي پہلاں</quarter>
							<quarter type="2">چوتھاي دوجا</quarter>
							<quarter type="3">چوتھاي تيجا</quarter>
							<quarter type="4">چوتھاي چوتھا</quarter>
						</quarterWidth>
					</quarterContext>
				</quarters>
				<eras>
					<eraNames>
						<era type="0">ايساپورو</era>
						<era type="1">سں</era>
					</eraNames>
				</eras>
				<fields>
					<field type="year">
						<displayName>ورھا</displayName>
					</field>
					<field type="month">
						<displayName>مہينا</displayName>
					</field>
					<field type="week">
						<displayName>ہفتہ</displayName>
					</field>
					<field type="day">
						<displayName>دئن</displayName>
					</field>
					<field type="weekday">
						<displayName>ہفتے دا دن</displayName>
					</field>
					<field type="hour">
						<displayName>گھنٹا</displayName>
					</field>
					<field type="minute">
						<displayName>منٹ</displayName>
					</field>
					<field type="zone">
						<displayName>ٹپہ</displayName>
					</field>
				</fields>
			</calendar>
		</calendars>
	</dates>
	<numbers>
		<currencies>
			<currency type="EUR">
				<displayName>يورو</displayName>
			</currency>
			<currency type="INR">
				<displayName>روپئیہ [INR]</displayName>
				<symbol>ر [INR]</symbol>
			</currency>
			<currency type="PKR">
				<displayName>روپئیہ</displayName>
				<symbol>ر</symbol>
			</currency>
		</currencies>
	</numbers>
	<posix>
		<messages>
			<yesstr>ہاں</yesstr>
			<nostr>نہيں</nostr>
		</messages>
	</posix>
</ldml>

