<?xml version="1.0" encoding="UTF-8" ?>
<!DOCTYPE ldml SYSTEM "http://www.unicode.org/cldr/dtd/1.4/ldml.dtd">
<ldml>
	<identity>
		<version number="$Revision: 1.42 $"/>
		<generation date="$Date: 2006/06/28 10:58:36 $"/>
		<language type="pt"/>
		<territory type="BR"/>
	</identity>
	<localeDisplayNames>
		<languages>
			<language type="ang">inglês arcaico (aprox. 450-1100)</language>
			<language type="awa">awadhi</language>
			<language type="bai">idiomas bamileke</language>
			<language type="bug">buguinês</language>
			<language type="ce">checheno</language>
			<language type="cmc" draft="provisional">idiomas chamic</language>
			<language type="crh">turco da criméia; tártaro da criméia</language>
			<language type="dsb">sérvio baixo</language>
			<language type="dum">holandês medieval</language>
			<language type="enm">inglês medieval</language>
			<language type="frm">francês medieval</language>
			<language type="fro">francês arcaico</language>
			<language type="gmh">alemão medieval alto</language>
			<language type="goh">alemão arcaico alto</language>
			<language type="grc">grego arcaico</language>
			<language type="iba">ibã</language>
			<language type="ik">inupiaque</language>
			<language type="jv">javanês</language>
			<language type="kbd">kabardiano</language>
			<language type="khi">khoisan (outros)</language>
			<language type="mga">irlandês medieval</language>
			<language type="mh" draft="provisional">marshalês</language>
			<language type="mkh">mon-khmer (outros)</language>
			<language type="mno" draft="provisional">idiomas manobo</language>
			<language type="nd">ndebele do norte</language>
			<language type="nic">Cordofano-nigeriano (outros)</language>
			<language type="non">nórdico arcaico</language>
			<language type="nr">ndebele do sul</language>
			<language type="nso">soto setentrional</language>
			<language type="ota">turco otomano</language>
			<language type="peo">persa arcaico</language>
			<language type="pro">provençal arcaico</language>
			<language type="sal">idiomas salisanos</language>
			<language type="sgn">linguagem de sinais</language>
			<language type="st">soto do sul</language>
			<language type="wak">idiomas wakashan</language>
			<language type="wen">idiomas sórbios</language>
		</languages>
		<scripts>
			<script type="Bali" draft="provisional">balinês</script>
			<script type="Batk" draft="provisional">bataque</script>
			<script type="Osma" draft="provisional">osmania</script>
		</scripts>
		<territories>
			<territory type="172">Comunidade dos Estados Independentes</territory>
			<territory type="AX">Ilhas Aland</territory>
			<territory type="BA">Bósnia-Herzegovina</territory>
			<territory type="BH">Bahrain</territory>
			<territory type="KP">Coréia do Norte</territory>
			<territory type="KR" draft="provisional">Coréia do Sul</territory>
			<territory type="MK">Macedônia</territory>
			<territory type="NL" draft="provisional">Holanda</territory>
			<territory type="ZW">Zimbábue</territory>
		</territories>
		<measurementSystemNames>
			<measurementSystemName type="US" draft="provisional">americano</measurementSystemName>
			<measurementSystemName type="metric" draft="provisional">métrico</measurementSystemName>
		</measurementSystemNames>
	</localeDisplayNames>
	<delimiters>
		<quotationStart draft="provisional">&quot;</quotationStart>
		<quotationEnd draft="provisional">&quot;</quotationEnd>
		<alternateQuotationStart draft="provisional">&quot;</alternateQuotationStart>
		<alternateQuotationEnd draft="provisional">&quot;</alternateQuotationEnd>
	</delimiters>
	<dates>
		<calendars>
			<calendar type="buddhist">
				<dateFormats>
					<dateFormatLength type="full">
						<dateFormat>
							<pattern draft="provisional">EEEE, d de MMMM de yyyy G</pattern>
						</dateFormat>
					</dateFormatLength>
					<dateFormatLength type="long">
						<dateFormat>
							<pattern draft="provisional">d de MMMM de yyyy G</pattern>
						</dateFormat>
					</dateFormatLength>
					<dateFormatLength type="medium">
						<dateFormat>
							<pattern draft="provisional">d de MMMM de yyyy G</pattern>
						</dateFormat>
					</dateFormatLength>
					<dateFormatLength type="short">
						<dateFormat>
							<pattern draft="provisional">d/M/yyyy</pattern>
						</dateFormat>
					</dateFormatLength>
				</dateFormats>
			</calendar>
			<calendar type="gregorian">
				<dateFormats>
					<dateFormatLength type="medium">
						<dateFormat>
							<pattern>dd/MM/yyyy</pattern>
						</dateFormat>
					</dateFormatLength>
					<dateFormatLength type="short">
						<dateFormat>
							<pattern>dd/MM/yy</pattern>
						</dateFormat>
					</dateFormatLength>
				</dateFormats>
				<timeFormats>
					<timeFormatLength type="full">
						<timeFormat>
							<pattern>HH'h'mm'min'ss's' z</pattern>
						</timeFormat>
					</timeFormatLength>
					<timeFormatLength type="long">
						<timeFormat>
							<pattern>H'h'm'min's's' z</pattern>
						</timeFormat>
					</timeFormatLength>
				</timeFormats>
				<fields>
					<field type="year">
						<displayName>Ano</displayName>
					</field>
					<field type="month">
						<displayName>Mês</displayName>
					</field>
					<field type="week">
						<displayName>Semana</displayName>
					</field>
					<field type="day">
						<displayName>Dia</displayName>
					</field>
					<field type="weekday">
						<displayName>Dia da semana</displayName>
					</field>
					<field type="dayperiod">
						<displayName>Período do dia</displayName>
					</field>
					<field type="hour">
						<displayName>Hora</displayName>
					</field>
					<field type="minute">
						<displayName>Minuto</displayName>
					</field>
					<field type="second">
						<displayName>Segundo</displayName>
					</field>
					<field type="zone">
						<displayName>Fuso</displayName>
					</field>
				</fields>
			</calendar>
			<calendar type="japanese">
				<dateFormats>
					<dateFormatLength type="full">
						<dateFormat>
							<pattern draft="provisional">EEEE, d de MMMM de y G</pattern>
						</dateFormat>
					</dateFormatLength>
					<dateFormatLength type="long">
						<dateFormat>
							<pattern draft="provisional">d de MMMM de y G</pattern>
						</dateFormat>
					</dateFormatLength>
					<dateFormatLength type="medium">
						<dateFormat>
							<pattern draft="provisional">d de MMM de y G</pattern>
						</dateFormat>
					</dateFormatLength>
					<dateFormatLength type="short">
						<dateFormat>
							<pattern draft="provisional">d/M/yy</pattern>
						</dateFormat>
					</dateFormatLength>
				</dateFormats>
			</calendar>
		</calendars>
		<timeZoneNames>
			<zone type="America/Argentina/Tucuman">
				<exemplarCity draft="provisional">Tucumã</exemplarCity>
			</zone>
			<zone type="America/Halifax">
				<long>
					<standard draft="provisional">Horário Padrão do Atlântico</standard>
					<daylight draft="provisional">Horário de Verão do Atlântico</daylight>
				</long>
			</zone>
			<zone type="Asia/Shanghai">
				<long>
					<daylight draft="provisional">Horário de Verão da China</daylight>
				</long>
			</zone>
			<zone type="Europe/Paris">
				<long>
					<standard draft="provisional">Horário Padrão da Europa Central</standard>
					<daylight draft="provisional">Horário de Verão da Europa Central</daylight>
				</long>
			</zone>
			<zone type="Asia/Tokyo">
				<long>
					<daylight draft="provisional">Horário de Verão do Japão</daylight>
				</long>
			</zone>
			<zone type="Pacific/Honolulu">
				<long>
					<daylight draft="provisional">Horário de Verão do Havaí</daylight>
				</long>
			</zone>
			<zone type="America/Phoenix">
				<long>
					<standard draft="provisional">Horário Padrão da Montanha</standard>
				</long>
				<exemplarCity draft="provisional">Fênix</exemplarCity>
			</zone>
			<zone type="America/Denver">
				<long>
					<standard draft="provisional">Horário Padrão da Montanha</standard>
					<daylight draft="provisional">Horário de Verão da Montanha</daylight>
				</long>
			</zone>
		</timeZoneNames>
	</dates>
	<numbers>
		<currencies>
			<currency type="AON">
				<displayName draft="provisional">Novo cuanza angolano (1990-2000)</displayName>
			</currency>
			<currency type="BAD">
				<displayName draft="provisional">Dinar da Bósnia-Herzegovina</displayName>
			</currency>
			<currency type="BAM">
				<displayName draft="provisional">Marco bósnio-herzegovino conversível</displayName>
			</currency>
			<currency type="BRB">
				<displayName draft="provisional">Cruzeiro novo brasileiro (1967-1986)</displayName>
			</currency>
			<currency type="CYP">
				<displayName draft="provisional">Libra do Chipre</displayName>
			</currency>
			<currency type="CZK">
				<displayName draft="provisional">Coroa da República Tcheca</displayName>
			</currency>
			<currency type="ECV">
				<displayName draft="provisional">Unidade de Valor Constante (UVC) do Equador</displayName>
			</currency>
			<currency type="GNS">
				<displayName draft="provisional">Syli da Guiné</displayName>
			</currency>
			<currency type="GQE">
				<displayName draft="provisional">Ekwele da Guiné Equatorial</displayName>
			</currency>
			<currency type="KGS">
				<displayName draft="provisional">Som do Quirguistão</displayName>
			</currency>
			<currency type="KYD">
				<displayName draft="provisional">Dólar das Ilhas Caiman</displayName>
			</currency>
			<currency type="LKR">
				<displayName draft="provisional">Rupia do Sri Lanka</displayName>
			</currency>
			<currency type="LSL">
				<displayName draft="provisional">Loti do Lesoto</displayName>
			</currency>
			<currency type="MDL">
				<displayName draft="provisional">Leu da Moldávia</displayName>
			</currency>
			<currency type="MXP">
				<displayName draft="provisional">Peso Prata mexicano (1861-1992)</displayName>
			</currency>
			<currency type="MXV">
				<displayName draft="provisional">Unidade de Investimento (UDI) mexicana</displayName>
			</currency>
			<currency type="NIC">
				<displayName draft="provisional">Córdoba nicaraguense</displayName>
			</currency>
			<currency type="NIO">
				<displayName draft="provisional">Córdoba Ouro nicaraguense</displayName>
			</currency>
			<currency type="NLG">
				<displayName draft="provisional">Florim holandês</displayName>
			</currency>
			<currency type="SRG">
				<displayName draft="provisional">Florim do Suriname</displayName>
			</currency>
			<currency type="TZS">
				<displayName draft="provisional">Xelim da Tanzânia</displayName>
			</currency>
			<currency type="WST">
				<displayName draft="provisional">Tala da Samoa Ocidental</displayName>
			</currency>
		</currencies>
	</numbers>
</ldml>
<!-- Old Comments. See root.xml for more info.
URL: http://oss.software.ibm.com/cvs/icu/icu/source/data/locales/pt_BR.txt?only_with_tag=final-update-LDML

NumberPatterns { 
"#,##0.###;-#,##0.###",
"\u00A4 #,##0.00;-\u00A4 #,##0.00",
"#,##0%",
"#E0",
}
-->

