<?xml version="1.0" encoding="UTF-8" ?>
<!DOCTYPE ldml SYSTEM "http://www.unicode.org/cldr/dtd/1.4/ldml.dtd">
<ldml>
	<identity>
		<version number="$Revision: 1.53 $"/>
		<generation date="$Date: 2006/07/11 19:27:38 $"/>
		<language type="pt"/>
		<territory type="PT"/>
	</identity>
	<localeDisplayNames>
		<languages>
			<language type="chy" draft="provisional">cheyenne</language>
			<language type="cmc" draft="provisional">idiomas chamic</language>
			<language type="crh" draft="provisional">turco da crimeia, tatar da crimeia</language>
			<language type="cs">checo</language>
			<language type="cus" draft="provisional">cuchíticas (outros)</language>
			<language type="dsb" draft="provisional">Baixo Sórbio</language>
			<language type="dyu" draft="provisional">diula</language>
			<language type="ee" draft="provisional">ewe</language>
			<language type="efi" draft="provisional">efik</language>
			<language type="et">estónio</language>
			<language type="fan" draft="provisional">fang</language>
			<language type="fo" draft="provisional">faroés</language>
			<language type="gl" draft="provisional">galiciano</language>
			<language type="grb" draft="provisional">Grebo</language>
			<language type="ha" draft="provisional">hausa</language>
			<language type="hsb" draft="provisional">sorbiano superior</language>
			<language type="hy" draft="provisional">arménio</language>
			<language type="ig" draft="provisional">igbo</language>
			<language type="ilo" draft="provisional">iloko</language>
			<language type="kbd" draft="provisional">kabardiano</language>
			<language type="khi" draft="provisional">khoisan (outros)</language>
			<language type="kho" draft="provisional">khotanês</language>
			<language type="ki" draft="provisional">kikuyu</language>
			<language type="kl" draft="provisional">kalaallisut</language>
			<language type="km" draft="provisional">khmer</language>
			<language type="lez" draft="provisional">lezghiano</language>
			<language type="mh" draft="provisional">marsalhês</language>
			<language type="mk" draft="provisional">macedónio</language>
			<language type="mno" draft="provisional">idiomas manobo</language>
			<language type="nah" draft="provisional">nauatle</language>
			<language type="nic" draft="provisional">níger - kordofaniano (outros)</language>
			<language type="nr" draft="provisional">ndebele do sul</language>
			<language type="os" draft="provisional">ossético</language>
			<language type="pl">polaco</language>
			<language type="sl">esloveno</language>
			<language type="ssa" draft="provisional">nilo-saariano (outros)</language>
			<language type="st" draft="provisional">soto do sul</language>
			<language type="ta" draft="provisional">tamil</language>
			<language type="tet" draft="provisional">tetum</language>
			<language type="tig" draft="provisional">tigre</language>
			<language type="tut" draft="provisional">altaico (outros)</language>
			<language type="tyv" draft="provisional">tuviniano</language>
			<language type="wen" draft="provisional">idiomas sorbio</language>
		</languages>
		<scripts>
			<script type="Armn" draft="provisional">arménio</script>
			<script type="Bali" draft="provisional">Balinês</script>
			<script type="Batk" draft="provisional">Batak</script>
			<script type="Brah" draft="provisional">Brahmi</script>
			<script type="Bugi" draft="provisional">Buginês</script>
			<script type="Cyrs" draft="provisional">Cirílico (Eslavónico Sacro Antigo)</script>
			<script type="Egyd" draft="provisional">Demótico egípcio</script>
			<script type="Egyh" draft="provisional">Hierático egípcio</script>
			<script type="Egyp" draft="provisional">Hieroglifos egípcios</script>
			<script type="Geok" draft="provisional">Khutsuri (Asomtavruli e Nuskhuri)</script>
			<script type="Glag" draft="provisional">Glagolítico</script>
			<script type="Hmng" draft="provisional">Pahawh Hmong</script>
			<script type="Hrkt" draft="provisional">Katakana ou Hiragana</script>
			<script type="Hung" draft="provisional">Húngaro antigo</script>
			<script type="Inds" draft="provisional">Indi (Harapan)</script>
			<script type="Java" draft="provisional">Javanês</script>
			<script type="Latf" draft="provisional">Latim (Fraktur)</script>
			<script type="Latg" draft="provisional">Latim (Gaélico)</script>
			<script type="Lepc" draft="provisional">Lepcha (Róng)</script>
			<script type="Lina" draft="provisional">Linear A</script>
			<script type="Linb" draft="provisional">Linear B</script>
			<script type="Maya" draft="provisional">Hieroglifos maias</script>
			<script type="Mlym" draft="provisional">Malaialam</script>
			<script type="Phnx" draft="provisional">fenício</script>
			<script type="Sylo" draft="provisional">Siloti Nagri</script>
			<script type="Taml" draft="provisional">tamil</script>
		</scripts>
		<territories>
			<territory type="AE">Emiratos Árabes Unidos</territory>
			<territory type="AI" draft="provisional">Anguilha</territory>
			<territory type="AM">Arménia</territory>
			<territory type="AQ">Antárctica</territory>
			<territory type="AX" draft="provisional">Ilhas Aland</territory>
			<territory type="AZ">Azerbeijão</territory>
			<territory type="BA">Bósnia-Herzegovina</territory>
			<territory type="BJ">Benim</territory>
			<territory type="BY">Bielorrússia</territory>
			<territory type="CM">Camarões</territory>
			<territory type="CX">Ilha do Natal</territory>
			<territory type="CZ">República Checa</territory>
			<territory type="EE">Estónia</territory>
			<territory type="EG">Egipto</territory>
			<territory type="EH">Sahara Ocidental</territory>
			<territory type="ER">Eritreia</territory>
			<territory type="FK">Ilhas Falkland</territory>
			<territory type="GL">Gronelândia</territory>
			<territory type="GS">Ilhas South Georgia e South Sandwich</territory>
			<territory type="GW">Guiné-Bissau</territory>
			<territory type="HK">Hong Kong - Região Administrativa Especial da China</territory>
			<territory type="IR" draft="provisional">Irão</territory>
			<territory type="KE">Quénia</territory>
			<territory type="KG">Quirguizistão</territory>
			<territory type="KN">Saint Kitts e Nevis</territory>
			<territory type="KP">Coreia do Norte</territory>
			<territory type="KR">Coreia do Sul</territory>
			<territory type="KY">Ilhas Caimão</territory>
			<territory type="KZ">Cazaquistão</territory>
			<territory type="LA">Lao, República Popular Democrática</territory>
			<territory type="LV">Letónia</territory>
			<territory type="MC">Mónaco</territory>
			<territory type="MD">Moldávia, República da</territory>
			<territory type="MG">Madagáscar</territory>
			<territory type="MK">Macedónia, República da</territory>
			<territory type="MO">Macau - Região Administrativa Especial da China</territory>
			<territory type="MP">Ilhas Mariana do Norte</territory>
			<territory type="MU">Maurícias</territory>
			<territory type="NC">Nova Caledónia</territory>
			<territory type="PG">Papua Nova Guiné</territory>
			<territory type="PL">Polónia</territory>
			<territory type="PS">Território Palestiniano</territory>
			<territory type="QO" draft="provisional">Outlying Oceania</territory>
			<territory type="RE">Reunion</territory>
			<territory type="RE" alt="proposed-u86-1" draft="provisional">Reunião</territory>
			<territory type="RO">Roménia</territory>
			<territory type="SC">Seicheles</territory>
			<territory type="SG">Singapura</territory>
			<territory type="SI">Eslovénia</territory>
			<territory type="SM">São Marino</territory>
			<territory type="TC">Ilhas Turcas e Caicos</territory>
			<territory type="TD">Tchade</territory>
			<territory type="TF">Territórios Franceses a Sul</territory>
			<territory type="TJ">Tajiquistão</territory>
			<territory type="TM">Turquemenistão</territory>
			<territory type="UM">Ilhas Minor Outlying (E.U.A)</territory>
			<territory type="UZ">Uzbaquistão</territory>
			<territory type="VA">Santa Sé (Estado da Cidade do Vaticano)</territory>
			<territory type="VC">Saint Vincent e Grenadines</territory>
			<territory type="VG">Ilhas Virgin Britânicas</territory>
			<territory type="VI">Ilhas Virgin E.U.A.</territory>
			<territory type="VN">Vietname</territory>
			<territory type="YE">Iémen</territory>
			<territory type="ZW" draft="provisional">Zimbabwe</territory>
		</territories>
		<types>
			<type type="direct" key="collation" draft="provisional">Ordem Directa</type>
			<type type="phonebook" key="collation" draft="provisional">Ordem da Lista Telefónica</type>
		</types>
		<measurementSystemNames>
			<measurementSystemName type="US" draft="provisional">EUA</measurementSystemName>
			<measurementSystemName type="metric" draft="provisional">Métrico</measurementSystemName>
		</measurementSystemNames>
	</localeDisplayNames>
	<delimiters>
		<quotationStart>‘</quotationStart>
		<quotationEnd>’</quotationEnd>
		<alternateQuotationStart>“</alternateQuotationStart>
		<alternateQuotationEnd>”</alternateQuotationEnd>
	</delimiters>
	<dates>
		<calendars>
			<calendar type="gregorian">
				<dateFormats>
					<dateFormatLength type="medium">
						<dateFormat>
							<pattern>yyyy/MM/dd</pattern>
						</dateFormat>
					</dateFormatLength>
					<dateFormatLength type="short">
						<dateFormat>
							<pattern>yy/MM/dd</pattern>
						</dateFormat>
					</dateFormatLength>
				</dateFormats>
				<dateTimeFormats>
					<availableFormats>
						<dateFormatItem id="MMdd" draft="provisional">MM/dd</dateFormatItem>
						<dateFormatItem id="yyMMMEEEd" draft="provisional">EEE, d 'de' MMM 'de' yy</dateFormatItem>
						<dateFormatItem id="yyMMMd" draft="provisional">d 'de' MMM 'de' yy</dateFormatItem>
						<dateFormatItem id="yyyyMM" draft="provisional">yyyy/MM</dateFormatItem>
					</availableFormats>
				</dateTimeFormats>
				<fields>
					<field type="year">
						<displayName draft="provisional">Ano</displayName>
					</field>
					<field type="month">
						<displayName draft="provisional">Mês</displayName>
					</field>
					<field type="week">
						<displayName draft="provisional">Semana</displayName>
					</field>
					<field type="day">
						<displayName draft="provisional">Dia</displayName>
					</field>
					<field type="weekday">
						<displayName draft="provisional">Dia da semana</displayName>
					</field>
					<field type="dayperiod">
						<displayName draft="provisional">Período do dia</displayName>
					</field>
					<field type="hour">
						<displayName draft="provisional">Hora</displayName>
					</field>
					<field type="minute">
						<displayName draft="provisional">Minuto</displayName>
					</field>
					<field type="zone">
						<displayName draft="provisional">Zona</displayName>
					</field>
				</fields>
			</calendar>
		</calendars>
		<timeZoneNames>
			<zone type="America/Cuiaba">
				<exemplarCity>Cuibá</exemplarCity>
			</zone>
			<zone type="America/Araguaina">
				<exemplarCity>Araguaina</exemplarCity>
			</zone>
			<zone type="America/Bahia">
				<exemplarCity>Baía</exemplarCity>
			</zone>
			<zone type="Europe/Madrid">
				<exemplarCity>Madrid</exemplarCity>
			</zone>
			<zone type="Asia/Ulaanbaatar">
				<exemplarCity>Ulan Bator</exemplarCity>
			</zone>
			<zone type="America/Cancun">
				<exemplarCity>Cancun</exemplarCity>
			</zone>
			<!-- Russia -->
			<zone type="Europe/Kaliningrad">
				<exemplarCity>Kaliningrado</exemplarCity>
			</zone>
			<zone type="Europe/Moscow">
				<exemplarCity>Moscovo</exemplarCity>
			</zone>
			<zone type="Asia/Sakhalin">
				<exemplarCity>Sacalina</exemplarCity>
			</zone>
			<zone type="America/North_Dakota/Center">
				<exemplarCity>Center</exemplarCity>
			</zone>
		</timeZoneNames>
	</dates>
	<numbers>
		<currencyFormats>
			<currencyFormatLength>
				<currencyFormat>
					<pattern>#,##0.00 ¤</pattern>
				</currencyFormat>
			</currencyFormatLength>
		</currencyFormats>
		<currencies>
			<currency type="AED">
				<displayName draft="provisional">Dirham dos Emirados Árabes Unidos</displayName>
			</currency>
			<currency type="AFA">
				<displayName>Afeghani (1927-2002)</displayName>
			</currency>
			<currency type="AFN">
				<displayName draft="provisional">Afeghani</displayName>
			</currency>
			<currency type="ANG">
				<displayName draft="provisional">Florim das Antilhas Holandesa</displayName>
			</currency>
			<currency type="AOA">
				<displayName draft="provisional">Kwanza angolano</displayName>
			</currency>
			<currency type="AOK">
				<displayName draft="provisional">Kwanza angolano (1977-1990)</displayName>
			</currency>
			<currency type="AON">
				<displayName draft="provisional">Kwanza novo angolano (1990-2000)</displayName>
			</currency>
			<currency type="AOR">
				<displayName draft="provisional">Kwanza angolano reajustado (1995-1999)</displayName>
			</currency>
			<currency type="AWG">
				<displayName draft="provisional">Florim de Aruba</displayName>
			</currency>
			<currency type="BRB">
				<displayName>Cruzeiro novo brasileiro (1967-1986)</displayName>
			</currency>
			<currency type="FJD">
				<displayName draft="provisional">Dólar das Fiji</displayName>
			</currency>
			<currency type="GHC">
				<displayName draft="provisional">Cedi do Gana</displayName>
			</currency>
			<currency type="GMD">
				<displayName draft="provisional">Dalasi da Gâmbia</displayName>
			</currency>
			<currency type="GNF">
				<displayName draft="provisional">Franco da Guiné</displayName>
			</currency>
			<currency type="GNS">
				<displayName draft="provisional">Syli da Guiné</displayName>
			</currency>
			<currency type="GQE">
				<displayName draft="provisional">Ekwele da Guiné Equatorial</displayName>
			</currency>
			<currency type="GTQ">
				<displayName draft="provisional">Quetzal da Guatemala</displayName>
			</currency>
			<currency type="HNL">
				<displayName draft="provisional">Lempira das Honduras</displayName>
			</currency>
			<currency type="KGS">
				<displayName draft="provisional">Som do Quirguistão</displayName>
			</currency>
			<currency type="KWD">
				<displayName draft="provisional">Dinar koweitiano</displayName>
			</currency>
			<currency type="LKR">
				<displayName draft="provisional">Rupia do Sri Lanka</displayName>
			</currency>
			<currency type="LSL">
				<displayName draft="provisional">Loti do Lesoto</displayName>
			</currency>
			<currency type="MAD">
				<displayName draft="provisional">Dirham marroquino</displayName>
			</currency>
			<currency type="MDL">
				<displayName draft="provisional">Leu da Moldávia</displayName>
			</currency>
			<currency type="MKD">
				<displayName draft="provisional">Dinar macedónio</displayName>
			</currency>
			<currency type="MLF">
				<displayName draft="provisional">Franco do Mali</displayName>
			</currency>
			<currency type="MWK">
				<displayName draft="provisional">Kwacha do Malawi</displayName>
			</currency>
			<currency type="NLG">
				<displayName draft="provisional">Florim holandês</displayName>
			</currency>
			<currency type="PLN">
				<displayName draft="provisional">Zloti polaco</displayName>
			</currency>
			<currency type="PLZ">
				<displayName draft="provisional">Zloti polaco (1950-1995)</displayName>
			</currency>
			<currency type="PTE">
				<pattern>#,##0.00 ¤;-#,##0.00 ¤</pattern>
				<decimal>$</decimal>
				<group>,</group>
			</currency>
			<currency type="QAR">
				<displayName draft="provisional">Rial do Qatar</displayName>
			</currency>
			<currency type="SGD">
				<displayName draft="provisional">Dólar de Singapura</displayName>
			</currency>
			<currency type="SRG">
				<displayName draft="provisional">Florim do Suriname</displayName>
			</currency>
			<currency type="XBA">
				<displayName draft="provisional">Unidade Composta Europeia</displayName>
			</currency>
			<currency type="XBB">
				<displayName draft="provisional">Unidade Monetária Europeia</displayName>
			</currency>
			<currency type="XBC">
				<displayName draft="provisional">Unidade de Conta Europeia (XBC)</displayName>
			</currency>
			<currency type="XBD">
				<displayName draft="provisional">Unidade de Conta Europeia (XBD)</displayName>
			</currency>
			<currency type="XEU">
				<displayName draft="provisional">Unidade da Moeda Europeia</displayName>
			</currency>
			<currency type="YUD">
				<displayName draft="provisional">Dinar forte jugoslavo</displayName>
			</currency>
			<currency type="YUM">
				<displayName draft="provisional">Super Dinar jugoslavo</displayName>
			</currency>
			<currency type="YUN">
				<displayName draft="provisional">Dinar conversível jugoslavo</displayName>
			</currency>
			<currency type="ZMK">
				<displayName draft="provisional">Kwacha da Zâmbia</displayName>
			</currency>
			<currency type="ZWD">
				<displayName draft="provisional">Dólar do Zimbabwe</displayName>
			</currency>
		</currencies>
	</numbers>
</ldml>
<!-- Old Comments. See root.xml for more info.
URL: http://oss.software.ibm.com/cvs/icu/icu/source/data/locales/pt_PT.txt?only_with_tag=final-update-LDML

Only contains differences from pt.
TODO Verify that the commented out translations are correct for pt and pt_PT.
        KP { "Coreia do Norte" }    // alternate name { "Coreia, Rep\u00FAblica Popular Democr\u00E1tica da" }
        KR { "Coreia do Sul" }    // alternate name { "Coreia, Rep\u00FAblica da" }
Fallback to pt
"\u2030",
"\u221E",
"\uFFFD",
}

Comments without bases

 Spain 	 - was on: /ldml/dates/timeZoneNames/zone[@type="Atlantic/Canary"]
 Kiribati 	 - was on: /ldml/dates/timeZoneNames/zone[@type="Pacific/Enderbury"]
 Marshall Islands 	 - was on: /ldml/dates/timeZoneNames/zone[@type="Pacific/Kwajalein"]
 Mali 	 - was on: /ldml/dates/timeZoneNames/zone[@type="Africa/Bamako"]
 Ecuador 	 - was on: /ldml/dates/timeZoneNames/zone[@type="Pacific/Galapagos"]
 Indonesia 	 - was on: /ldml/dates/timeZoneNames/zone[@type="Asia/Jakarta"]
 United States 	 - was on: /ldml/dates/timeZoneNames/zone[@type="America/Adak"]
 Kazakhstan 	 - was on: /ldml/dates/timeZoneNames/zone[@type="Asia/Aqtau"]
 Ukraine 	 - was on: /ldml/dates/timeZoneNames/zone[@type="Europe/Uzhgorod"]
 Portugal 	 - was on: /ldml/dates/timeZoneNames/zone[@type="Atlantic/Azores"]
 Brazil 	 - was on: /ldml/dates/timeZoneNames/zone[@type="America/Eirunepe"]
 Antarctica 	 - was on: /ldml/dates/timeZoneNames/zone[@type="Antarctica/Rothera"]
 Malaysia 	 - was on: /ldml/dates/timeZoneNames/zone[@type="Asia/Kuala_Lumpur"]
 Canada 	 - was on: /ldml/dates/timeZoneNames/zone[@type="America/Dawson"]
 Micronesia 	 - was on: /ldml/dates/timeZoneNames/zone[@type="Pacific/Yap"]
 Argentina 	 - was on: /ldml/dates/timeZoneNames/zone[@type="America/Argentina/Rio_Gallegos"]
 United States Minor Outlying Islands 	 - was on: /ldml/dates/timeZoneNames/zone[@type="Pacific/Midway"]
 Mexico 	 - was on: /ldml/dates/timeZoneNames/zone[@type="America/Tijuana"]
 Democratic Republic of the Congo 	 - was on: /ldml/dates/timeZoneNames/zone[@type="Africa/Kinshasa"]
 United Kingdom 	 - was on: /ldml/dates/timeZoneNames/zone[@type="Europe/Belfast"]
 French Polynesia 	 - was on: /ldml/dates/timeZoneNames/zone[@type="Pacific/Tahiti"]
 Chile 	 - was on: /ldml/dates/timeZoneNames/zone[@type="Pacific/Easter"]
 New Zealand 	 - was on: /ldml/dates/timeZoneNames/zone[@type="Pacific/Chatham"]
 Greenland 	 - was on: /ldml/dates/timeZoneNames/zone[@type="America/Thule"]
 Mongolia 	 - was on: /ldml/dates/timeZoneNames/zone[@type="Asia/Hovd"]
 Uzbekistan 	 - was on: /ldml/dates/timeZoneNames/zone[@type="Asia/Samarkand"]
 Svalbard and Jan Mayen 	 - was on: /ldml/dates/timeZoneNames/zone[@type="Atlantic/Jan_Mayen"]
 Australia 	 - was on: /ldml/dates/timeZoneNames/zone[@type="Australia/Perth"]
 China 	 - was on: /ldml/dates/timeZoneNames/zone[@type="Asia/Kashgar"]
-->

