<?xml version="1.0" encoding="UTF-8" ?>
<!DOCTYPE ldml SYSTEM "http://www.unicode.org/cldr/dtd/1.4/ldml.dtd">
<ldml>
	<identity>
		<version number="$Revision: 1.10 $"/>
		<generation date="$Date: 2006/06/28 01:23:33 $"/>
		<language type="rw"/>
	</identity>
	<characters>
		<exemplarCharacters>[a-z]</exemplarCharacters>
	</characters>
	<delimiters>
		<quotationStart draft="unconfirmed">‘</quotationStart>
		<quotationEnd draft="unconfirmed">’</quotationEnd>
		<alternateQuotationStart draft="unconfirmed">«</alternateQuotationStart>
		<alternateQuotationEnd draft="unconfirmed">»</alternateQuotationEnd>
	</delimiters>
	<dates>
		<calendars>
			<calendar type="gregorian">
				<months>
					<monthContext type="format">
						<monthWidth type="abbreviated">
							<month type="1" draft="unconfirmed">mut.</month>
							<month type="2" draft="unconfirmed">gas.</month>
							<month type="3" draft="unconfirmed">wer.</month>
							<month type="4" draft="unconfirmed">mat.</month>
							<month type="5" draft="unconfirmed">gic.</month>
							<month type="6" draft="unconfirmed">kam.</month>
							<month type="7" draft="unconfirmed">nya.</month>
							<month type="8" draft="unconfirmed">kan.</month>
							<month type="9" draft="unconfirmed">nze.</month>
							<month type="10" draft="unconfirmed">ukw.</month>
							<month type="11" draft="unconfirmed">ugu.</month>
							<month type="12" draft="unconfirmed">uku.</month>
						</monthWidth>
						<monthWidth type="wide">
							<month type="1" draft="unconfirmed">Mutarama</month>
							<month type="2" draft="unconfirmed">Gashyantare</month>
							<month type="3" draft="unconfirmed">Werurwe</month>
							<month type="4" draft="unconfirmed">Mata</month>
							<month type="5" draft="unconfirmed">Gicuransi</month>
							<month type="6" draft="unconfirmed">Kamena</month>
							<month type="7" draft="unconfirmed">Nyakanga</month>
							<month type="8" draft="unconfirmed">Kanama</month>
							<month type="9" draft="unconfirmed">Nzeli</month>
							<month type="10" draft="unconfirmed">Ukwakira</month>
							<month type="11" draft="unconfirmed">Ugushyingo</month>
							<month type="12" draft="unconfirmed">Ukuboza</month>
						</monthWidth>
					</monthContext>
				</months>
				<days>
					<dayContext type="format">
						<dayWidth type="abbreviated">
							<day type="sun" draft="unconfirmed">cyu.</day>
							<day type="mon" draft="unconfirmed">mbe.</day>
							<day type="tue" draft="unconfirmed">kab.</day>
							<day type="wed" draft="unconfirmed">gtu.</day>
							<day type="thu" draft="unconfirmed">kan.</day>
							<day type="fri" draft="unconfirmed">gnu.</day>
							<day type="sat" draft="unconfirmed">gnd.</day>
						</dayWidth>
						<dayWidth type="wide">
							<day type="sun" draft="unconfirmed">Ku cyumweru</day>
							<day type="mon" draft="unconfirmed">Kuwa mbere</day>
							<day type="tue" draft="unconfirmed">Kuwa kabiri</day>
							<day type="wed" draft="unconfirmed">Kuwa gatatu</day>
							<day type="thu" draft="unconfirmed">Kuwa kane</day>
							<day type="fri" draft="unconfirmed">Kuwa gatanu</day>
							<day type="sat" draft="unconfirmed">Kuwa gatandatu</day>
						</dayWidth>
					</dayContext>
				</days>
				<quarters>
					<quarterContext type="format">
						<quarterWidth type="abbreviated">
							<quarter type="1" draft="unconfirmed">I1</quarter>
							<quarter type="2" draft="unconfirmed">I2</quarter>
							<quarter type="3" draft="unconfirmed">I3</quarter>
							<quarter type="4" draft="unconfirmed">I4</quarter>
						</quarterWidth>
						<quarterWidth type="wide">
							<quarter type="1" draft="unconfirmed">igihembwe cya mbere</quarter>
							<quarter type="2" draft="unconfirmed">igihembwe cya kabiri</quarter>
							<quarter type="3" draft="unconfirmed">igihembwe cya gatatu</quarter>
							<quarter type="4" draft="unconfirmed">igihembwe cya kane</quarter>
						</quarterWidth>
					</quarterContext>
				</quarters>
			</calendar>
		</calendars>
	</dates>
	<numbers>
		<symbols>
			<decimal draft="unconfirmed">,</decimal>
			<group draft="unconfirmed">.</group>
		</symbols>
		<currencies>
			<currency type="RWF">
				<symbol draft="unconfirmed">F</symbol>
			</currency>
		</currencies>
	</numbers>
</ldml>

