<?xml version="1.0" encoding="UTF-8" ?>
<!DOCTYPE ldml SYSTEM "http://www.unicode.org/cldr/dtd/1.4/ldml.dtd">
<ldml>
	<identity>
		<version number="$Revision: 1.30 $"/>
		<generation date="$Date: 2006/06/24 23:27:01 $"/>
		<language type="sa"/>
	</identity>
	<localeDisplayNames>
		<languages>
			<language type="sa" draft="unconfirmed">संस्कृत</language>
		</languages>
		<territories>
			<territory type="IN" draft="unconfirmed">भारतम्</territory>
		</territories>
	</localeDisplayNames>
	<characters>
		<exemplarCharacters>[़ ँ-ः ॑-॔ ॐ अ-ऋ ॠ ऌ ॡ ए ऐ ओ-न र ल ळ व-ह ऽ-ॄ ॢ ॣ े ै ो-्]</exemplarCharacters>
		<exemplarCharacters type="auxiliary">[\u200C \u200D ०-९ ऍ ऑ ॅ ॉ]</exemplarCharacters>
	</characters>
	<numbers>
		<symbols>
			<nativeZeroDigit draft="unconfirmed">०</nativeZeroDigit>
		</symbols>
		<decimalFormats>
			<decimalFormatLength>
				<decimalFormat>
					<pattern draft="unconfirmed">#,##,##0.###</pattern>
				</decimalFormat>
			</decimalFormatLength>
		</decimalFormats>
		<percentFormats>
			<percentFormatLength>
				<percentFormat>
					<pattern draft="unconfirmed">#,##,##0%</pattern>
				</percentFormat>
			</percentFormatLength>
		</percentFormats>
		<currencyFormats>
			<currencyFormatLength>
				<currencyFormat>
					<pattern draft="unconfirmed">¤#,##,##0.00</pattern>
				</currencyFormat>
			</currencyFormatLength>
		</currencyFormats>
		<currencies>
			<currency type="INR">
				<symbol draft="unconfirmed">रु</symbol>
			</currency>
		</currencies>
	</numbers>
</ldml>

