<?xml version="1.0" encoding="UTF-8" ?>
<!DOCTYPE ldml SYSTEM "http://www.unicode.org/cldr/dtd/1.4/ldml.dtd">
<ldml>
	<identity>
		<version number="$Revision: 1.11 $"/>
		<generation date="$Date: 2006/06/29 16:43:11 $"/>
		<language type="se"/>
	</identity>
	<localeDisplayNames>
		<territories>
			<territory type="001" draft="unconfirmed">máilbmi</territory>
			<territory type="002" draft="unconfirmed">Afrihká</territory>
			<territory type="005" draft="unconfirmed">mátta-Ameriká</territory>
			<territory type="011" draft="unconfirmed">oarji-Afrihká</territory>
			<territory type="015" draft="unconfirmed">dávvi-Afrihká</territory>
			<territory type="017" draft="unconfirmed">Gaska-Afrihká</territory>
			<territory type="017" alt="proposed-u219-1" draft="unconfirmed">gaska-Afrihká</territory>
			<territory type="018" draft="unconfirmed">Mátta-Afrihká [018]</territory>
			<territory type="018" alt="proposed-u219-1" draft="unconfirmed">mátta-Afrihká</territory>
			<territory type="021" draft="unconfirmed">Dávvi-Ameriká</territory>
			<territory type="030" draft="unconfirmed">Nuorta-Ásia</territory>
			<territory type="030" alt="proposed-u219-1" draft="unconfirmed">nuorta-Ásia</territory>
			<territory type="034" draft="unconfirmed">Mátta-Ásia</territory>
			<territory type="034" alt="proposed-u219-1" draft="unconfirmed">mátta-Ásia</territory>
			<territory type="039" draft="unconfirmed">Mátta-Europa</territory>
			<territory type="142" draft="unconfirmed">Ásia</territory>
			<territory type="143" draft="unconfirmed">Gaska-Ásia</territory>
			<territory type="143" alt="proposed-u219-1" draft="unconfirmed">gaska-Ásia</territory>
			<territory type="145" draft="unconfirmed">Oarji-Ásia</territory>
			<territory type="145" alt="proposed-u219-1" draft="unconfirmed">oarji-Ásia</territory>
			<territory type="150" draft="unconfirmed">Europa</territory>
			<territory type="151" draft="unconfirmed">nuorta-Europa</territory>
			<territory type="154" draft="unconfirmed">Dávvi-Europa</territory>
			<territory type="155" draft="unconfirmed">oarji-Europa</territory>
		</territories>
	</localeDisplayNames>
	<characters>
		<exemplarCharacters draft="unconfirmed">[a á b c č d đ e-n ŋ o p r s š t ŧ u v z ž]</exemplarCharacters>
		<exemplarCharacters type="auxiliary" draft="unconfirmed">[à å ä æ ç é è ń ñ ó ò ö ø q ú ü w-y]</exemplarCharacters>
		<exemplarCharacters type="auxiliary" alt="proposed-u219-2" draft="unconfirmed">[ç ñ ü w]</exemplarCharacters>
		<exemplarCharacters alt="proposed-u219-2" draft="unconfirmed">[a á à å ä æ b c č d đ e é è f-n ń ŋ o ó ò ö ø p-s š t ŧ u ú v x-z ž]</exemplarCharacters>
		<exemplarCharacters alt="proposed-u227-1" draft="unconfirmed">[a á å æ b c č d đ e-n ŋ o ø p-s š t ŧ u-z ž]</exemplarCharacters>
	</characters>
	<delimiters>
		<quotationStart draft="unconfirmed">”</quotationStart>
		<alternateQuotationStart draft="unconfirmed">’</alternateQuotationStart>
	</delimiters>
	<dates>
		<calendars>
			<calendar type="gregorian">
				<months>
					<monthContext type="format">
						<monthWidth type="wide">
							<month type="1" draft="unconfirmed">tsiengele</month>
							<month type="2" draft="unconfirmed">goevte</month>
							<month type="3" draft="unconfirmed">njoktje</month>
							<month type="4" draft="unconfirmed">voerhtje</month>
							<month type="5" draft="unconfirmed">suehpede</month>
							<month type="6" draft="unconfirmed">ruffie</month>
							<month type="7" draft="unconfirmed">snaltje</month>
							<month type="8" draft="unconfirmed">mietske</month>
							<month type="9" draft="unconfirmed">skierede</month>
							<month type="10" draft="unconfirmed">rihkede</month>
							<month type="11" draft="unconfirmed">rahka</month>
							<month type="12" draft="unconfirmed">goeve</month>
						</monthWidth>
					</monthContext>
				</months>
				<days>
					<dayContext type="format">
						<dayWidth type="wide">
							<day type="sun" draft="unconfirmed">aejlege</day>
							<day type="mon" draft="unconfirmed">måanta</day>
							<day type="tue" draft="unconfirmed">däjsta</day>
							<day type="wed" draft="unconfirmed">gaskevahkoe</day>
							<day type="thu" draft="unconfirmed">dåarsta</day>
							<day type="fri" draft="unconfirmed">bearjadahke</day>
							<day type="sat" draft="unconfirmed">laavadahke</day>
						</dayWidth>
					</dayContext>
				</days>
			</calendar>
		</calendars>
	</dates>
	<numbers>
		<symbols>
			<decimal draft="unconfirmed">,</decimal>
			<minusSign draft="unconfirmed">−</minusSign>
			<nan draft="unconfirmed">¤¤¤</nan>
		</symbols>
		<percentFormats>
			<percentFormatLength>
				<percentFormat>
					<pattern draft="unconfirmed">#,##0 %</pattern>
				</percentFormat>
			</percentFormatLength>
		</percentFormats>
		<currencyFormats>
			<currencyFormatLength>
				<currencyFormat>
					<pattern draft="unconfirmed">#,##0.00 ¤</pattern>
				</currencyFormat>
			</currencyFormatLength>
		</currencyFormats>
	</numbers>
</ldml>

