<?xml version="1.0" encoding="UTF-8" ?>
<!DOCTYPE ldml SYSTEM "http://www.unicode.org/cldr/dtd/1.4/ldml.dtd">
<ldml>
	<identity>
		<version number="$Revision: 1.41 $"/>
		<generation date="$Date: 2006/06/24 23:27:01 $"/>
		<language type="sl"/>
		<territory type="SI"/>
	</identity>
	<delimiters>
		<quotationStart draft="unconfirmed">‘</quotationStart>
		<quotationEnd draft="unconfirmed">’</quotationEnd>
		<alternateQuotationStart draft="unconfirmed">„</alternateQuotationStart>
		<alternateQuotationEnd draft="unconfirmed">“</alternateQuotationEnd>
	</delimiters>
	<numbers>
		<currencyFormats>
			<currencyFormatLength>
				<currencyFormat>
					<pattern draft="unconfirmed">#,##0.00 ¤</pattern>
				</currencyFormat>
			</currencyFormatLength>
		</currencyFormats>
	</numbers>
</ldml>
<!-- Old Comments. See root.xml for more info.

NumberPatterns { 
"#,##0.###;-#,##0.###",
"\u00A4 #,##0.00;-\u00A4 #,##0.00",
"#,##0%",
}
-->

