<?xml version="1.0" encoding="UTF-8" ?>
<!DOCTYPE ldml SYSTEM "http://www.unicode.org/cldr/dtd/1.4/ldml.dtd">
<ldml>
	<identity>
		<version number="$Revision: 1.38 $"/>
		<generation date="$Date: 2006/06/24 23:27:01 $"/>
		<language type="so"/>
		<territory type="KE"/>
	</identity>
	<numbers>
		<currencyFormats>
			<currencyFormatLength>
				<currencyFormat>
					<pattern>¤#,##0.00</pattern>
				</currencyFormat>
			</currencyFormatLength>
		</currencyFormats>
	</numbers>
</ldml>
<!-- Old Comments. See root.xml for more info.
URL: http://oss.software.ibm.com/cvs/icu/icu/source/data/locales/so_KE.txt?only_with_tag=final-update-LDML

* Somali language locale for Kenya.
* Contributed by :
*    Daniel Yacob <yacob@geez.org>, Ge'ez Frontier Foundation
*    Mohamed Diriye Abdullahi <diriyeam@magellan.umontreal.ca>
*    Department of Linguistics and Translation, Universite de Montreal, Montreal
Measurement { "Metric" }
"\u2030",
"\u221E",
"\uFFFD",
}
PaperSize {
Height { "297" }
Width { "210" }
Units { "mm" }
}
-->

