<?xml version="1.0" encoding="UTF-8" ?>
<!DOCTYPE ldml SYSTEM "http://www.unicode.org/cldr/dtd/1.4/ldml.dtd">
<ldml>
	<!-- IDENTIFICATION of the locale -->
	<identity>
		<version number="$Revision: 1.19 $"/>
		<generation date="$Date: 2006/06/28 01:23:33 $"/>
		<language type="sr"/>
		<script type="Latn"/>
		<territory type="BA"/>
	</identity>
	<localeDisplayNames>
		<languages>
			<language type="sh" draft="provisional">srpski</language>
		</languages>
	</localeDisplayNames>
	<!-- CALENDAR INFORMATION.  Gregorian Only -->
	<dates>
		<calendars>
			<calendar type="gregorian">
				<months>
					<monthContext type="format">
						<monthWidth type="wide">
							<month type="6">juni</month>
							<month type="7">juli</month>
						</monthWidth>
					</monthContext>
				</months>
				<days>
					<dayContext type="format">
						<dayWidth type="abbreviated">
							<day type="wed">sri</day>
						</dayWidth>
						<dayWidth type="wide">
							<day type="wed">srijeda</day>
						</dayWidth>
					</dayContext>
				</days>
				<dateFormats>
					<dateFormatLength type="long">
						<dateFormat>
							<pattern>dd. MMMM yyyy.</pattern>
						</dateFormat>
					</dateFormatLength>
					<dateFormatLength type="medium">
						<dateFormat>
							<pattern>yyyy-MM-dd</pattern>
						</dateFormat>
					</dateFormatLength>
					<dateFormatLength type="short">
						<dateFormat>
							<pattern>yy-MM-dd</pattern>
						</dateFormat>
					</dateFormatLength>
				</dateFormats>
				<timeFormats>
					<timeFormatLength type="full">
						<timeFormat>
							<pattern>HH 'časova', mm 'minuta', ss 'sekundi'</pattern>
						</timeFormat>
					</timeFormatLength>
					<timeFormatLength type="medium">
						<timeFormat>
							<pattern>HH:mm:ss</pattern>
						</timeFormat>
					</timeFormatLength>
					<timeFormatLength type="short">
						<timeFormat>
							<pattern>HH:mm</pattern>
						</timeFormat>
					</timeFormatLength>
				</timeFormats>
				<dateTimeFormats>
					<availableFormats>
						<dateFormatItem id="MMMMdd" draft="provisional">dd. MMMM</dateFormatItem>
						<dateFormatItem id="mmss" draft="provisional">mm:ss</dateFormatItem>
						<dateFormatItem id="yyyyMM" draft="provisional">yyyy-MM</dateFormatItem>
						<dateFormatItem id="yyyyMMMM" draft="provisional">MMMM yyyy.</dateFormatItem>
					</availableFormats>
				</dateTimeFormats>
			</calendar>
		</calendars>
	</dates>
	<!-- NUMERIC INFORMATION -->
	<numbers>
		<!-- MONETARY INFORMATION -->
		<currencyFormats>
			<currencyFormatLength>
				<currencyFormat>
					<pattern draft="provisional">#,##0.00 km</pattern>
				</currencyFormat>
			</currencyFormatLength>
		</currencyFormats>
		<currencies>
			<!-- currency id as per ISO4217, three letter alphabetic code -->
			<currency type="BAM">
				<displayName>Konvertibilna Marka</displayName>
				<symbol>KM.</symbol>
				<!-- decimal draft="true">,</decimal
					 group draft="true">.</group
				-->
			</currency>
		</currencies>
	</numbers>
</ldml>

