<?xml version="1.0" encoding="UTF-8" ?>
<!DOCTYPE ldml SYSTEM "http://www.unicode.org/cldr/dtd/1.4/ldml.dtd">
<ldml>
	<identity>
		<version number="$Revision: 1.11 $"/>
		<generation date="$Date: 2006/06/28 01:56:26 $"/>
		<language type="ss"/>
	</identity>
    <characters>
		<exemplarCharacters>[a-z]</exemplarCharacters>
	</characters>
	<delimiters>
		<quotationStart draft="unconfirmed">‘</quotationStart>
		<quotationEnd draft="unconfirmed">’</quotationEnd>
		<alternateQuotationStart draft="unconfirmed">“</alternateQuotationStart>
		<alternateQuotationEnd draft="unconfirmed">”</alternateQuotationEnd>
	</delimiters>
	<dates>
		<calendars>
			<calendar type="gregorian">
				<months>
					<monthContext type="format">
						<monthWidth type="abbreviated">
							<month type="1" draft="unconfirmed">Bhi</month>
							<month type="2" draft="unconfirmed">Van</month>
							<month type="3" draft="unconfirmed">Vol</month>
							<month type="4" draft="unconfirmed">Mab</month>
							<month type="5" draft="unconfirmed">Nkh</month>
							<month type="6" draft="unconfirmed">Nhl</month>
							<month type="7" draft="unconfirmed">Kho</month>
							<month type="8" draft="unconfirmed">Ngc</month>
							<month type="9" draft="unconfirmed">Nyo</month>
							<month type="10" draft="unconfirmed">Mph</month>
							<month type="11" draft="unconfirmed">Lwe</month>
							<month type="12" draft="unconfirmed">Ngo</month>
						</monthWidth>
						<monthWidth type="wide">
							<month type="1" draft="unconfirmed">Bhimbidvwane</month>
							<month type="2" draft="unconfirmed">iNdlovana</month>
							<month type="3" draft="unconfirmed">iNdlovu-lenkhulu</month>
							<month type="4" draft="unconfirmed">Mabasa</month>
							<month type="5" draft="unconfirmed">iNkhwekhweti</month>
							<month type="6" draft="unconfirmed">iNhlaba</month>
							<month type="7" draft="unconfirmed">Kholwane</month>
							<month type="8" draft="unconfirmed">iNgci</month>
							<month type="9" draft="unconfirmed">iNyoni</month>
							<month type="10" draft="unconfirmed">iMphala</month>
							<month type="11" draft="unconfirmed">Lweti</month>
							<month type="12" draft="unconfirmed">iNgongoni</month>
						</monthWidth>
					</monthContext>
				</months>
				<days>
					<dayContext type="format">
						<dayWidth type="abbreviated">
							<day type="sun" draft="unconfirmed">Son</day>
							<day type="mon" draft="unconfirmed">Mso</day>
							<day type="tue" draft="unconfirmed">Bil</day>
							<day type="wed" draft="unconfirmed">Tsa</day>
							<day type="thu" draft="unconfirmed">Ne</day>
							<day type="fri" draft="unconfirmed">Hla</day>
							<day type="sat" draft="unconfirmed">Mgc</day>
						</dayWidth>
						<dayWidth type="wide">
							<day type="sun" draft="unconfirmed">Lisontfo</day>
							<day type="mon" draft="unconfirmed">uMsombuluko</day>
							<day type="tue" draft="unconfirmed">Lesibili</day>
							<day type="wed" draft="unconfirmed">Lesitsatfu</day>
							<day type="thu" draft="unconfirmed">Lesine</day>
							<day type="fri" draft="unconfirmed">Lesihlanu</day>
							<day type="sat" draft="unconfirmed">uMgcibelo</day>
						</dayWidth>
					</dayContext>
				</days>
				<eras>
					<eraNames>
						<era type="0" draft="unconfirmed">BC</era>
						<era type="1" draft="unconfirmed">AD</era>
					</eraNames>
					<eraAbbr>
						<era type="0" draft="unconfirmed">BC</era>
						<era type="1" draft="unconfirmed">AD</era>
					</eraAbbr>
				</eras>
			</calendar>
		</calendars>
	</dates>
	<numbers>
		<currencies>
			<currency type="ZAR">
				<symbol draft="unconfirmed">R</symbol>
			</currency>
		</currencies>
	</numbers>
</ldml>

