<?xml version="1.0" encoding="UTF-8" ?>
<!DOCTYPE ldml SYSTEM "http://www.unicode.org/cldr/dtd/1.4/ldml.dtd">
<ldml>
	<identity>
		<version number="$Revision: 1.10 $"/>
		<generation date="$Date: 2006/06/28 01:23:33 $"/>
		<language type="st"/>
	</identity>
	<characters>
		<exemplarCharacters>[a-z]</exemplarCharacters>
	</characters>
	<delimiters>
		<quotationStart draft="unconfirmed">‘</quotationStart>
		<quotationEnd draft="unconfirmed">’</quotationEnd>
		<alternateQuotationStart draft="unconfirmed">“</alternateQuotationStart>
		<alternateQuotationEnd draft="unconfirmed">”</alternateQuotationEnd>
	</delimiters>
	<dates>
		<calendars>
			<calendar type="gregorian">
				<months>
					<monthContext type="format">
						<monthWidth type="abbreviated">
							<month type="1" draft="unconfirmed">Phe</month>
							<month type="2" draft="unconfirmed">Kol</month>
							<month type="3" draft="unconfirmed">Ube</month>
							<month type="4" draft="unconfirmed">Mme</month>
							<month type="5" draft="unconfirmed">Mot</month>
							<month type="6" draft="unconfirmed">Jan</month>
							<month type="7" draft="unconfirmed">Upu</month>
							<month type="8" draft="unconfirmed">Pha</month>
							<month type="9" draft="unconfirmed">Leo</month>
							<month type="10" draft="unconfirmed">Mph</month>
							<month type="11" draft="unconfirmed">Pun</month>
							<month type="12" draft="unconfirmed">Tsh</month>
						</monthWidth>
						<monthWidth type="wide">
							<month type="1" draft="unconfirmed">Phesekgong</month>
							<month type="2" draft="unconfirmed">Hlakola</month>
							<month type="3" draft="unconfirmed">Hlakubele</month>
							<month type="4" draft="unconfirmed">Mmese</month>
							<month type="5" draft="unconfirmed">Motsheanong</month>
							<month type="6" draft="unconfirmed">Phupjane</month>
							<month type="7" draft="unconfirmed">Phupu</month>
							<month type="8" draft="unconfirmed">Phata</month>
							<month type="9" draft="unconfirmed">Leotshe</month>
							<month type="10" draft="unconfirmed">Mphalane</month>
							<month type="11" draft="unconfirmed">Pundungwane</month>
							<month type="12" draft="unconfirmed">Tshitwe</month>
						</monthWidth>
					</monthContext>
				</months>
				<days>
					<dayContext type="format">
						<dayWidth type="abbreviated">
							<day type="sun" draft="unconfirmed">Son</day>
							<day type="mon" draft="unconfirmed">Mma</day>
							<day type="tue" draft="unconfirmed">Bed</day>
							<day type="wed" draft="unconfirmed">Rar</day>
							<day type="thu" draft="unconfirmed">Ne</day>
							<day type="fri" draft="unconfirmed">Hla</day>
							<day type="sat" draft="unconfirmed">Moq</day>
						</dayWidth>
						<dayWidth type="wide">
							<day type="sun" draft="unconfirmed">Sontaha</day>
							<day type="mon" draft="unconfirmed">Mmantaha</day>
							<day type="tue" draft="unconfirmed">Labobedi</day>
							<day type="wed" draft="unconfirmed">Laboraru</day>
							<day type="thu" draft="unconfirmed">Labone</day>
							<day type="fri" draft="unconfirmed">Labohlane</day>
							<day type="sat" draft="unconfirmed">Moqebelo</day>
						</dayWidth>
					</dayContext>
				</days>
				<eras>
					<eraNames>
						<era type="0" draft="unconfirmed">BC</era>
						<era type="1" draft="unconfirmed">AD</era>
					</eraNames>
					<eraAbbr>
						<era type="0" draft="unconfirmed">BC</era>
						<era type="1" draft="unconfirmed">AD</era>
					</eraAbbr>
				</eras>
			</calendar>
		</calendars>
	</dates>
	<numbers>
		<currencies>
			<currency type="ZAR">
				<symbol draft="unconfirmed">R</symbol>
			</currency>
		</currencies>
	</numbers>
</ldml>

