<?xml version="1.0" encoding="UTF-8" ?>
<!DOCTYPE ldml SYSTEM "http://www.unicode.org/cldr/dtd/1.4/ldml.dtd">
<ldml>
	<identity>
		<version number="$Revision: 1.27 $"/>
		<generation date="$Date: 2006/06/24 23:27:01 $"/>
		<language type="syr"/>
	</identity>
	<localeDisplayNames>
		<languages>
			<language type="syr" draft="unconfirmed">ܣܘܪܝܝܐ</language>
		</languages>
		<territories>
			<territory type="SY" draft="unconfirmed">ܣܘܪܝܝܐ</territory>
		</territories>
	</localeDisplayNames>
	<characters>
		<exemplarCharacters>[ܑ ܰ-݊ ܃-܉ ܁ ܂ ܀ ܊-܍ ܐ ܒ-ܔ ܖ ܕ ܗ-ܬ]</exemplarCharacters>
		<exemplarCharacters type="auxiliary">[\u070F\u200C \u200D ܭ-ܯ ݍ-ݏ]</exemplarCharacters>
	</characters>
	<dates>
		<calendars>
			<calendar type="gregorian">
				<months>
					<monthContext type="format">
						<monthWidth type="abbreviated">
							<month type="1" draft="unconfirmed">܏ܟܢ ܏ܒ</month>
							<month type="2" draft="unconfirmed">ܫܒܛ</month>
							<month type="3" draft="unconfirmed">ܐܕܪ</month>
							<month type="4" draft="unconfirmed">ܢܝܣܢ</month>
							<month type="5" draft="unconfirmed">ܐܝܪ</month>
							<month type="6" draft="unconfirmed">ܚܙܝܪܢ</month>
							<month type="7" draft="unconfirmed">ܬܡܘܙ</month>
							<month type="8" draft="unconfirmed">ܐܒ</month>
							<month type="9" draft="unconfirmed">ܐܝܠܘܠ</month>
							<month type="10" draft="unconfirmed">܏ܬܫ ܏ܐ</month>
							<month type="11" draft="unconfirmed">܏ܬܫ ܏ܒ</month>
							<month type="12" draft="unconfirmed">܏ܟܢ ܏ܐ</month>
						</monthWidth>
					</monthContext>
				</months>
			</calendar>
		</calendars>
	</dates>
	<numbers>
		<currencies>
			<currency type="SYP">
				<symbol draft="unconfirmed">ل.س.‏</symbol>
			</currency>
		</currencies>
	</numbers>
</ldml>

