<?xml version="1.0" encoding="UTF-8" ?>
<!DOCTYPE ldml SYSTEM "http://www.unicode.org/cldr/dtd/1.4/ldml.dtd">
<ldml>
	<identity>
		<version number="$Revision: 1.31 $"/>
		<generation date="$Date: 2006/06/27 23:30:54 $"/>
		<language type="syr"/>
		<territory type="SY"/>
	</identity>
	<dates>
		<calendars>
			<calendar type="gregorian">
				<dateFormats>
					<dateFormatLength type="full">
						<dateFormat>
							<pattern draft="unconfirmed">dd MMMM, yyyy</pattern>
						</dateFormat>
					</dateFormatLength>
					<dateFormatLength type="long">
						<dateFormat>
							<pattern draft="unconfirmed">dd MMMM, yyyy</pattern>
						</dateFormat>
					</dateFormatLength>
					<dateFormatLength type="medium">
						<dateFormat>
							<pattern draft="unconfirmed">dd/MM/yyyy</pattern>
						</dateFormat>
					</dateFormatLength>
					<dateFormatLength type="short">
						<dateFormat>
							<pattern draft="unconfirmed">dd/MM/yyyy</pattern>
						</dateFormat>
					</dateFormatLength>
				</dateFormats>
				<timeFormats>
					<timeFormatLength type="full">
						<timeFormat>
							<pattern draft="unconfirmed">h:mm:ss a</pattern>
						</timeFormat>
					</timeFormatLength>
					<timeFormatLength type="long">
						<timeFormat>
							<pattern draft="unconfirmed">h:mm:ss a</pattern>
						</timeFormat>
					</timeFormatLength>
					<timeFormatLength type="medium">
						<timeFormat>
							<pattern draft="unconfirmed">h:mm:ss</pattern>
						</timeFormat>
					</timeFormatLength>
					<timeFormatLength type="short">
						<timeFormat>
							<pattern draft="unconfirmed">h:mm</pattern>
						</timeFormat>
					</timeFormatLength>
				</timeFormats>
				<dateTimeFormats>
					<availableFormats>
						<dateFormatItem id="MMMMdd" draft="provisional">dd MMMM</dateFormatItem>
						<dateFormatItem id="MMdd" draft="provisional">dd/MM</dateFormatItem>
						<dateFormatItem id="mmss" draft="provisional">mm:ss</dateFormatItem>
						<dateFormatItem id="yyyyMM" draft="provisional">MM/yyyy</dateFormatItem>
						<dateFormatItem id="yyyyMMMM" draft="provisional">MMMM, yyyy</dateFormatItem>
					</availableFormats>
				</dateTimeFormats>
			</calendar>
		</calendars>
	</dates>
	<numbers>
		<decimalFormats>
			<decimalFormatLength>
				<decimalFormat>
					<pattern draft="unconfirmed">#,##0.###;#,##0.###-</pattern>
				</decimalFormat>
			</decimalFormatLength>
		</decimalFormats>
		<currencyFormats>
			<currencyFormatLength>
				<currencyFormat>
					<pattern draft="unconfirmed">¤ #,##0.00;¤ #,##0.00-</pattern>
				</currencyFormat>
			</currencyFormatLength>
		</currencyFormats>
	</numbers>
</ldml>

