<?xml version="1.0" encoding="UTF-8" ?>
<!DOCTYPE ldml SYSTEM "http://www.unicode.org/cldr/dtd/1.4/ldml.dtd">
<ldml>
	<identity>
		<version number="$Revision: 1.47 $"/>
		<generation date="$Date: 2006/06/27 23:30:54 $"/>
		<language type="ta"/>
		<territory type="IN"/>
	</identity>
	<delimiters>
		<quotationStart draft="unconfirmed">'</quotationStart>
		<quotationEnd draft="unconfirmed">'</quotationEnd>
		<alternateQuotationStart draft="unconfirmed">&quot;</alternateQuotationStart>
		<alternateQuotationEnd draft="unconfirmed">&quot;</alternateQuotationEnd>
	</delimiters>
	<dates>
		<calendars>
			<calendar type="gregorian">
				<dateFormats>
					<dateFormatLength type="full">
						<dateFormat>
							<pattern>EEEE d MMMM yyyy</pattern>
						</dateFormat>
					</dateFormatLength>
					<dateFormatLength type="long">
						<dateFormat>
							<pattern>d MMMM yyyy</pattern>
						</dateFormat>
					</dateFormatLength>
					<dateFormatLength type="medium">
						<dateFormat>
							<pattern>dd-MM-yyyy</pattern>
						</dateFormat>
					</dateFormatLength>
					<dateFormatLength type="short">
						<dateFormat>
							<pattern>d-M-yy</pattern>
						</dateFormat>
					</dateFormatLength>
				</dateFormats>
				<timeFormats>
					<timeFormatLength type="full">
						<timeFormat>
							<pattern>h:mm:ss a z</pattern>
						</timeFormat>
					</timeFormatLength>
					<timeFormatLength type="long">
						<timeFormat>
							<pattern>h:mm:ss a z</pattern>
						</timeFormat>
					</timeFormatLength>
					<timeFormatLength type="medium">
						<timeFormat>
							<pattern>h:mm:ss a</pattern>
						</timeFormat>
					</timeFormatLength>
					<timeFormatLength type="short">
						<timeFormat>
							<pattern>h:mm a</pattern>
						</timeFormat>
					</timeFormatLength>
				</timeFormats>
				<dateTimeFormats>
					<availableFormats>
						<dateFormatItem id="MMMMd" draft="provisional">d MMMM</dateFormatItem>
						<dateFormatItem id="MMdd" draft="provisional">dd-MM</dateFormatItem>
						<dateFormatItem id="yyyyMM" draft="provisional">MM-yyyy</dateFormatItem>
						<dateFormatItem id="yyyyMMMM" draft="provisional">MMMM yyyy</dateFormatItem>
					</availableFormats>
				</dateTimeFormats>
			</calendar>
		</calendars>
	</dates>
</ldml>
<!-- Old Comments. See root.xml for more info.
Tamil locale.  Based on Hindi locale
-->

