<?xml version="1.0" encoding="UTF-8" ?>
<!DOCTYPE ldml SYSTEM "http://www.unicode.org/cldr/dtd/1.4/ldml.dtd">
<ldml>
	<identity>
		<version number="$Revision: 1.11 $"/>
		<generation date="$Date: 2006/06/28 01:23:33 $"/>
		<language type="tg"/>
	</identity>
	<localeDisplayNames>
		<languages>
			<language type="de" references="RP1">Немисӣ</language>
			<language type="en" references="RP1">Англисӣ</language>
			<language type="fr" references="RP1">Фаронсавӣ</language>
			<language type="zh" references="RP1">Чинӣ</language>
		</languages>
		<scripts>
			<script type="Arab">Арабӣ</script>
		</scripts>
		<territories>
			<territory type="AF">Афғонистан</territory>
		</territories>
	</localeDisplayNames>
	<characters>
		<exemplarCharacters>[а-г ғ д е ё ж-и ӣ й к қ л-у ӯ ф х ҳ ч ҷ ш ъ э-я]</exemplarCharacters>
		<exemplarCharacters type="auxiliary">[ц щ ы ь]</exemplarCharacters>
	</characters>
	<delimiters>
		<quotationStart draft="unconfirmed">«</quotationStart>
		<quotationEnd draft="unconfirmed">»</quotationEnd>
		<alternateQuotationStart draft="unconfirmed">«</alternateQuotationStart>
		<alternateQuotationEnd draft="unconfirmed">„</alternateQuotationEnd>
	</delimiters>
	<dates>
		<calendars>
			<calendar type="gregorian">
				<months>
					<monthContext type="format">
						<monthWidth type="abbreviated">
							<month type="1" draft="unconfirmed">Янв</month>
							<month type="2" draft="unconfirmed">Фев</month>
							<month type="3" draft="unconfirmed">Мар</month>
							<month type="4" draft="unconfirmed">Апр</month>
							<month type="5" draft="unconfirmed">Май</month>
							<month type="6" draft="unconfirmed">Июн</month>
							<month type="7" draft="unconfirmed">Июл</month>
							<month type="8" draft="unconfirmed">Авг</month>
							<month type="9" draft="unconfirmed">Сен</month>
							<month type="10" draft="unconfirmed">Окт</month>
							<month type="11" draft="unconfirmed">Ноя</month>
							<month type="12" draft="unconfirmed">Дек</month>
						</monthWidth>
						<monthWidth type="wide">
							<month type="1" draft="unconfirmed">Январ</month>
							<month type="2" draft="unconfirmed">Феврал</month>
							<month type="3" draft="unconfirmed">Март</month>
							<month type="4" draft="unconfirmed">Апрел</month>
							<month type="5" draft="unconfirmed">Май</month>
							<month type="6" draft="unconfirmed">Июн</month>
							<month type="7" draft="unconfirmed">Июл</month>
							<month type="8" draft="unconfirmed">Август</month>
							<month type="9" draft="unconfirmed">Сентябр</month>
							<month type="10" draft="unconfirmed">Октябр</month>
							<month type="11" draft="unconfirmed">Ноябр</month>
							<month type="12" draft="unconfirmed">Декабр</month>
						</monthWidth>
					</monthContext>
				</months>
				<days>
					<dayContext type="format">
						<dayWidth type="abbreviated">
							<day type="sun" draft="unconfirmed">Яшб</day>
							<day type="mon" draft="unconfirmed">Дшб</day>
							<day type="tue" draft="unconfirmed">Сшб</day>
							<day type="wed" draft="unconfirmed">Чшб</day>
							<day type="thu" draft="unconfirmed">Пшб</day>
							<day type="fri" draft="unconfirmed">Ҷмъ</day>
							<day type="sat" draft="unconfirmed">Шнб</day>
						</dayWidth>
						<dayWidth type="wide">
							<day type="sun" draft="unconfirmed">Якшанбе</day>
							<day type="mon" draft="unconfirmed">Душанбе</day>
							<day type="tue" draft="unconfirmed">Сешанбе</day>
							<day type="wed" draft="unconfirmed">Чоршанбе</day>
							<day type="thu" draft="unconfirmed">Панҷшанбе</day>
							<day type="fri" draft="unconfirmed">Ҷумъа</day>
							<day type="sat" draft="unconfirmed">Шанбе</day>
						</dayWidth>
					</dayContext>
				</days>
				<am draft="unconfirmed">пе. чо.</am>
				<pm draft="unconfirmed">па. чо.</pm>
				<eras>
					<eraNames>
						<era type="0" draft="unconfirmed">Пеш аз милод</era>
						<era type="1" draft="unconfirmed">ПаМ</era>
					</eraNames>
					<eraAbbr>
						<era type="0" draft="unconfirmed">ПеМ</era>
						<era type="1" draft="unconfirmed">ПаМ</era>
					</eraAbbr>
				</eras>
			</calendar>
		</calendars>
	</dates>
	<numbers>
		<currencies>
			<currency type="TJS">
				<displayName draft="unconfirmed">Сомонӣ</displayName>
				<symbol draft="unconfirmed">сом</symbol>
			</currency>
		</currencies>
	</numbers>
	<references>
		<reference type="RP1">Фарҳанги Англисӣ-Тоҷикӣ (Ҷамшедов &amp; Розӣ)</reference>
	</references>
</ldml>

