<?xml version="1.0" encoding="UTF-8" ?>
<!DOCTYPE ldml SYSTEM "http://www.unicode.org/cldr/dtd/1.4/ldml.dtd">
<ldml>
	<identity>
		<version number="$Revision: 1.39 $"/>
		<generation date="$Date: 2006/06/28 01:56:26 $"/>
		<language type="th"/>
		<territory type="TH"/>
	</identity>
	<localeDisplayNames>
		<languages>
			<language type="ae">อาเวสทาน</language>
			<language type="ch">ชามอร์โร</language>
			<language type="dsb">ซอร์เบียนต่ำ</language>
			<language type="dz" draft="provisional">ดซองขา</language>
			<language type="eka">อีกาจุก</language>
			<language type="ewo">อีวันโด</language>
			<language type="fat">ฟันติ</language>
			<language type="grb">เกรโบ</language>
			<language type="hz">เฮเรโร</language>
			<language type="ii">ชิชวนยี่</language>
			<language type="inh">อิงกุช</language>
			<language type="mk">มาซิโดเนีย</language>
			<language type="mwl">มิรันดีส</language>
			<language type="nap">เนียโพลิแทน</language>
			<language type="nr">เอ็นเดเบเลใต้</language>
			<language type="phi" draft="provisional">ฟิลิปปินส์ [PHI]</language>
			<language type="ro">โรมาเนีย</language>
			<language type="ss">สวาติ</language>
			<language type="ter">เทเรโน</language>
			<language type="tk">เติร์ก</language>
			<language type="tn">สวานา</language>
			<language type="ty">ตาฮิเตียน</language>
			<language type="ur">อูรดู</language>
		</languages>
		<scripts>
			<script type="Geor">จอร์เจียน</script>
			<script type="Hung">ฮังการีโบราณ</script>
			<script type="Ital">อิตาลีโบราณ</script>
			<script type="Mlym">มาลายาลัม</script>
		</scripts>
		<territories>
			<territory type="AN">เนเธอร์แลนด์แอนทิลลิส</territory>
		</territories>
		<keys>
			<key type="collation">ตรวจเทียบ</key>
		</keys>
	</localeDisplayNames>
	<delimiters>
		<quotationStart>'</quotationStart>
		<quotationEnd>'</quotationEnd>
		<alternateQuotationStart>&quot;</alternateQuotationStart>
		<alternateQuotationEnd>&quot;</alternateQuotationEnd>
	</delimiters>
	<numbers>
		<currencyFormats>
			<currencyFormatLength>
				<currencyFormat>
					<pattern>¤#,##0.00;¤-#,##0.00</pattern>
				</currencyFormat>
			</currencyFormatLength>
		</currencyFormats>
	</numbers>
</ldml>

