<?xml version="1.0" encoding="UTF-8" ?>
<!DOCTYPE ldml SYSTEM "http://www.unicode.org/cldr/dtd/1.4/ldml.dtd">
<ldml>
	<identity>
		<version number="$Revision: 1.43 $"/>
		<generation date="$Date: 2006/06/28 01:56:26 $"/>
		<language type="ti"/>
	</identity>
	<localeDisplayNames>
		<languages>
			<alias source="am"/>
		</languages>
		<scripts>
			<script type="Ethi" draft="unconfirmed">ፊደል</script>
			<script type="Latn" draft="unconfirmed">ላቲን</script>
		</scripts>
		<territories>
			<alias source="am"/>
		</territories>
	</localeDisplayNames>
	<characters>
		<exemplarCharacters>[፟ ፡ ፣-፧ ። ፠ ፨ ᎐-᎙ ፲-፼ ፩-፱ ሀ-ሏ ⶀ ሐ-ሟ ᎀ-ᎃ ⶁ ሠ-ሯ ⶂ ሰ-ሷ ⶃ ሸ-ሿ ⶄ ቀ-ቈ ቊ-ቍ ቐ-ቖ ቘ ቚ-ቝ በ-ቧ ᎄ-ᎇ ⶅ ቨ-ቷ ⶆ ቸ-ቿ ⶇ ኀ-ኈ ኊ-ኍ ነ-ኗ ⶈ ኘ-ኟ ⶉ አ-ኧ ⶊ ከ-ኰ ኲ-ኵ ኸ-ኾ ዀ ዂ-ዅ ወ-ዖ ዘ-ዟ ⶋ ዠ-ዷ ⶌ ዸ-ዿ ⶍ ጀ-ጇ ⶎ ገ-ጐ ጒ-ጕ ጘ-ጟ ⶓ-ⶖ ጠ-ጧ ⶏ ጨ-ጯ ⶐ ጰ-ጷ ⶑ ጸ-ፏ ᎈ-ᎋ ፐ-ፗ ᎌ-ᎏ ⶒ ፘ-ፚ ⶠ-ⶦ ⶨ-ⶮ ⶰ-ⶶ ⶸ-ⶾ ⷀ-ⷆ ⷈ-ⷎ ⷐ-ⷖ ⷘ-ⷞ]</exemplarCharacters>
	</characters>
	<dates>
		<calendars>
			<calendar type="gregorian">
				<months>
					<monthContext type="format">
						<monthWidth type="abbreviated">
							<month type="1">ጃንዩ</month>
							<month type="2">ፌብሩ</month>
							<month type="3">ማርች</month>
							<month type="4">ኤፕረ</month>
							<month type="5">ሜይ</month>
							<month type="6">ጁን</month>
							<month type="7">ጁላይ</month>
							<month type="8">ኦገስ</month>
							<month type="9">ሴፕቴ</month>
							<month type="10">ኦክተ</month>
							<month type="11">ኖቬም</month>
							<month type="12">ዲሴም</month>
						</monthWidth>
						<monthWidth type="wide">
							<month type="1">ጃንዩወሪ</month>
							<month type="2">ፌብሩወሪ</month>
							<month type="3">ማርች</month>
							<month type="4">ኤፕረል</month>
							<month type="5">ሜይ</month>
							<month type="6">ጁን</month>
							<month type="7">ጁላይ</month>
							<month type="8">ኦገስት</month>
							<month type="9">ሴፕቴምበር</month>
							<month type="10">ኦክተውበር</month>
							<month type="11">ኖቬምበር</month>
							<month type="12">ዲሴምበር</month>
						</monthWidth>
					</monthContext>
					<monthContext type="stand-alone">
						<monthWidth type="narrow">
							<month type="1" draft="unconfirmed">ጃ</month>
							<month type="2" draft="unconfirmed">ፌ</month>
							<month type="3" draft="unconfirmed">ማ</month>
							<month type="4" draft="unconfirmed">ኤ</month>
							<month type="5" draft="unconfirmed">ሜ</month>
							<month type="6" draft="unconfirmed">ጁ</month>
							<month type="7" draft="unconfirmed">ጁ</month>
							<month type="8" draft="unconfirmed">ኦ</month>
							<month type="9" draft="unconfirmed">ሴ</month>
							<month type="10" draft="unconfirmed">ኦ</month>
							<month type="11" draft="unconfirmed">ኖ</month>
							<month type="12" draft="unconfirmed">ዲ</month>
						</monthWidth>
					</monthContext>
				</months>
				<days>
					<dayContext type="format">
						<dayWidth type="abbreviated">
							<day type="sun">ሰንበ</day>
							<day type="mon">ሰኑይ</day>
							<day type="tue">ሠሉስ</day>
							<day type="wed">ረቡዕ</day>
							<day type="thu">ኃሙስ</day>
							<day type="fri">ዓርቢ</day>
							<day type="sat">ቀዳም</day>
						</dayWidth>
						<dayWidth type="wide">
							<day type="sun">ሰንበት</day>
							<day type="mon">ሰኑይ</day>
							<day type="tue">ሠሉስ</day>
							<day type="wed">ረቡዕ</day>
							<day type="thu">ኃሙስ</day>
							<day type="fri">ዓርቢ</day>
							<day type="sat">ቀዳም</day>
						</dayWidth>
					</dayContext>
					<dayContext type="stand-alone">
						<dayWidth type="narrow">
							<day type="sun" draft="unconfirmed">ሰ</day>
							<day type="mon" draft="unconfirmed">ሰ</day>
							<day type="tue" draft="unconfirmed">ሠ</day>
							<day type="wed" draft="unconfirmed">ረ</day>
							<day type="thu" draft="unconfirmed">ኃ</day>
							<day type="fri" draft="unconfirmed">ዓ</day>
							<day type="sat" draft="unconfirmed">ቀ</day>
						</dayWidth>
					</dayContext>
				</days>
				<am>ንጉሆ ሰዓተ</am>
				<pm>ድሕር ሰዓት</pm>
				<eras>
					<eraAbbr>
						<era type="0">ዓ/ዓ</era>
						<era type="1">ዓ/ም</era>
					</eraAbbr>
				</eras>
			</calendar>
		</calendars>
	</dates>
	<numbers>
		<currencies>
			<currency type="BRL">
				<displayName draft="unconfirmed">የብራዚል ሪል</displayName>
				<symbol draft="unconfirmed">R$</symbol>
			</currency>
			<currency type="CNY">
				<displayName draft="unconfirmed">የቻይና ዩአን ረንሚንቢ</displayName>
				<symbol draft="unconfirmed">Y</symbol>
			</currency>
			<currency type="ETB">
				<displayName draft="unconfirmed">የኢትዮጵያ ብር</displayName>
			</currency>
			<currency type="EUR">
				<displayName draft="unconfirmed">አውሮ</displayName>
			</currency>
			<currency type="GBP">
				<displayName draft="unconfirmed">የእንግሊዝ ፓውንድ ስተርሊንግ</displayName>
			</currency>
			<currency type="INR">
				<displayName draft="unconfirmed">የሕንድ ሩፒ</displayName>
			</currency>
			<currency type="JPY">
				<displayName draft="unconfirmed">የጃፓን የን</displayName>
			</currency>
			<currency type="RUB">
				<displayName draft="unconfirmed">የራሻ ሩብል</displayName>
			</currency>
			<currency type="USD">
				<displayName draft="unconfirmed">የአሜሪካን ዶላር</displayName>
				<symbol draft="unconfirmed">USD</symbol>
			</currency>
		</currencies>
	</numbers>
</ldml>
<!-- Old Comments. See root.xml for more info.
URL: http://oss.software.ibm.com/cvs/icu/icu/source/data/locales/ti.txt?only_with_tag=final-update-LDML

* Tigrigna language locale.
* Contributed by Daniel Yacob <yacob@geez.org>, Ge'ez Frontier Foundation
-->

