<?xml version="1.0" encoding="UTF-8" ?>
<!DOCTYPE ldml SYSTEM "http://www.unicode.org/cldr/dtd/1.4/ldml.dtd">
<ldml>
	<identity>
		<version number="$Revision: 1.12 $"/>
		<generation date="$Date: 2006/06/28 01:23:34 $"/>
		<language type="tn"/>
	</identity>
	<characters>
		<exemplarCharacters references="RP1">[a b d e ê f-o ô p r-u w y]</exemplarCharacters>
		<exemplarCharacters type="auxiliary" references="RP3">[c q v x z]</exemplarCharacters>
	</characters>
	<delimiters>
		<quotationStart draft="unconfirmed">‘</quotationStart>
		<quotationEnd draft="unconfirmed">’</quotationEnd>
		<alternateQuotationStart draft="unconfirmed">“</alternateQuotationStart>
		<alternateQuotationEnd draft="unconfirmed">”</alternateQuotationEnd>
	</delimiters>
	<dates>
		<calendars>
			<calendar type="gregorian">
				<months>
					<monthContext type="format">
						<monthWidth type="abbreviated">
							<month type="1" draft="unconfirmed">Fer</month>
							<month type="2" draft="unconfirmed">Tlh</month>
							<month type="3" draft="unconfirmed">Mop</month>
							<month type="4" draft="unconfirmed">Mor</month>
							<month type="5" draft="unconfirmed">Mot</month>
							<month type="6" draft="unconfirmed">See</month>
							<month type="7" draft="unconfirmed">Phu</month>
							<month type="8" draft="unconfirmed">Pha</month>
							<month type="9" draft="unconfirmed">Lwe</month>
							<month type="10" draft="unconfirmed">Dip</month>
							<month type="11" draft="unconfirmed">Ngw</month>
							<month type="12" draft="unconfirmed">Sed</month>
						</monthWidth>
						<monthWidth type="wide">
							<month type="1" draft="unconfirmed">Ferikgong</month>
							<month type="2" draft="unconfirmed">Tlhakole</month>
							<month type="3" draft="unconfirmed">Mopitlo</month>
							<month type="4" draft="unconfirmed">Moranang</month>
							<month type="5" draft="unconfirmed">Motsheganang</month>
							<month type="6" draft="unconfirmed">Seetebosigo</month>
							<month type="7" draft="unconfirmed">Phukwi</month>
							<month type="8" draft="unconfirmed">Phatwe</month>
							<month type="9" draft="unconfirmed">Lwetse</month>
							<month type="10" draft="unconfirmed">Diphalane</month>
							<month type="11" draft="unconfirmed">Ngwanatsele</month>
							<month type="12" draft="unconfirmed">Sedimonthole</month>
						</monthWidth>
					</monthContext>
				</months>
				<days>
					<dayContext type="format">
						<dayWidth type="abbreviated">
							<day type="sun" draft="unconfirmed">Tsh</day>
							<day type="mon" draft="unconfirmed">Mos</day>
							<day type="tue" draft="unconfirmed">Bed</day>
							<day type="wed" draft="unconfirmed">Rar</day>
							<day type="thu" draft="unconfirmed">Ne</day>
							<day type="fri" draft="unconfirmed">Tla</day>
							<day type="sat" draft="unconfirmed">Mat</day>
						</dayWidth>
						<dayWidth type="wide">
							<day type="sun" draft="unconfirmed">Tshipi</day>
							<day type="mon" draft="unconfirmed">Mosopulogo</day>
							<day type="tue" draft="unconfirmed">Labobedi</day>
							<day type="wed" draft="unconfirmed">Laboraro</day>
							<day type="thu" draft="unconfirmed">Labone</day>
							<day type="fri" draft="unconfirmed">Labotlhano</day>
							<day type="sat" draft="unconfirmed">Matlhatso</day>
						</dayWidth>
					</dayContext>
				</days>
				<eras>
					<eraNames>
						<era type="0" draft="unconfirmed">BC</era>
						<era type="1" draft="unconfirmed">AD</era>
					</eraNames>
					<eraAbbr>
						<era type="0" draft="unconfirmed">BC</era>
						<era type="1" draft="unconfirmed">AD</era>
					</eraAbbr>
				</eras>
			</calendar>
		</calendars>
	</dates>
	<numbers>
		<currencies>
			<currency type="ZAR">
				<symbol draft="unconfirmed">R</symbol>
			</currency>
		</currencies>
	</numbers>
	<references>
		<reference type="RP1" uri="http://www.ideography.co.uk/library/pdf/charsets.pdf">Character Sets for African Languages</reference>
		<reference type="RP2" uri="http://www.eki.ee/letter/chardata.cgi?lang=tn+Tswana&amp;script=latin">Letter Database (non-ASCII-range) - Tswana</reference>
		<reference type="RP3" uri="http://developer.mimer.com/charts/tswana.htm">Mimer Collation Charts - Tswana</reference>
	</references>
</ldml>

