<?xml version="1.0" encoding="UTF-8" ?>
<!DOCTYPE ldml SYSTEM "http://www.unicode.org/cldr/dtd/1.4/ldml.dtd">
<ldml>
	<identity>
		<version number="$Revision: 1.31 $"/>
		<generation date="$Date: 2006/06/24 23:27:02 $"/>
		<language type="ur"/>
	</identity>
	<localeDisplayNames>
		<languages>
			<language type="ur">اردو</language>
		</languages>
		<territories>
			<territory type="IN">بھارت</territory>
			<territory type="PK">پاکستان</territory>
		</territories>
	</localeDisplayNames>
	<layout>
		<orientation characters="right-to-left" draft="approved"/>
	</layout>
	<characters>
		<exemplarCharacters>[ء-ؤ ئ-ب ٻ پ ة-ث ٹ ٺ ټ ٽ ج چ ح-ذ ڈ ر ز ڑ ژ س-غ ف ق ک گ ل-ن ں ه ھ و ی ے]</exemplarCharacters>
	</characters>
	<numbers>
		<currencies>
			<currency type="PKR">
				<symbol draft="unconfirmed">Rs</symbol>
			</currency>
		</currencies>
	</numbers>
</ldml>

