<?xml version="1.0" encoding="UTF-8" ?>
<!DOCTYPE ldml SYSTEM "http://www.unicode.org/cldr/dtd/1.4/ldml.dtd">
<ldml>
	<identity>
		<version number="$Revision: 1.32 $"/>
		<generation date="$Date: 2006/06/25 00:18:38 $"/>
		<language type="uz"/>
	</identity>
	<localeDisplayNames>
		<languages>
			<language type="ar" draft="unconfirmed">Арабча</language>
			<language type="de" draft="unconfirmed">Олмонча</language>
			<language type="en" draft="unconfirmed">Инглизча</language>
			<language type="es" draft="unconfirmed">Испанча</language>
			<language type="fr" draft="unconfirmed">Французча</language>
			<language type="hi" draft="unconfirmed">Ҳиндча</language>
			<language type="it" draft="unconfirmed">Италянча</language>
			<language type="ja" draft="unconfirmed">Японча</language>
			<language type="pt" draft="unconfirmed">Португалча</language>
			<language type="ru" draft="unconfirmed">Русча</language>
			<language type="uz" draft="unconfirmed">Ўзбек</language>
			<language type="zh" draft="unconfirmed">Хитойча</language>
		</languages>
		<scripts>
			<script type="Arab" draft="unconfirmed">Араб</script>
			<script type="Cyrl" draft="unconfirmed">Кирил</script>
			<script type="Latn" draft="unconfirmed">Лотин</script>
		</scripts>
		<territories>
			<territory type="AF" draft="unconfirmed">Афғонистон</territory>
			<territory type="BR" draft="unconfirmed">Бразилия</territory>
			<territory type="CN" draft="unconfirmed">Хитой</territory>
			<territory type="DE" draft="unconfirmed">Олмония</territory>
			<territory type="FR" draft="unconfirmed">Франция</territory>
			<territory type="GB" draft="unconfirmed">Бирлашган Қироллик</territory>
			<territory type="IN" draft="unconfirmed">Ҳиндистон</territory>
			<territory type="IT" draft="unconfirmed">Италия</territory>
			<territory type="JP" draft="unconfirmed">Япония</territory>
			<territory type="RU" draft="unconfirmed">Россия</territory>
			<territory type="US" draft="unconfirmed">Қўшма Штатлар</territory>
			<territory type="UZ" draft="unconfirmed">Ўзбекистон</territory>
		</territories>
	</localeDisplayNames>
	<characters>
		<exemplarCharacters>[а-г ғ д е ё ж-к қ л-у ў ф х ҳ ч ш ъ э-я]</exemplarCharacters>
		<exemplarCharacters type="auxiliary">[ц щ ы ь]</exemplarCharacters>
	</characters>
	<dates>
		<calendars>
			<calendar type="gregorian">
				<months>
					<monthContext type="format">
						<monthWidth type="abbreviated">
							<month type="1" draft="unconfirmed">Янв</month>
							<month type="2" draft="unconfirmed">Фев</month>
							<month type="3" draft="unconfirmed">Мар</month>
							<month type="4" draft="unconfirmed">Апр</month>
							<month type="5" draft="unconfirmed">Май</month>
							<month type="6" draft="unconfirmed">Июн</month>
							<month type="7" draft="unconfirmed">Июл</month>
							<month type="8" draft="unconfirmed">Авг</month>
							<month type="9" draft="unconfirmed">Сен</month>
							<month type="10" draft="unconfirmed">Окт</month>
							<month type="11" draft="unconfirmed">Ноя</month>
							<month type="12" draft="unconfirmed">Дек</month>
						</monthWidth>
						<monthWidth type="wide">
							<month type="1" draft="unconfirmed">Муҳаррам</month>
							<month type="2" draft="unconfirmed">Сафар</month>
							<month type="3" draft="unconfirmed">Рабиул-аввал</month>
							<month type="4" draft="unconfirmed">Рабиул-охир</month>
							<month type="5" draft="unconfirmed">Жумодиул-уло</month>
							<month type="6" draft="unconfirmed">Жумодиул-ухро</month>
							<month type="7" draft="unconfirmed">Ражаб</month>
							<month type="8" draft="unconfirmed">Шаъбон</month>
							<month type="9" draft="unconfirmed">Рамазон</month>
							<month type="10" draft="unconfirmed">Шаввол</month>
							<month type="11" draft="unconfirmed">Зил-қаъда</month>
							<month type="12" draft="unconfirmed">Зил-ҳижжа</month>
						</monthWidth>
					</monthContext>
					<monthContext type="stand-alone">
						<monthWidth type="narrow">
							<month type="1" draft="unconfirmed">Я</month>
							<month type="2" draft="unconfirmed">Ф</month>
							<month type="3" draft="unconfirmed">М</month>
							<month type="4" draft="unconfirmed">А</month>
							<month type="5" draft="unconfirmed">М</month>
							<month type="6" draft="unconfirmed">И</month>
							<month type="7" draft="unconfirmed">И</month>
							<month type="8" draft="unconfirmed">А</month>
							<month type="9" draft="unconfirmed">С</month>
							<month type="10" draft="unconfirmed">О</month>
							<month type="11" draft="unconfirmed">Н</month>
							<month type="12" draft="unconfirmed">Д</month>
						</monthWidth>
					</monthContext>
				</months>
				<days>
					<dayContext type="format">
						<dayWidth type="abbreviated">
							<day type="sun" draft="unconfirmed">Якш</day>
							<day type="mon" draft="unconfirmed">Душ</day>
							<day type="tue" draft="unconfirmed">Сеш</day>
							<day type="wed" draft="unconfirmed">Чор</day>
							<day type="thu" draft="unconfirmed">Пай</day>
							<day type="fri" draft="unconfirmed">Жум</day>
							<day type="sat" draft="unconfirmed">Шан</day>
						</dayWidth>
						<dayWidth type="wide">
							<day type="sun" draft="unconfirmed">якшанба</day>
							<day type="mon" draft="unconfirmed">душанба</day>
							<day type="tue" draft="unconfirmed">сешанба</day>
							<day type="wed" draft="unconfirmed">чоршанба</day>
							<day type="thu" draft="unconfirmed">пайшанба</day>
							<day type="fri" draft="unconfirmed">жума</day>
							<day type="sat" draft="unconfirmed">шанба</day>
						</dayWidth>
					</dayContext>
					<dayContext type="stand-alone">
						<dayWidth type="narrow">
							<day type="sun" draft="unconfirmed">Я</day>
							<day type="mon" draft="unconfirmed">Д</day>
							<day type="tue" draft="unconfirmed">С</day>
							<day type="wed" draft="unconfirmed">Ч</day>
							<day type="thu" draft="unconfirmed">П</day>
							<day type="fri" draft="unconfirmed">Ж</day>
							<day type="sat" draft="unconfirmed">Ш</day>
						</dayWidth>
					</dayContext>
				</days>
			</calendar>
		</calendars>
		<timeZoneNames>
			<zone type="Asia/Kabul">
				<long>
					<standard draft="unconfirmed">افغانستان وقتی</standard>
					<daylight draft="unconfirmed">افغانستان وقتی</daylight>
				</long>
				<short>
					<standard draft="unconfirmed">AFT</standard>
					<daylight draft="unconfirmed">AFT</daylight>
				</short>
				<exemplarCity>کابل</exemplarCity>
			</zone>
		</timeZoneNames>
	</dates>
	<numbers>
		<symbols>
			<decimal draft="unconfirmed">,</decimal>
			<group draft="unconfirmed"> </group>
		</symbols>
		<currencies>
			<currency type="BRL">
				<displayName draft="unconfirmed">Бразил реали</displayName>
			</currency>
			<currency type="CNY">
				<displayName draft="unconfirmed">Хитой юани</displayName>
			</currency>
			<currency type="EUR">
				<displayName draft="unconfirmed">Евро</displayName>
			</currency>
			<currency type="GBP">
				<displayName draft="unconfirmed">Инглиз фунт стерлинги</displayName>
			</currency>
			<currency type="INR">
				<displayName draft="unconfirmed">Ҳинд рупияси</displayName>
			</currency>
			<currency type="JPY">
				<displayName draft="unconfirmed">Япон йенаси</displayName>
			</currency>
			<currency type="RUB">
				<displayName draft="unconfirmed">Рус рубли</displayName>
			</currency>
			<currency type="USD">
				<displayName draft="unconfirmed">АҚШ доллари</displayName>
			</currency>
			<currency type="UZS">
				<displayName draft="unconfirmed">Ўзбекистон сўм</displayName>
				<symbol draft="unconfirmed">сўм</symbol>
			</currency>
		</currencies>
	</numbers>
</ldml>

