<?xml version="1.0" encoding="UTF-8" ?>
<!DOCTYPE ldml SYSTEM "http://www.unicode.org/cldr/dtd/1.4/ldml.dtd">
<ldml>
	<identity>
		<version number="$Revision: 1.11 $"/>
		<generation date="$Date: 2006/06/28 01:23:34 $"/>
		<language type="xh"/>
	</identity>
	<characters>
		<exemplarCharacters>[a-z]</exemplarCharacters>
	</characters>
	<delimiters>
		<quotationStart>‘</quotationStart>
		<quotationEnd>’</quotationEnd>
		<alternateQuotationStart>“</alternateQuotationStart>
		<alternateQuotationEnd>”</alternateQuotationEnd>
	</delimiters>
	<dates>
		<calendars>
			<calendar type="gregorian">
				<months>
					<monthContext type="format">
						<monthWidth type="abbreviated">
							<month type="1" draft="unconfirmed">Jan</month>
							<month type="2" draft="unconfirmed">Feb</month>
							<month type="3" draft="unconfirmed">Mat</month>
							<month type="4" draft="unconfirmed">Epr</month>
							<month type="5" draft="unconfirmed">Mey</month>
							<month type="6" draft="unconfirmed">Jun</month>
							<month type="7" draft="unconfirmed">Jul</month>
							<month type="8" draft="unconfirmed">Aga</month>
							<month type="9" draft="unconfirmed">Sep</month>
							<month type="10" draft="unconfirmed">Okt</month>
							<month type="11" draft="unconfirmed">Nov</month>
							<month type="12" draft="unconfirmed">Dis</month>
						</monthWidth>
						<monthWidth type="wide">
							<month type="1" draft="unconfirmed">Janyuwari</month>
							<month type="2" draft="unconfirmed">Februwari</month>
							<month type="3" draft="unconfirmed">Matshi</month>
							<month type="4" draft="unconfirmed">Epreli</month>
							<month type="5" draft="unconfirmed">Meyi</month>
							<month type="6" draft="unconfirmed">Juni</month>
							<month type="7" draft="unconfirmed">Julayi</month>
							<month type="8" draft="unconfirmed">Agasti</month>
							<month type="9" draft="unconfirmed">Septemba</month>
							<month type="10" draft="unconfirmed">Okthoba</month>
							<month type="11" draft="unconfirmed">Novemba</month>
							<month type="12" draft="unconfirmed">Disemba</month>
						</monthWidth>
					</monthContext>
				</months>
				<days>
					<dayContext type="format">
						<dayWidth type="abbreviated">
							<day type="sun" draft="unconfirmed">Caw</day>
							<day type="mon" draft="unconfirmed">Mvu</day>
							<day type="tue" draft="unconfirmed">Bin</day>
							<day type="wed" draft="unconfirmed">Tha</day>
							<day type="thu" draft="unconfirmed">Sin</day>
							<day type="fri" draft="unconfirmed">Hla</day>
							<day type="sat" draft="unconfirmed">Mgq</day>
						</dayWidth>
						<dayWidth type="wide">
							<day type="sun" draft="unconfirmed">Cawe</day>
							<day type="mon" draft="unconfirmed">Mvulo</day>
							<day type="tue" draft="unconfirmed">Lwesibini</day>
							<day type="wed" draft="unconfirmed">Lwesithathu</day>
							<day type="thu" draft="unconfirmed">Lwesine</day>
							<day type="fri" draft="unconfirmed">Lwesihlanu</day>
							<day type="sat" draft="unconfirmed">Mgqibelo</day>
						</dayWidth>
					</dayContext>
				</days>
				<quarters>
					<quarterContext type="format">
						<quarterWidth type="wide">
							<quarter type="1" draft="unconfirmed">1 unyangantathu</quarter>
							<quarter type="2" draft="unconfirmed">2 unyangantathu</quarter>
							<quarter type="3" draft="unconfirmed">3 unyangantathu</quarter>
							<quarter type="4" draft="unconfirmed">4 unyangantathu</quarter>
						</quarterWidth>
					</quarterContext>
				</quarters>
				<eras>
					<eraNames>
						<era type="0" draft="unconfirmed">BC</era>
						<era type="1" draft="unconfirmed">umnyaka wokuzalwa kukaYesu</era>
					</eraNames>
					<eraAbbr>
						<era type="0" draft="unconfirmed">BC</era>
						<era type="1" draft="unconfirmed">AD</era>
					</eraAbbr>
				</eras>
			</calendar>
		</calendars>
	</dates>
	<numbers>
		<symbols>
			<decimal draft="provisional">,</decimal>
		</symbols>
		<currencies>
			<currency type="ZAR">
				<symbol>R</symbol>
			</currency>
		</currencies>
	</numbers>
	<posix>
		<messages>
			<yesstr draft="provisional">yes:y:ewe:e</yesstr>
			<nostr draft="provisional">no:n:hayi:h</nostr>
		</messages>
	</posix>
</ldml>

