<?xml version="1.0" encoding="UTF-8" ?>
<!DOCTYPE ldml SYSTEM "http://www.unicode.org/cldr/dtd/1.4/ldml.dtd">
<ldml>
	<identity>
		<version number="$Revision: 1.27 $"/>
		<generation date="$Date: 2006/06/27 23:30:54 $"/>
		<language type="zh"/>
		<script type="Hans"/>
		<territory type="CN"/>
	</identity>
	<delimiters>
		<quotationStart draft="unconfirmed">‘</quotationStart>
		<quotationEnd draft="unconfirmed">’</quotationEnd>
		<alternateQuotationStart draft="unconfirmed">“</alternateQuotationStart>
		<alternateQuotationEnd draft="unconfirmed">”</alternateQuotationEnd>
	</delimiters>
	<dates>
		<calendars>
			<calendar type="gregorian">
				<dateFormats>
					<dateFormatLength type="full">
						<dateFormat>
							<pattern>yyyy'年'M'月'd'日'EEEE</pattern>
						</dateFormat>
					</dateFormatLength>
					<dateFormatLength type="long">
						<dateFormat>
							<pattern>yyyy'年'M'月'd'日'</pattern>
						</dateFormat>
					</dateFormatLength>
					<dateFormatLength type="medium">
						<dateFormat>
							<pattern>yyyy-M-d</pattern>
						</dateFormat>
					</dateFormatLength>
					<dateFormatLength type="short">
						<dateFormat>
							<pattern>yy-M-d</pattern>
						</dateFormat>
					</dateFormatLength>
				</dateFormats>
				<timeFormats>
					<timeFormatLength type="full">
						<timeFormat>
							<pattern>ahh'时'mm'分'ss'秒' z</pattern>
						</timeFormat>
					</timeFormatLength>
					<timeFormatLength type="long">
						<timeFormat>
							<pattern>ahh'时'mm'分'ss'秒'</pattern>
						</timeFormat>
					</timeFormatLength>
					<timeFormatLength type="medium">
						<timeFormat>
							<pattern>ahh:mm:ss</pattern>
						</timeFormat>
					</timeFormatLength>
					<timeFormatLength type="short">
						<timeFormat>
							<pattern>ah:mm</pattern>
						</timeFormat>
					</timeFormatLength>
				</timeFormats>
				<dateTimeFormats>
					<availableFormats>
						<dateFormatItem id="Md" draft="provisional">M-d</dateFormatItem>
						<dateFormatItem id="yyyyM" draft="provisional">yyyy-M</dateFormatItem>
					</availableFormats>
				</dateTimeFormats>
			</calendar>
		</calendars>
		<timeZoneNames>
			<zone type="Pacific/Yap">
				<exemplarCity draft="provisional">雅浦</exemplarCity>
			</zone>
			<zone type="Antarctica/Palmer">
				<exemplarCity draft="provisional">帕默尔</exemplarCity>
			</zone>
			<zone type="Pacific/Easter">
				<exemplarCity draft="provisional">复活节</exemplarCity>
			</zone>
			<zone type="Asia/Shanghai">
				<long>
					<daylight>中国夏令时间</daylight>
				</long>
			</zone>
			<zone type="Atlantic/Canary">
				<exemplarCity>加那利</exemplarCity>
			</zone>
			<zone type="Pacific/Kosrae">
				<exemplarCity>库赛埃</exemplarCity>
			</zone>
			<zone type="Asia/Tokyo">
				<long>
					<daylight>日本夏令时间</daylight>
				</long>
			</zone>
			<zone type="Pacific/Kiritimati">
				<exemplarCity>基里巴斯（圣诞岛）</exemplarCity>
			</zone>
			<zone type="Pacific/Tarawa">
				<exemplarCity draft="provisional">塔拉瓦</exemplarCity>
			</zone>
			<zone type="Asia/Aqtau">
				<exemplarCity draft="provisional">阿克图</exemplarCity>
			</zone>
			<zone type="Asia/Oral">
				<exemplarCity>乌拉尔</exemplarCity>
			</zone>
			<zone type="Pacific/Kwajalein">
				<exemplarCity>夸贾林</exemplarCity>
			</zone>
			<zone type="Atlantic/Azores">
				<exemplarCity draft="provisional">亚速</exemplarCity>
			</zone>
			<zone type="Atlantic/Madeira">
				<exemplarCity>马德拉</exemplarCity>
			</zone>
			<zone type="Asia/Novosibirsk">
				<exemplarCity>诺沃西比尔斯克</exemplarCity>
			</zone>
			<zone type="Asia/Sakhalin">
				<exemplarCity>萨哈林</exemplarCity>
			</zone>
			<zone type="Asia/Kamchatka">
				<exemplarCity>堪察加</exemplarCity>
			</zone>
			<zone type="Atlantic/Jan_Mayen">
				<exemplarCity draft="provisional">扬马延</exemplarCity>
			</zone>
			<zone type="Pacific/Wake">
				<exemplarCity draft="provisional">威克</exemplarCity>
			</zone>
			<zone type="Pacific/Honolulu">
				<long>
					<daylight>夏威夷夏令时间</daylight>
				</long>
			</zone>
		</timeZoneNames>
	</dates>
	<numbers>
		<currencyFormats>
			<currencyFormatLength>
				<currencyFormat>
					<pattern>¤#,##0.00</pattern>
				</currencyFormat>
			</currencyFormatLength>
		</currencyFormats>
	</numbers>
</ldml>

