<?xml version="1.0" encoding="UTF-8" ?>
<!DOCTYPE ldml SYSTEM "http://www.unicode.org/cldr/dtd/1.4/ldml.dtd">
<ldml>
	<identity>
		<version number="$Revision: 1.35 $"/>
		<generation date="$Date: 2006/07/11 19:27:38 $"/>
		<language type="zh"/>
		<script type="Hans"/>
	</identity>
	<localeDisplayNames>
		<languages>
			<language type="ain" references="RP1">阿伊努文</language>
			<language type="ale" references="RP1">阿留申文</language>
			<language type="alt" references="RP1">南阿尔泰文</language>
			<language type="an" references="RP1">阿拉贡文</language>
			<language type="ang" references="RP1">古英文</language>
			<language type="art">其他人工语系</language>
			<language type="ast">阿斯图里亚思特文</language>
			<language type="ath" references="RP1">阿萨帕斯坎语系</language>
			<language type="bai">巴米累克语系</language>
			<language type="bat" references="RP1">其他波罗的语系</language>
			<language type="ber" references="RP1">柏柏尔文</language>
			<language type="bo" references="RP1">藏文</language>
			<language type="cpe" references="RP1">其他以英文为基础的克里奥尔混合语系</language>
			<language type="cpf" references="RP1">其他以法文为基础的克里奥尔混合语系</language>
			<language type="cpp" references="RP1">其他以葡萄牙文为基础的克里奥尔混合语系</language>
			<language type="crp" references="RP1">其他克里奥尔混合语系</language>
			<language type="del" references="RP1">特拉华文</language>
			<language type="dgr" references="RP1">多格里布文</language>
			<language type="doi" references="RP1">多格拉文</language>
			<language type="dsb" references="RP1">下索布文</language>
			<language type="ee" references="RP1">埃维文</language>
			<language type="efi" references="RP1">埃菲克文</language>
			<language type="egy" references="RP1">古埃及文</language>
			<language type="eka" references="RP1">埃克丘克文</language>
			<language type="fil" references="RP2">菲律宾文</language>
			<language type="fiu" references="RP1">其他芬兰乌戈尔语系</language>
			<language type="gd">苏格兰盖尔文</language>
			<language type="gem" references="RP1">其他日尔曼语系</language>
			<language type="goh" references="RP1">古高地德文</language>
			<language type="got" references="RP1">哥特文</language>
			<language type="hit" references="RP1">赫梯文</language>
			<language type="ho" references="RP1">希里莫图文</language>
			<language type="ht" references="RP1">海地文</language>
			<language type="ia" references="RP1">国际文 A</language>
			<language type="ie" references="RP1">国际文 E</language>
			<language type="inc">其他印度语系</language>
			<language type="io" references="RP3">伊多文</language>
			<language type="iro" references="RP1">伊洛魁语系</language>
			<language type="iu" references="RP1">伊努伊特文</language>
			<language type="jbo" references="RP3">逻辑文</language>
			<language type="jpr">犹太波斯文</language>
			<language type="jrb">犹太阿拉伯文</language>
			<language type="khi">其他科伊桑语系</language>
			<language type="kj" references="RP1">宽亚玛文</language>
			<language type="kn" references="RP1">坎纳达文</language>
			<language type="kos" references="RP1">科斯拉伊文</language>
			<language type="krc" references="RP1">卡拉恰伊巴尔卡尔文</language>
			<language type="lol" references="RP1">芒戈文</language>
			<language type="lv">拉脱维亚文</language>
			<language type="map" references="RP1">澳斯特罗尼西亚语系</language>
			<language type="mis">各种不同语系</language>
			<language type="mkh" references="RP1">其他孟高棉语系</language>
			<language type="mno" references="RP1">马诺博语系</language>
			<language type="mul">多种语系</language>
			<language type="mun" references="RP1">蒙达语系</language>
			<language type="mus" references="RP1">克里克文</language>
			<language type="mwl" references="RP3">米兰德斯文</language>
			<language type="mwr" references="RP1">马尔瓦利文</language>
			<language type="myn">玛雅语系</language>
			<language type="nds" references="RP1">低地德文；低地撒克逊文</language>
			<language type="nia" references="RP1">尼亚斯文</language>
			<language type="nic" references="RP1">其他尼日尔科尔多凡语系</language>
			<language type="nub">努比亚语系</language>
			<language type="nwc" references="RP1">尼瓦尔文 Classical Newari</language>
			<language type="ny" references="RP1">尼扬贾文；齐切瓦文；切瓦文</language>
			<language type="nyo">尼约罗文</language>
			<language type="nzi">恩济马文</language>
			<language type="oc">奥克西唐文(1500以后)</language>
			<language type="oj">奥吉布瓦文</language>
			<language type="om">奥洛莫文</language>
			<language type="os">奥塞梯文</language>
			<language type="osa">奥萨格文</language>
			<language type="pag">邦阿西楠文</language>
			<language type="pap">帕皮亚门托文</language>
			<language type="phn">腓尼基文</language>
			<language type="pi">巴利文</language>
			<language type="pon">波纳佩文</language>
			<language type="pra">普拉克里特诸语言</language>
			<language type="rap">拉帕努伊文</language>
			<language type="rm">列托－罗曼文</language>
			<language type="rup" references="RP1">亚美尼亚语</language>
			<language type="sas">萨萨克文</language>
			<language type="sat">桑塔利文</language>
			<language type="scn">西西里文</language>
			<language type="sd">信德文</language>
			<language type="se">北萨米文</language>
			<language type="sh">塞尔维亚-克罗地亚文</language>
			<language type="sma">南萨米文</language>
			<language type="smi">其他萨米文</language>
			<language type="smj">Lule 萨米语</language>
			<language type="smn">伊纳里萨米语</language>
			<language type="sms">斯科特萨米文</language>
			<language type="sn">绍纳文</language>
			<language type="sog">古粟特文</language>
			<language type="srn">Sranan Tongo（源于克里奥尔语）</language>
			<language type="ss">斯瓦特文</language>
			<language type="ssa">非洲撒哈拉沙漠边缘地带语言</language>
			<language type="su">巽他文</language>
			<language type="tai">傣语诸语言（其他）</language>
			<language type="tem">滕内文</language>
			<language type="ter">特列纳文</language>
			<language type="tet">特塔姆文</language>
			<language type="tkl">托克劳文</language>
			<language type="tl">他加禄文</language>
			<language type="tlh">克林贡文</language>
			<language type="tmh">塔马奇克文</language>
			<language type="tn">塞茨瓦纳文</language>
			<language type="ts">宗加文</language>
			<language type="tt">塔塔尔文</language>
			<language type="tup">图皮语系</language>
			<language type="tut">阿尔泰诸语言（其他）</language>
			<language type="tw">特威文</language>
			<language type="umb">翁本杜文</language>
			<language type="wa">瓦隆文</language>
			<language type="wak">瓦卡什诸语言</language>
			<language type="war">瓦赖文</language>
			<language type="wo">沃洛夫文</language>
			<language type="xal">卡尔梅克文</language>
			<language type="xh">科萨文</language>
			<language type="ypk">尤皮克诸语言</language>
			<language type="za">壮语</language>
		</languages>
		<scripts>
			<script type="Bali">巴厘语</script>
			<script type="Batk">巴塔克语</script>
			<script type="Blis">布列斯符号</script>
			<script type="Brah">婆罗米文字</script>
			<script type="Brai">布莱叶盲文</script>
			<script type="Bugi">布吉语</script>
			<script type="Cham">占语</script>
			<script type="Cirt">色斯文</script>
			<script type="Cyrs">西里尔文字（古教会斯拉夫语的变体）</script>
			<script type="Dsrt">德塞莱特文</script>
			<script type="Egyd">后期埃及语</script>
			<script type="Egyh">古埃及僧侣书写体</script>
			<script type="Egyp">古埃及象形文</script>
			<script type="Geok">格鲁吉亚语文字 (Asomtavruli and Nuskhuri)</script>
			<script type="Geor">格鲁吉亚语</script>
			<script type="Glag">格拉哥里语</script>
			<script type="Hans">简体中文</script>
			<script type="Hant">繁体中文</script>
			<script type="Hmng">杨松录苗文</script>
			<script type="Hrkt" draft="provisional">片假名或平假名</script>
			<script type="Hung">古匈牙利语</script>
			<script type="Inds">古希腊哈拉潘</script>
			<script type="Java">爪哇语</script>
			<script type="Kali">克耶李文字</script>
			<script type="Khar">卡罗须提文</script>
			<script type="Latf">拉丁文（哥特式字体变体）</script>
			<script type="Latg">拉丁文（盖尔语变体）</script>
			<script type="Lepc">雷布查语</script>
			<script type="Lina">线形文字 A</script>
			<script type="Linb">线形文字 B</script>
			<script type="Mand">阿拉米语</script>
			<script type="Maya">玛雅圣符文</script>
			<script type="Mero">麦若提克文</script>
			<script type="Nkoo">N’Ko（西非书面语言）</script>
			<script type="Orkh">鄂尔浑文</script>
			<script type="Perm">古彼尔姆诸语</script>
			<script type="Phag">八思巴文</script>
			<script type="Phnx">腓尼基语</script>
			<script type="Plrd">波拉德音标文字</script>
			<script type="Qaai">遗传学术语</script>
			<script type="Roro">朗格朗格文</script>
			<script type="Runr">古代北欧文</script>
			<script type="Sara">沙拉堤文</script>
			<script type="Sylo">Syloti Nagri 书写体</script>
		</scripts>
		<territories>
			<territory type="034">南亚</territory>
			<territory type="061">玻利尼西亚</territory>
			<territory type="143">中亚</territory>
			<territory type="172">独联体</territory>
			<territory type="419">拉丁美洲和加勒比海</territory>
			<territory type="BA">波斯尼亚和黑塞哥维那</territory>
			<territory type="CC">科科斯（基林）群岛</territory>
			<territory type="CD">刚果（金）</territory>
			<territory type="CG">刚果（布）</territory>
			<territory type="DM">多米尼加</territory>
			<territory type="KG">吉尔吉斯斯坦</territory>
			<territory type="MD">摩尔多瓦</territory>
			<territory type="MK">马其顿</territory>
			<territory type="MQ">马提尼克群岛</territory>
			<territory type="MS">蒙塞拉特群岛</territory>
			<territory type="NC">新卡里多尼亚</territory>
			<territory type="RU">俄罗斯</territory>
			<territory type="SC">塞舌尔群岛</territory>
			<territory type="TF">法属南部领土</territory>
		</territories>
		<variants>
			<variant type="1901">传统德语拼字学</variant>
			<variant type="1996">1996 年的德语拼字学</variant>
			<variant type="POLYTONI">多音</variant>
			<variant type="REVISED">已修订的拼字学</variant>
			<variant type="SAAHO">萨霍</variant>
		</variants>
	</localeDisplayNames>
	<dates>
		<calendars>
			<calendar type="gregorian">
				<fields>
					<field type="era">
						<displayName>时期</displayName>
					</field>
					<field type="year">
						<displayName>年</displayName>
					</field>
					<field type="month">
						<displayName>月</displayName>
					</field>
					<field type="week">
						<displayName>周</displayName>
					</field>
					<field type="day">
						<displayName>日</displayName>
					</field>
					<field type="weekday">
						<displayName>周天</displayName>
					</field>
					<field type="dayperiod">
						<displayName>上午/下午</displayName>
					</field>
					<field type="hour">
						<displayName>小时</displayName>
					</field>
					<field type="minute">
						<displayName>分钟</displayName>
					</field>
					<field type="second">
						<displayName>秒钟</displayName>
					</field>
					<field type="zone">
						<displayName>区域</displayName>
					</field>
				</fields>
			</calendar>
		</calendars>
		<timeZoneNames>
			<zone type="Antarctica/Casey">
				<exemplarCity>卡塞</exemplarCity>
			</zone>
			<zone type="Australia/Currie">
				<exemplarCity>库利</exemplarCity>
			</zone>
			<zone type="America/Eirunepe">
				<exemplarCity>依伦尼贝</exemplarCity>
			</zone>
			<zone type="America/Noronha">
				<exemplarCity>洛（诺）罗尼亚</exemplarCity>
			</zone>
			<zone type="America/Rainy_River">
				<exemplarCity>雨河</exemplarCity>
			</zone>
			<zone type="America/Coral_Harbour">
				<exemplarCity>珊瑚港</exemplarCity>
			</zone>
			<zone type="America/Iqaluit">
				<exemplarCity>伊魁鲁伊特</exemplarCity>
			</zone>
			<zone type="America/Pangnirtung">
				<exemplarCity>潘尼尔东</exemplarCity>
			</zone>
			<zone type="America/Moncton">
				<exemplarCity>蒙克顿</exemplarCity>
			</zone>
			<zone type="America/Godthab">
				<exemplarCity>戈特霍布</exemplarCity>
			</zone>
			<zone type="America/Danmarkshavn">
				<exemplarCity>Danmarkshavn（格陵兰东北城市）</exemplarCity>
			</zone>
			<zone type="Africa/Casablanca">
				<long>
					<standard>格林尼治标准时间</standard>
					<daylight references="RP20">格林尼治夏令时间</daylight>
				</long>
				<short>
					<standard draft="provisional">格林尼治标准时间</standard>
					<daylight references="RP21">GDT</daylight>
				</short>
			</zone>
			<zone type="America/Adak">
				<exemplarCity>艾德克</exemplarCity>
			</zone>
			<zone type="America/Nome">
				<exemplarCity>诺姆</exemplarCity>
			</zone>
			<zone type="America/Los_Angeles">
				<short>
					<standard draft="provisional">太平洋标准时间</standard>
					<daylight draft="provisional">太平洋夏令时间</daylight>
				</short>
			</zone>
			<!-- <zone type="America/Denver">
				 <short>
				 <standard draft="provisional">山区标准时间</standard>
				 <daylight draft="provisional">山区夏令时间</daylight>
				 </short>
				 </zone>
			-->
			<zone type="America/North_Dakota/Center">
				<exemplarCity>北达科他</exemplarCity>
			</zone>
			<zone type="America/Chicago">
				<long>
					<standard>中部标准时间</standard>
					<daylight>中部夏令时间</daylight>
				</long>
			</zone>
			<zone type="America/Indiana/Vincennes">
				<exemplarCity>温森斯</exemplarCity>
			</zone>
			<zone type="America/Indiana/Petersburg">
				<exemplarCity>彼得斯堡</exemplarCity>
			</zone>
			<zone type="America/Indianapolis">
				<long>
					<daylight>东部夏令时间</daylight>
				</long>
				<short>
					<standard draft="provisional">东部标准时间</standard>
					<daylight references="RP22">EDT</daylight>
				</short>
			</zone>
			<zone type="America/Louisville">
				<exemplarCity>路易斯维尔</exemplarCity>
			</zone>
			<zone type="America/Indiana/Vevay">
				<exemplarCity>维维市（印第安纳州）</exemplarCity>
			</zone>
		</timeZoneNames>
	</dates>
	<numbers>
		<currencies>
			<currency type="ADP">
				<displayName references="RP2">安道尔比塞塔</displayName>
			</currency>
			<currency type="AFA">
				<symbol>AFA (1927-2002)</symbol>
			</currency>
			<currency type="AFN">
				<symbol references="RP5">AFA</symbol>
			</currency>
			<currency type="AOA">
				<displayName references="RP2">安哥拉宽扎</displayName>
				<!-- <symbol references="RP6">AOK</symbol> -->
			</currency>
			<currency type="AOK">
				<displayName references="RP2">安哥拉宽扎 (1977-1990)</displayName>
			</currency>
			<currency type="AON">
				<displayName>安哥拉新宽扎 (1990-2000)</displayName>
			</currency>
			<currency type="AOR">
				<displayName references="RP2">安哥拉宽扎 Reajustado (1995-1999)</displayName>
			</currency>
			<!-- <currency type="ARS">
				 <symbol references="RP5">ARP</symbol>
				 </currency>
			-->
			<currency type="ATS">
				<displayName references="RP5">奥地利先令</displayName>
			</currency>
			<currency type="AZM">
				<displayName>阿塞拜疆马纳特</displayName>
			</currency>
			<currency type="BAD">
				<displayName references="RP2">波士尼亚-赫塞哥维纳第纳尔</displayName>
			</currency>
			<currency type="BDT">
				<displayName references="RP5">孟加拉塔卡</displayName>
			</currency>
			<currency type="BGL">
				<displayName references="RP5">保加利亚硬列弗</displayName>
			</currency>
			<currency type="BGN">
				<displayName references="RP5">保加利亚新列弗</displayName>
			</currency>
			<currency type="BHD">
				<displayName>巴林第纳尔</displayName>
			</currency>
			<currency type="BND">
				<displayName references="RP2">文莱元</displayName>
			</currency>
			<currency type="BOB">
				<displayName references="RP5">玻利维亚诺</displayName>
			</currency>
			<currency type="BOV">
				<displayName references="RP5">玻利维亚 Mvdol（资金）</displayName>
			</currency>
			<currency type="BRB">
				<displayName>巴西克鲁赛罗 Novo (1967-1986)</displayName>
				<symbol>BRB (1967-1986)</symbol>
			</currency>
			<currency type="BRC">
				<displayName references="RP5">巴西克鲁扎多</displayName>
			</currency>
			<currency type="BRE">
				<symbol>BRE (1990-1993)</symbol>
			</currency>
			<currency type="BRL">
				<displayName references="RP5">巴西雷亚尔</displayName>
			</currency>
			<currency type="BRN">
				<displayName references="RP2">巴西克鲁扎多 Novo</displayName>
			</currency>
			<currency type="BWP">
				<displayName references="RP5">博茨瓦纳普拉</displayName>
			</currency>
			<currency type="CLF">
				<displayName references="RP5">智利 Unidades de Fomento（资金）</displayName>
			</currency>
			<currency type="CLP">
				<displayName>智利比索</displayName>
			</currency>
			<currency type="COU">
				<displayName references="RP5">Unidad de Valor Real</displayName>
			</currency>
			<currency type="CRC">
				<displayName references="RP5">哥斯达黎加科朗</displayName>
			</currency>
			<currency type="CSD">
				<displayName references="RP5">塞尔维亚第纳尔</displayName>
			</currency>
			<currency type="CYP">
				<displayName references="RP7">塞浦路斯镑</displayName>
			</currency>
			<currency type="DZD">
				<displayName references="RP5">阿尔及利亚第纳尔</displayName>
			</currency>
			<currency type="ECV">
				<displayName references="RP5">厄瓜多尔 Unidad de Valor Constante (UVC)</displayName>
			</currency>
			<currency type="EGP">
				<displayName references="RP7">埃及镑</displayName>
			</currency>
			<currency type="EQE">
				<displayName references="RP7">埃奎勒</displayName>
			</currency>
			<currency type="ERN">
				<displayName references="RP7">厄立特里亚纳克法</displayName>
			</currency>
			<currency type="ESA">
				<displayName references="RP3">西班牙比塞塔（帐户 A）</displayName>
			</currency>
			<currency type="ESB">
				<displayName references="RP3">西班牙比塞塔（兑换帐户）</displayName>
			</currency>
			<currency type="ESP">
				<displayName references="RP7">西班牙比塞塔</displayName>
			</currency>
			<currency type="FIM">
				<displayName references="RP2">芬兰马克</displayName>
			</currency>
			<currency type="FKP">
				<displayName references="RP7">福克兰镑</displayName>
			</currency>
			<currency type="GBP">
				<displayName references="RP7">英镑</displayName>
			</currency>
			<currency type="GEL">
				<displayName>乔治亚拉瑞</displayName>
			</currency>
			<currency type="GIP">
				<displayName references="RP7">直布罗陀镑</displayName>
			</currency>
			<currency type="GNS">
				<displayName references="RP7">几内亚西里</displayName>
			</currency>
			<currency type="GQE">
				<displayName references="RP7">赤道几内亚埃奎勒</displayName>
			</currency>
			<currency type="GTQ">
				<displayName references="RP7">危地马拉格查尔</displayName>
			</currency>
			<currency type="GWP">
				<displayName references="RP2">几内亚比绍比索</displayName>
			</currency>
			<currency type="HNL">
				<displayName references="RP7">洪都拉斯拉伦皮拉</displayName>
			</currency>
			<currency type="HRD">
				<displayName references="RP2">克罗地亚第纳尔</displayName>
			</currency>
			<currency type="HRK">
				<displayName references="RP7">克罗地亚库纳</displayName>
			</currency>
			<currency type="HUF">
				<displayName references="RP7">匈牙利福林</displayName>
			</currency>
			<currency type="IEP">
				<displayName references="RP2">爱尔兰镑</displayName>
			</currency>
			<currency type="ILP">
				<displayName references="RP2">以色列镑</displayName>
			</currency>
			<currency type="ILS">
				<displayName references="RP7">以色列新谢克尔</displayName>
			</currency>
			<currency type="INR">
				<symbol references="RP7">INR</symbol>
			</currency>
			<currency type="IQD">
				<displayName references="RP7">伊拉克第纳尔</displayName>
			</currency>
			<currency type="IRR">
				<displayName>伊朗里亚尔</displayName>
			</currency>
			<currency type="JOD">
				<displayName references="RP7">约旦第纳尔</displayName>
			</currency>
			<currency type="KGS">
				<displayName references="RP7">吉尔吉斯斯坦索姆</displayName>
			</currency>
			<currency type="KHR">
				<displayName references="RP7">柬埔寨瑞尔</displayName>
			</currency>
			<currency type="KPW">
				<displayName references="RP7">朝鲜圆</displayName>
			</currency>
			<currency type="KRW">
				<displayName references="RP7">韩圆</displayName>
			</currency>
			<currency type="KWD">
				<displayName references="RP7">科威特第纳尔</displayName>
			</currency>
			<currency type="KYD">
				<displayName references="RP7">开曼元</displayName>
			</currency>
			<currency type="KZT">
				<displayName references="RP7">哈萨克斯坦坚戈</displayName>
			</currency>
			<currency type="LBP">
				<displayName references="RP2">黎巴嫩镑</displayName>
			</currency>
			<currency type="LSL">
				<displayName references="RP7">莱索托洛蒂</displayName>
			</currency>
			<currency type="LSM">
				<displayName references="RP7">马洛蒂</displayName>
			</currency>
			<currency type="LTL">
				<displayName references="RP7">立陶宛立特</displayName>
			</currency>
			<currency type="LUC">
				<displayName references="RP2">卢森堡可兑换法郎</displayName>
			</currency>
			<currency type="LUL">
				<displayName references="RP2">卢森堡金融法郎</displayName>
			</currency>
			<currency type="LYD">
				<displayName references="RP2">利比亚第纳尔</displayName>
			</currency>
			<currency type="MDL">
				<displayName references="RP7">摩尔多瓦列伊</displayName>
			</currency>
			<currency type="MGA">
				<displayName references="RP7">马达加斯加阿里亚里</displayName>
			</currency>
			<currency type="MKD">
				<displayName references="RP7">马其顿戴代纳尔</displayName>
			</currency>
			<!-- <currency type="MMK">
				 <displayName references="RP7">缅元</displayName>
				 </currency>
			-->
			<currency type="MOP">
				<symbol references="RP7">MOP</symbol>
			</currency>
			<currency type="MRO">
				<displayName references="RP7">毛里塔尼亚乌吉亚</displayName>
			</currency>
			<currency type="MTL">
				<displayName references="RP7">马耳他里拉</displayName>
			</currency>
			<currency type="MTP">
				<displayName references="RP2">马耳他镑</displayName>
			</currency>
			<currency type="MVR">
				<displayName references="RP7">马尔代夫拉菲亚</displayName>
			</currency>
			<currency type="MWK">
				<displayName references="RP7">马拉维克瓦查</displayName>
			</currency>
			<currency type="MXP">
				<symbol>MXP (1861-1992)</symbol>
			</currency>
			<currency type="MXV">
				<displayName references="RP7">墨西哥 Unidad de Inversion (UDI)（资金）</displayName>
			</currency>
			<currency type="MYR">
				<displayName references="RP7">马来西亚林吉特</displayName>
			</currency>
			<currency type="MZM">
				<displayName references="RP7">莫桑比克梅蒂卡尔</displayName>
			</currency>
			<currency type="NGN">
				<displayName>尼日利亚奈拉</displayName>
			</currency>
			<currency type="NIO">
				<displayName references="RP2">尼加拉瓜金科多巴</displayName>
			</currency>
			<currency type="OMR">
				<displayName references="RP7">阿曼里亚尔</displayName>
			</currency>
			<currency type="PEI">
				<displayName references="RP2">秘鲁印锑</displayName>
			</currency>
			<currency type="PEN">
				<displayName references="RP7">秘鲁新索尔</displayName>
			</currency>
			<currency type="PES">
				<displayName references="RP7">秘鲁索尔</displayName>
			</currency>
			<currency type="PTE">
				<displayName references="RP2">葡萄牙埃斯库多</displayName>
			</currency>
			<currency type="PYG">
				<displayName references="RP7">巴拉圭瓜拉尼</displayName>
			</currency>
			<currency type="RHD">
				<displayName references="RP2">罗得西亚元</displayName>
			</currency>
			<currency type="ROL">
				<displayName references="RP7">旧罗马尼亚列伊</displayName>
			</currency>
			<currency type="SAR">
				<symbol references="RP7">SAR</symbol>
			</currency>
			<currency type="SDD">
				<displayName references="RP7">苏丹第纳尔</displayName>
			</currency>
			<currency type="SDP">
				<displayName references="RP2">苏丹镑</displayName>
			</currency>
			<currency type="SEK">
				<displayName references="RP7">瑞典克朗</displayName>
			</currency>
			<currency type="SHP">
				<displayName references="RP2">圣赫勒拿镑</displayName>
			</currency>
			<currency type="SIT">
				<displayName references="RP7">斯洛文尼亚托拉尔</displayName>
			</currency>
			<currency type="SKK">
				<displayName references="RP7">斯洛伐克克朗</displayName>
			</currency>
			<currency type="SLL">
				<displayName references="RP7">塞拉利昂利昂</displayName>
			</currency>
			<currency type="SRD">
				<displayName references="RP7">苏里南元</displayName>
			</currency>
			<currency type="SRG">
				<displayName references="RP2">苏里南盾</displayName>
			</currency>
			<currency type="STD">
				<displayName references="RP7">圣多美和普林西比多布拉</displayName>
			</currency>
			<currency type="SVC">
				<displayName references="RP7">萨尔瓦多科朗</displayName>
			</currency>
			<currency type="SYP">
				<displayName references="RP2">叙利亚镑</displayName>
			</currency>
			<currency type="SZL">
				<displayName references="RP7">斯威士兰里兰吉尼</displayName>
			</currency>
			<currency type="TMM">
				<displayName references="RP7">土库曼斯坦马纳特</displayName>
			</currency>
			<currency type="TND">
				<displayName references="RP2">突尼斯第纳尔</displayName>
			</currency>
			<currency type="TOP">
				<displayName references="RP7">汤加潘加</displayName>
			</currency>
			<currency type="TWD">
				<displayName references="RP7">新台币元</displayName>
			</currency>
			<currency type="UAH">
				<displayName references="RP7">乌克兰格里夫尼亚</displayName>
			</currency>
			<currency type="UGS">
				<symbol>UGS (1966-1987)</symbol>
			</currency>
			<currency type="USN">
				<displayName>美元（次日）</displayName>
			</currency>
			<currency type="USS">
				<displayName references="RP7">美元（当日）</displayName>
			</currency>
			<currency type="UYP">
				<displayName references="RP7">乌拉圭新比索 (1975-1993)</displayName>
				<symbol>UYP (1975-1993)</symbol>
			</currency>
			<currency type="UZS">
				<displayName>乌兹别克斯苏姆</displayName>
			</currency>
			<currency type="VEB">
				<displayName references="RP7">委内瑞拉博利瓦</displayName>
			</currency>
			<currency type="VUV">
				<displayName references="RP7">瓦努阿图瓦图</displayName>
			</currency>
			<currency type="XAF">
				<displayName references="RP7">中非金融合作法郎</displayName>
			</currency>
			<currency type="XAG">
				<displayName references="RP7">银</displayName>
			</currency>
			<currency type="XBB">
				<displayName references="RP7">欧洲货币联盟</displayName>
			</currency>
			<currency type="XBC">
				<displayName references="RP7">欧洲计算单位 (XBC)</displayName>
			</currency>
			<currency type="XBD">
				<displayName references="RP7">欧洲计算单位 (XBD)</displayName>
			</currency>
			<currency type="XFU">
				<displayName references="RP7">法国 UIC 法郎</displayName>
			</currency>
			<currency type="XOF">
				<displayName>非洲金融共同体法郎</displayName>
			</currency>
			<currency type="XPD">
				<displayName references="RP7">钯</displayName>
			</currency>
			<currency type="XPF">
				<displayName references="RP7">太平洋法郎</displayName>
			</currency>
			<currency type="XPT">
				<displayName references="RP7">铂</displayName>
			</currency>
			<currency type="XTS">
				<displayName references="RP7">为测试保留的代码</displayName>
			</currency>
			<currency type="XXX">
				<displayName references="RP7">没有货币的交易</displayName>
			</currency>
			<currency type="YDD">
				<displayName references="RP2">也门第纳尔</displayName>
			</currency>
			<currency type="YER">
				<displayName references="RP7">也门里亚尔</displayName>
			</currency>
			<currency type="YUD">
				<displayName references="RP2">南斯拉夫硬第纳尔</displayName>
			</currency>
			<currency type="YUM">
				<displayName references="RP2">南斯拉夫偌威第纳尔</displayName>
			</currency>
			<currency type="YUN">
				<displayName references="RP2">南斯拉夫可兑换第纳尔</displayName>
			</currency>
			<currency type="ZMK">
				<displayName references="RP7">赞比亚克瓦查</displayName>
			</currency>
			<currency type="ZRN">
				<displayName references="RP2">新扎伊尔</displayName>
			</currency>
			<currency type="ZRZ">
				<displayName references="RP2">扎伊尔</displayName>
			</currency>
		</currencies>
	</numbers>
	<references>
		<reference type="RP1">Languages (GB/T 4880.2-2000)</reference>
		<reference type="RP10" uri="http://www.xzqh.org/waiguo/asia/1046.htm">Chinese (Simplified Han): timezones: Asia/Oral/exemplarCity (change from  &quot;奥拉&quot; to &quot;乌拉尔&quot;)</reference>
		<reference type="RP11" uri="http://www.bjfao.gov.cn/newsite/world/detail.asp?countryID=389">Chinese (Simplified Han): timezones: Pacific/Kiritimati/exemplarCity (change from &quot;克里斯马斯&quot; to &quot;圣诞岛&quot;)</reference>
		<reference type="RP12" uri="http://www.bjfao.gov.cn/newsite/world/detail.asp?countryID=391">Chinese (Simplified Han): timezones:Pacific/Kosrae/exemplarCity (change from &quot;科斯里&quot; to &quot;科斯雷&quot;)</reference>
		<reference type="RP13">Chinese (Simplified Han): timezones: Europe/Paris/short/standard (change from &quot;CET&quot; to &quot;CEST&quot;)</reference>
		<reference type="RP14">Chinese (Simplified Han): timezones: Europe/Paris/short/daylight (chang from &quot;CEST&quot; to &quot;CEDT&quot;)</reference>
		<reference type="RP15">Chinese (Simplified Han): timezones: Asia/Shanghai/long/daylight (change from &quot;中国标准时间&quot; to &quot;中国夏令时间&quot;)</reference>
		<reference type="RP16">Chinese (Simplified Han): timezones: Pacific/Honolulu/long/daylight (change from &quot;夏威夷标准时间&quot; to &quot;夏威夷夏令时间&quot;)</reference>
		<reference type="RP17">Chinese (Simplified Han): timezones: Pacific/Honolulu/short/daylight (change from &quot;HST&quot; to &quot;HDT&quot;)</reference>
		<reference type="RP18">Chinese (Simplified Han): timezones: Asia/Tokyo/long/daylight (change from &quot;日本标准时间&quot; to &quot;日本夏令时间&quot;)</reference>
		<reference type="RP19">Chinese (Simplified Han): timezones: Asia/Tokyo/short/daylight (change form &quot;JST&quot; to &quot;JDT&quot;)</reference>
		<reference type="RP2" uri="http://cb.kingsoft.com">Kingsoft Online Dictionary</reference>
		<reference type="RP20">Chinese (Simplified Han): timezones: Africa/Casablanca/long/daylight (change from &quot;格林尼治标准时间&quot; to &quot;格林尼治夏令时间&quot;)</reference>
		<reference type="RP21">Chinese (Simplified Han): timezones: Africa/Casablanca/short/daylight (change from &quot;GMT&quot; to &quot;GDT&quot;)</reference>
		<reference type="RP22">Chinese (Simplified Han): timezones: America/Indianapolis/short/daylight (change from &quot;EST&quot; to &quot;EDT&quot;)</reference>
		<reference type="RP23">Chinese (Simplified Han): timezones: America/Phoenix/short/daylight (change from &quot;MST&quot; to &quot;MDT&quot;)</reference>
		<reference type="RP24">Chinese (Simplified Han): currencies: &quot;Angolan Kwanza (1977-1990) (symbol)&quot; propose &quot;AOK (1977-1990)&quot;</reference>
		<reference type="RP25">Chinese (Simplified Han): currencies: &quot;Angolan Kwanza Reajustado (1995-1999) (symbol)&quot; propose &quot;AOR (1995-1999)&quot;</reference>
		<reference type="RP26">Chinese (Simplified Han): currencies: &quot;Angolan New Kwanza (1990-2000) (symbol) propose &quot;AON (1990-2000)&quot;</reference>
		<reference type="RP27">Chinese (Simplified Han): currencies: &quot;Argentine Peso (1983-1985) (symbol)&quot; propose &quot;ARP (1983-1985)&quot;</reference>
		<reference type="RP28">Chinese (Simplified Han): currencies: &quot;Belarussian New Ruble (1994-1999) (symbol)&quot; propose &quot;BYB (1994-1999)&quot;</reference>
		<reference type="RP29">Chinese (Simplified Han): currencies: &quot;Polish Zloty (1950-1995) (symbol)&quot; propose &quot;PLZ (1950-1995)&quot;</reference>
		<reference type="RP3" uri="http://zh.wikipedia.org/wiki/ISO_639">ISO 639 - Wikipedia</reference>
		<reference type="RP30">Chinese (Simplified Han): currencies: &quot;Russian Ruble (1991-1998) (symbol)&quot; propose &quot;RUR (1991-1998)&quot;</reference>
		<reference type="RP31">Chinese (Simplified Han): languages: &quot;Cornish&quot; propose &quot;康沃尔文&quot;</reference>
		<reference type="RP32">Chinese (Simplified Han): languages: &quot;Ganda&quot; propose &quot;干达文&quot;</reference>
		<reference type="RP4">Currency Units</reference>
		<reference type="RP5" uri="http://www.bridge69.com/365/ylxx/5-3money.htm">Currency Units</reference>
		<reference type="RP6" uri="http://140.111.1.22/mandr/clc/dict.new/public_html/dict/htm/fulu/huo3.htm">Currency Units of African Countries</reference>
		<reference type="RP7">http://www.geocities.com/jusjih/iso3166-zh-cn.html</reference>
		<reference type="RP8">Kingsoft Online Dictionary</reference>
		<reference type="RP9" uri="http://www.fmprc.gov.cn/chn/gjhdq/default.htm">Territories</reference>
	</references>
</ldml>

