<?xml version="1.0" encoding="UTF-8" ?>
<!DOCTYPE ldml SYSTEM "http://www.unicode.org/cldr/dtd/1.4/ldml.dtd">
<ldml>
	<identity>
		<version number="$Revision: 1.36 $"/>
		<generation date="$Date: 2006/07/11 19:27:38 $"/>
		<language type="zh"/>
		<script type="Hant"/>
		<territory type="MO"/>
	</identity>
	<localeDisplayNames>
		<languages>
			<language type="ain" draft="provisional">愛奴文</language>
			<language type="alt" draft="provisional">南阿爾泰文</language>
			<language type="awa" draft="provisional">阿瓦文</language>
			<language type="egy" draft="provisional">古埃及文</language>
			<language type="fil" draft="provisional">菲律賓文</language>
			<language type="gem" draft="provisional">日耳曼文（其他）</language>
			<language type="grb" draft="provisional">哥博文</language>
			<language type="lez" draft="provisional">列茲干文</language>
			<language type="mga" draft="provisional">中古愛爾蘭文（900-1200）</language>
			<language type="mwl" draft="provisional">米蘭德斯文</language>
			<language type="nds" draft="provisional">低地日爾曼文；低地薩克遜文</language>
			<language type="nwc" draft="provisional">古尼瓦爾文  </language>
			<language type="oc" draft="provisional">奧克西坦文（1500 後）；普羅旺斯文</language>
			<language type="scn" draft="provisional">西西里文</language>
			<language type="srn" draft="provisional">蘇拉南東墎文</language>
			<language type="tlh" draft="provisional">克林貢文</language>
		</languages>
		<scripts>
			<script type="Bali" draft="provisional">峇里文</script>
			<script type="Batk" draft="provisional">巴塔克文</script>
			<script type="Blis" draft="provisional">布列斯文</script>
			<script type="Brah" draft="provisional">婆羅米文</script>
			<script type="Bugi" draft="provisional">布吉斯文</script>
			<script type="Buhd" draft="provisional">布希德文</script>
			<script type="Cham" draft="provisional">占文</script>
			<script type="Cirt" draft="provisional">色斯文</script>
			<script type="Cyrs" draft="provisional">西里爾文（古教會斯拉夫文變體）</script>
			<script type="Egyd" draft="provisional">古埃及世俗體</script>
			<script type="Egyh" draft="provisional">古埃及僧侶體</script>
			<script type="Egyp" draft="provisional">古埃及象形文字</script>
			<script type="Glag" draft="provisional">格拉哥里文</script>
			<script type="Hmng" draft="provisional">楊松錄苗文</script>
			<script type="Hrkt" draft="provisional">片假名或平假名</script>
			<script type="Hung" draft="provisional">古匈牙利文</script>
			<script type="Inds" draft="provisional">印度河流域（哈拉帕文）</script>
			<script type="Java" draft="provisional">爪哇文</script>
			<script type="Kali" draft="provisional">克耶李文</script>
			<script type="Khar" draft="provisional">卡羅須提文</script>
			<script type="Latf" draft="provisional">拉丁文（尖角體活字變體）</script>
			<script type="Latg" draft="provisional">拉丁文（蓋爾語變體）</script>
			<script type="Lepc" draft="provisional">雷布查文（榮）</script>
			<script type="Lina" draft="provisional">線性文字 A</script>
			<script type="Linb" draft="provisional">線性文字 B</script>
			<script type="Mand" draft="provisional">曼安底文</script>
			<script type="Maya" draft="provisional">瑪雅象形文字</script>
			<script type="Mero" draft="provisional">麥羅埃語</script>
			<script type="Orkh" draft="provisional">鄂爾渾文</script>
			<script type="Perm" draft="provisional">古彼爾姆諸文</script>
			<script type="Phag" draft="provisional">八思巴文</script>
			<script type="Phnx" draft="provisional">腓尼基文</script>
			<script type="Plrd" draft="provisional">柏格理拼音符</script>
			<script type="Roro" draft="provisional">朗格朗格象形文</script>
			<script type="Sara" draft="provisional">沙拉堤文</script>
			<script type="Sylo" draft="provisional">希洛弟納格里文</script>
			<script type="Syre" draft="provisional">敘利亞文（福音體文字變體）</script>
			<script type="Syrj" draft="provisional">敘利亞文（西方文字變體）</script>
			<script type="Syrn" draft="provisional">敘利亞文（東方文字變體）</script>
			<script type="Tale" draft="provisional">泰樂文</script>
			<script type="Talu" draft="provisional">新彝族文</script>
			<script type="Teng" draft="provisional">談格瓦文</script>
			<script type="Tfng" draft="provisional">提非納（柏柏爾文）</script>
			<script type="Visp" draft="provisional">視覺語音文</script>
			<script type="Xpeo" draft="provisional">古波斯文</script>
			<script type="Xsux" draft="provisional">蘇米魯亞甲文楔形文字</script>
			<script type="Zxxx" draft="provisional">非書寫語言碼</script>
			<script type="Zyyy" draft="provisional">一般文字</script>
			<script type="Zzzz" draft="provisional">未編碼工序指令碼</script>
		</scripts>
		<territories>
			<territory type="034" draft="provisional">南亞</territory>
			<territory type="143" draft="provisional">中亞</territory>
			<territory type="172" draft="provisional">獨立國家國協</territory>
			<territory type="419" draft="provisional">拉丁美洲和加勒比海</territory>
			<territory type="MO">澳門特別行政區</territory>
			<territory type="MO" alt="proposed-u29-1" draft="provisional">中華人民共和國澳門特別行政區</territory>
		</territories>
		<types>
			<type type="stroke" key="collation" draft="provisional">筆劃順序</type>
		</types>
	</localeDisplayNames>
	<delimiters>
		<quotationStart>「</quotationStart>
		<quotationEnd>」</quotationEnd>
		<alternateQuotationStart>『</alternateQuotationStart>
		<alternateQuotationEnd>』</alternateQuotationEnd>
	</delimiters>
	<dates>
		<calendars>
			<calendar type="gregorian">
				<months>
					<monthContext type="format">
						<monthWidth type="abbreviated">
							<month type="1">1月</month>
							<month type="2">2月</month>
							<month type="3">3月</month>
							<month type="4">4月</month>
							<month type="5">5月</month>
							<month type="6">6月</month>
							<month type="7">7月</month>
							<month type="8">8月</month>
							<month type="9">9月</month>
							<month type="10">10月</month>
							<month type="11">11月</month>
							<month type="12">12月</month>
						</monthWidth>
					</monthContext>
				</months>
				<dateFormats>
					<dateFormatLength type="full">
						<dateFormat>
							<pattern>yyyy'年'MM'月'dd'日' EEEE</pattern>
						</dateFormat>
					</dateFormatLength>
					<dateFormatLength type="long">
						<dateFormat>
							<pattern>yyyy'年'MM'月'dd'日'</pattern>
						</dateFormat>
					</dateFormatLength>
					<dateFormatLength type="medium">
						<dateFormat>
							<pattern>yyyy'年'M'月'd'日'</pattern>
						</dateFormat>
					</dateFormatLength>
					<dateFormatLength type="short">
						<dateFormat>
							<pattern>yy'年'M'月'd'日'</pattern>
						</dateFormat>
					</dateFormatLength>
				</dateFormats>
				<timeFormats>
					<timeFormatLength type="medium">
						<timeFormat>
							<pattern>ahh:mm:ss</pattern>
						</timeFormat>
					</timeFormatLength>
					<timeFormatLength type="short">
						<timeFormat>
							<pattern>ah:mm</pattern>
						</timeFormat>
					</timeFormatLength>
				</timeFormats>
			</calendar>
		</calendars>
		<timeZoneNames>
			<zone type="Australia/Currie">
				<exemplarCity draft="provisional">居里</exemplarCity>
			</zone>
			<zone type="America/Coral_Harbour">
				<exemplarCity draft="provisional">珊瑚港</exemplarCity>
			</zone>
			<zone type="America/Moncton">
				<exemplarCity draft="provisional">曼克頓</exemplarCity>
			</zone>
			<zone type="America/Halifax">
				<long>
					<daylight draft="provisional">大西洋夏令時間</daylight>
				</long>
			</zone>
			<zone type="America/St_Johns">
				<long>
					<daylight draft="provisional">紐芬蘭夏令時間</daylight>
				</long>
			</zone>
			<zone type="Asia/Shanghai">
				<long>
					<daylight draft="provisional">中國夏令時間</daylight>
				</long>
			</zone>
			<zone type="Europe/Paris">
				<long>
					<daylight draft="provisional">中歐夏令時間</daylight>
				</long>
			</zone>
			<zone type="Asia/Jerusalem">
				<long>
					<daylight draft="provisional">以色列夏令時間</daylight>
				</long>
			</zone>
			<zone type="Asia/Tokyo">
				<long>
					<daylight draft="provisional">日本夏令時間</daylight>
				</long>
			</zone>
			<zone type="Africa/Casablanca">
				<long>
					<daylight draft="provisional">格林威治夏令時間</daylight>
				</long>
			</zone>
			<zone type="Europe/Bucharest">
				<long>
					<daylight draft="provisional">東歐夏令時間</daylight>
				</long>
			</zone>
			<zone type="Pacific/Honolulu">
				<long>
					<daylight draft="provisional">夏威夷夏令時間</daylight>
				</long>
			</zone>
			<zone type="America/Anchorage">
				<long>
					<daylight draft="provisional">阿拉斯加夏令時間</daylight>
				</long>
			</zone>
			<zone type="America/Los_Angeles">
				<long>
					<daylight draft="provisional">太平洋夏令時間</daylight>
				</long>
			</zone>
			<!-- <zone type="America/Phoenix">
				 <long>
				 <daylight alt="proposed-u29-1" draft="provisional">山區夏令時間</daylight>
				 </long>
				 </zone>
				 <zone type="America/Denver">
				 <long>
				 <daylight alt="proposed-u29-1" draft="provisional">山區夏令時間</daylight>
				 </long>
				 </zone>
			-->
			<zone type="America/Chicago">
				<long>
					<daylight draft="provisional">中部夏令時間</daylight>
				</long>
			</zone>
			<zone type="America/Indiana/Vincennes">
				<exemplarCity draft="provisional">溫森斯</exemplarCity>
			</zone>
			<zone type="America/Indiana/Petersburg">
				<exemplarCity draft="provisional">彼得堡</exemplarCity>
			</zone>
			<zone type="America/Indianapolis">
				<long>
					<daylight draft="provisional">東部夏令時間</daylight>
				</long>
			</zone>
			<zone type="America/Louisville">
				<exemplarCity draft="provisional">路易斯維爾</exemplarCity>
			</zone>
			<zone type="America/New_York">
				<long>
					<daylight draft="provisional">東部夏令時間</daylight>
				</long>
			</zone>
		</timeZoneNames>
	</dates>
	<numbers>
		<currencyFormats>
			<currencyFormatLength>
				<currencyFormat>
					<pattern>¤#,##0.00;(¤#,##0.00)</pattern>
				</currencyFormat>
			</currencyFormatLength>
		</currencyFormats>
		<currencies>
			<currency type="ANG">
				<displayName draft="provisional">荷蘭安梯蘭盾</displayName>
			</currency>
			<currency type="BEC">
				<displayName draft="provisional">比利時法郎（可轉換）</displayName>
			</currency>
			<currency type="BEL">
				<displayName draft="provisional">比利時法郎（金融）</displayName>
			</currency>
			<currency type="BOV">
				<displayName draft="provisional">玻利維亞幕多</displayName>
			</currency>
			<currency type="BRB">
				<displayName draft="provisional">巴西克魯薩多農瓦（1967-1986）</displayName>
			</currency>
			<currency type="BRN">
				<displayName draft="provisional">巴西克如爾達農瓦</displayName>
			</currency>
			<currency type="DDM">
				<displayName draft="provisional">東德奧斯特馬克</displayName>
			</currency>
			<currency type="GEK">
				<displayName draft="provisional">喬治庫旁拉里</displayName>
			</currency>
			<currency type="LAK">
				<displayName draft="provisional">老撾開普</displayName>
			</currency>
			<currency type="NIO">
				<displayName draft="provisional">尼加拉瓜金哥多華</displayName>
			</currency>
			<currency type="SHP">
				<displayName draft="provisional">聖赫勒拿鎊</displayName>
			</currency>
			<currency type="SVC">
				<displayName draft="provisional">愛爾薩爾瓦多科郎</displayName>
			</currency>
			<currency type="SZL">
				<displayName draft="provisional">斯威士蘭里郎</displayName>
			</currency>
			<currency type="TJS">
				<displayName draft="provisional">塔吉克斯坦索莫尼</displayName>
			</currency>
			<currency type="TPE">
				<displayName draft="provisional">帝汶埃斯庫多</displayName>
			</currency>
			<currency type="TTD">
				<displayName draft="provisional">千里達及托巴哥元</displayName>
			</currency>
			<currency type="TZS">
				<displayName draft="provisional">坦桑尼亞先令</displayName>
			</currency>
			<currency type="UAK">
				<displayName draft="provisional">烏克蘭卡本瓦那茲</displayName>
			</currency>
			<currency type="UZS">
				<displayName draft="provisional">烏茲別克斯坦薩木</displayName>
			</currency>
			<currency type="XAF">
				<displayName draft="provisional">西非法郎 BEAC</displayName>
			</currency>
			<currency type="XOF">
				<displayName draft="provisional">西非法郎 BCEAO</displayName>
			</currency>
			<currency type="YUN">
				<displayName draft="provisional">南斯拉夫可轉換第納爾</displayName>
			</currency>
		</currencies>
	</numbers>
	<references>
		<reference type="RP1">types: Stroke Order (change &amp;quot;筆劃顺序&amp;quot; to &amp;quot;筆劃順序&amp;quot;)</reference>
		<reference type="RP10" uri="http://www.google.com/search?hl=zh-TW&amp;newwindow=1&amp;q=Daylight+Time&amp;lr=lang_zh-TW">Timezones: Central Daylight Time(change from “中部日光節約時間” to “中部夏令時間”)</reference>
		<reference type="RP11" uri="http://www.google.com/search?hl=zh-TW&amp;newwindow=1&amp;q=Daylight+Time&amp;lr=lang_zh-TW">Timezones: Mountain Daylight Time(change from “山區日光節約時間” to “山區夏令時間”)</reference>
		<reference type="RP12" uri="http://www.google.com/search?hl=zh-TW&amp;newwindow=1&amp;q=Daylight+Time&amp;lr=lang_zh-TW">Timezones: Atlantic Daylight Time(change from “大西洋日光節約時間” to “大西洋夏令時間”)</reference>
		<reference type="RP13" uri="http://www.google.com/search?hl=zh-TW&amp;newwindow=1&amp;q=Indianapolis&amp;btnG=%E6%90%9C%E5%B0%8B&amp;lr=lang_zh-TW">Timezones: Indianapolis (Indianapolis is a new word, change from “Indianapolis” to “印第安那波里斯”)</reference>
		<reference type="RP14" uri="http://www.apecgender.org/Page_Show.asp?Page_ID=177">Timezones: Petersburg (Petersburg is a new word, change from “Petersburg” to “彼得堡”)</reference>
		<reference type="RP15" uri="http://www.google.com/search?hl=zh-TW&amp;newwindow=1&amp;q=Daylight+Time&amp;lr=lang_zh-TW">Timezones: America/Indianapolis/long/daylight (change from “東部標準時間” to “東部夏令時間”)</reference>
		<reference type="RP16" uri="http://www.google.com/search?hl=zh-TW&amp;q=Louisville&amp;btnG=Google+%E6%90%9C%E5%B0%8B&amp;lr=lang_zh-TW">Timezones: Louisville (Louisville is a new word, change from “Louisville” to “路易斯維爾”)</reference>
		<reference type="RP17" uri="http://www.zftrans.com/favorite/vocabulary/20050707/185716-83.htm">Timezones: Coral Harbour (Coral Harbour is a new word, change from “Coral Harbour” to “珊瑚港”).</reference>
		<reference type="RP18" uri="http://www.google.com/search?q=Vincennes&amp;hl=zh-TW&amp;lr=lang_zh-TW&amp;newwindow=1&amp;start=10&amp;sa=N">Timezones: Vincennes (Louisville is a new word, change from “Vincennes” to “溫森斯”).</reference>
		<reference type="RP19" uri="http://www.google.com/search?hl=zh-TW&amp;newwindow=1&amp;q=Daylight+Time&amp;lr=lang_zh-TW">Timezones: Pacific Daylight Time(change from “太平洋日光節約時間” to “太平洋夏令時間”)</reference>
		<reference type="RP2" draft="provisional">Territories: Southern Asia(change from “034” to “南亞”)</reference>
		<reference type="RP20" uri="//www.google.com/search?q=Moncton&amp;hl=zh-TW&amp;lr=lang_zh-TW&amp;newwindow=1&amp;start=10&amp;sa=N">Timezones: Moncton(This is a new word, change from “Moncton” to “曼克頓”)</reference>
		<reference type="RP21" uri="http://www.google.com/search?hl=zh-TW&amp;newwindow=1&amp;q=Daylight+Time&amp;lr=lang_zh-TW">Timezones: Eastern Daylight Time(change from “東部日光節約時間” to “東部夏令時間”)</reference>
		<reference type="RP22" uri="http://www.google.com/search?hl=zh-TW&amp;newwindow=1&amp;q=Daylight+Time&amp;lr=lang_zh-TW">Timezones: America/Phoenix/long/daylight(change from “山區標準時間” to “山區夏令時間”)</reference>
		<reference type="RP23" uri="http://www.google.com/search?hl=zh-TW&amp;newwindow=1&amp;q=Daylight+Time&amp;lr=lang_zh-TW">Timezones: Newfoundland Daylight Time(change from “纽芬蘭日光節約時間” to “纽芬蘭夏令時間”)</reference>
		<reference type="RP24" uri="http://www.google.com/search?hl=zh-TW&amp;newwindow=1&amp;q=Daylight+Time&amp;lr=lang_zh-TW">Timezones: Israel Daylight Time(change from “以色列日光節約時間” to “以色列夏令時間”)</reference>
		<reference type="RP25" uri="http://www.google.com/search?hl=zh-TW&amp;newwindow=1&amp;q=Daylight+Time&amp;lr=lang_zh-TW">Timezones: Hawaii Daylight Time(change from “夏威夷標準時間” to “夏威夷夏令時間”) </reference>
		<reference type="RP26" uri="http://www.google.com/search?hl=zh-TW&amp;newwindow=1&amp;q=Daylight+Time&amp;lr=lang_zh-TW">Timezones: Central European Daylight Time (change from “中歐日光節約時間” to “中歐夏令時間”)</reference>
		<reference type="RP27" uri="http://www.google.com/search?hl=zh-TW&amp;newwindow=1&amp;q=Daylight+Time&amp;lr=lang_zh-TW">Timezones: Eastern European Daylight Time(change from “東歐日光節約時間” to “東歐夏令時間”)</reference>
		<reference type="RP28" uri="http://www.google.com/search?q=Currie&amp;hl=zh-TW&amp;lr=lang_zh-TW&amp;newwindow=1&amp;start=50&amp;sa=N">Timezones: Currie(This is a new word, change from “Currie” to “居里”) </reference>
		<reference type="RP29" uri="http://www.google.com/search?hl=zh-TW&amp;newwindow=1&amp;q=Daylight+Time&amp;lr=lang_zh-TW">Timezones: Japan Daylight Time(change from “日本標準時間” to “日本夏令時間”)</reference>
		<reference type="RP3" uri="http://www.google.com/search?hl=zh-TW&amp;newwindow=1&amp;q=Southern+Africa&amp;btnG=%E6%90%9C%E5%B0%8B&amp;lr=lang_zh-TW">Territories: Southern Africa (change from “南非” to “非洲南部”)</reference>
		<reference type="RP30" uri="http://www.google.com/search?hl=zh-TW&amp;newwindow=1&amp;q=Daylight+Time&amp;lr=lang_zh-TW">Timezones: China Daylight Time(change from “中國標準時間” to “中國夏令時間”)</reference>
		<reference type="RP31" uri="http://www.worldlanguage.com/ChineseTraditional/Languages/Altai.htm">Language: Southern Altai  (change from “alt” to “南阿爾泰語”)</reference>
		<reference type="RP32" uri="http://www.google.com/search?hl=zh-TW&amp;newwindow=1&amp;q=Mirandese&amp;btnG=搜尋&amp;lr=lang_zh-TW">Language: Mirandese (change from “mwl” to “米蘭德斯文”) </reference>
		<reference type="RP33" uri="http://www.google.com/search?hl=zh-TW&amp;q=Classical+Newari+&amp;btnG=Google+搜尋&amp;lr=lang_zh-TW">Language: Classical Newari (change from “ nwc  ” to “ 古尼瓦爾文  ”)</reference>
		<reference type="RP34" uri="http://www.google.com/search?q=Sicilian+%E6%96%87&amp;hl=zh-TW&amp;lr=lang_zh-TW&amp;ie=UTF-8&amp;inlang=zh-TW&amp;newwindow=1&amp;start=10&amp;sa=N">Language: Sicilian  (change from “scn” to “西西里文”)</reference>
		<reference type="RP35" uri="http://140.111.34.46/cgi-bin/jdict/loadpage.cgi?file=gm/12-6-27.html&amp;word=%E8%98%87%E5%88%A9%E5%8D%97%E5%85%B1%E5%92%8C%E5%9C%8B">Language: Sranan Tongo  (change from “srn” to “蘇拉南東墎文”)</reference>
		<reference type="RP36" uri="http://wordpedia.britannica.com/concise/content.aspx?id=7841&amp;hash=PF16q%2BQ%2FWdoVa2%2Bve%2B%2FS%2Bg%3D%3D">Language: Old Provençal  (change from “普羅文斯文 (to 1500)” to “古普羅旺斯文”)</reference>
		<reference type="RP37" uri="http://www.google.com/search?q=Filipino&amp;hl=zh-TW&amp;lr=lang_zh-TW&amp;newwindow=1&amp;start=40&amp;sa=N">Language: Filipino  (change from “fil” to “菲律賓文”)</reference>
		<reference type="RP38" uri="http://www.google.com/search?q=Germanic+(Other)&amp;hl=zh-TW&amp;lr=lang_zh-TW&amp;newwindow=1&amp;start=60&amp;sa=N">Language: Germanic (Other)  (change from “德國的(其他)” to “日耳曼文（其它）”)</reference>
		<reference type="RP39" uri="http://blog.yam.com/festival/archives/1044108.html">Script: Bali (It's a new term)</reference>
		<reference type="RP4" uri="http://www.google.com/search?q=Central+Asia&amp;hl=zh-TW&amp;lr=lang_zh-TW&amp;newwindow=1&amp;start=270&amp;sa=N">Territories: Central Asia (change from “143” to “中亞”)</reference>
		<reference type="RP40" uri="http://www.taiwanus.us/MediaVideoAudio/books/history/b5/03.htm">Script: Batak (It's a new term)</reference>
		<reference type="RP41" uri="http://www.ntctc.edu.tw/spc/ebook/pdf/9003/1.pdf">Script: Blissymbols (It's a new term)</reference>
		<reference type="RP42" uri="http://tw.britannica.com/MiniSite/Article/id00005994.html">Script: Brahmi (It's a new term) </reference>
		<reference type="RP43" uri="http://www.google.com/search?q=Dutch&amp;hl=zh-TW&amp;lr=lang_zh-TW&amp;newwindow=1&amp;start=20&amp;sa=N">Language: Middle Dutch  (change from “荷蘭，中古 (ca. 1050-1350)” to “中古荷蘭文”)</reference>
		<reference type="RP44" uri="http://www.unicode.org/cldr/data/common/main/zh_Hant.xml">Script: Buginese (It's a new term) </reference>
		<reference type="RP45" uri="http://www.worldlanguage.com/ChineseTraditional/Languages/Cham.htm">Script: Cham (It's a new term) </reference>
		<reference type="RP46" uri="http://www.gamez.com.tw/printthread.php?t=17770&amp;pp=40">Script: Cirth (It's a new term) </reference>
		<reference type="RP47" uri="http://www.google.com/search?q=Chuvash&amp;hl=zh-TW&amp;lr=lang_zh-TW&amp;newwindow=1&amp;start=10&amp;sa=N">Language: Chuvash (change from “楚瓦甚文” to “楚瓦士文”)</reference>
		<reference type="RP48" uri="http://wordpedia.britannica.com/concise/content.aspx?id=570&amp;hash=vsW50K8BiqKfMw5LJ8gJmA%3D%3D&amp;t=3">Script: Cyrillic (Old Church Slavonic variant)  (It's a new term) </reference>
		<reference type="RP49" uri="http://egyptwords.blogspot.com/">Script:  Egyptian demotic (It's a new term) </reference>
		<reference type="RP5" uri="http://www.google.com/search?hl=zh-TW&amp;newwindow=1&amp;q=Latin+America+and+the+Caribbean&amp;btnG=%E6%90%9C%E5%B0%8B&amp;lr=lang_zh-TW">Territories: Latin America and the Caribbean (change from “419” to “拉丁美洲和加勒比海”)</reference>
		<reference type="RP50" uri="http://egyptwords.blogspot.com/">Script: Egyptian hieratic (It's a new term)  </reference>
		<reference type="RP51" uri="http://egyptwords.blogspot.com/">Script:  Egyptian hieroglyphs (It's a new term) </reference>
		<reference type="RP52" uri="http://203.64.158.220/ebintra/Content.asp?ContentID=16907">Script: Glagolitic (It's a new term) </reference>
		<reference type="RP53" uri="http://www.e-safety.com.tw/1_main/103_learning/1037_news/ENS48/pdf/C6.pdf">Script: Gujarati (It's a new term) </reference>
		<reference type="RP54" uri="http://homework.wtuc.edu.tw/~wenlurg/forghis/0323-10.htm">Script: Indus (Harappan) (It's a new term) </reference>
		<reference type="RP55" uri="http://leoboard.cpatch.org/cgi-bin/topic.cgi?forum=4&amp;topic=164">Script: Javanese (It's a new term)  </reference>
		<reference type="RP56" uri="http://www.ncn.org/asp/zwgInfo/bg_Da.asp?ID=67438%20&amp;ad=1/2/2006">Script:  Kayah Li  (It's a new term)  </reference>
		<reference type="RP57" uri="http://www.google.com/search?q=Klingon+%E6%96%87&amp;hl=zh-TW&amp;lr=lang_zh-TW&amp;ie=UTF-8&amp;inlang=zh-TW&amp;newwindow=1&amp;start=10&amp;sa=N">Language: Klingon  (change from “tlh” to “克林貢文”)</reference>
		<reference type="RP58" uri="http://webtitle.nmh.gov.tw/india/page/page.php?id=103">Script: Kharoshthi (It's a new term) </reference>
		<reference type="RP59" uri="http://140.128.159.78/yldict/word.asp?w=Fraktur">Script: Latin (Fraktur variant) (It's a new term) </reference>
		<reference type="RP6" uri="http://www.google.com/search?q=Commonwealth+of+Independent+States&amp;hl=zh-TW&amp;lr=lang_zh-TW&amp;newwindow=1&amp;start=10&amp;sa=N">Territories: Commonwealth of Independent States (change from “172” to “獨立國家國協”)</reference>
		<reference type="RP60" uri="http://hk.dictionary.yahoo.com/search.html?s=Gaelic">Script: Latin (Gaelic variant) (It's a new term) </reference>
		<reference type="RP61" uri="http://203.64.158.220/ebintra/Content.asp?ContentID=25845 &amp;">Script: Lepcha (Róng) (It's a new term)  </reference>
		<reference type="RP62" uri="http://tw.britannica.com/MiniSite/Article/id00036950.htm">Script: Linear A (It's a new term) </reference>
		<reference type="RP63" uri="http://tw.britannica.com/MiniSite/Article/id00036950.html">Script: Linear B (It's a new term) </reference>
		<reference type="RP64" uri="http://www2.ccim.org:8088/dictionary/zhaoindex.jsp?k=Gnosticism">Script: Mandaean (It's a new term) </reference>
		<reference type="RP65" uri="http://tw.britannica.com/MiniSite/Article/id00040761.html">Script: Meroitic (It's a new term) </reference>
		<reference type="RP66" uri="http://www.macaoheritage.net/Trends/NewsC.asp?nid=5678">Script: Orkhon (It's a new term) </reference>
		<reference type="RP67" uri="http://tw.britannica.com/MiniSite/Article/id00048822.html">Script: Old Permic  (It's a new term)   </reference>
		<reference type="RP68" uri="http://zh.wikipedia.org/wiki/%E5%85%AB%E6%80%9D%E5%B7%B4%E5%AD%97"> Script: Phags-pa (It's a new term)  </reference>
		<reference type="RP69" uri="http://www.google.com/search?q=Haitian&amp;hl=zh-TW&amp;lr=lang_zh-TW&amp;newwindow=1&amp;start=0&amp;sa=N">Language: Haitian  (change from “海地人” to “海地文”)</reference>
		<reference type="RP7" uri="http://www.google.com/search?q=Macao+S.A.R.,+China&amp;hl=zh-TW&amp;lr=lang_zh-TW&amp;newwindow=1&amp;start=10&amp;sa=N">Territories: Macao S.A.R., China(change from “澳門特別行政區”to “中華人民共和國澳門特別行政區”)</reference>
		<reference type="RP70">Currencies:Netherlands Antillan Guilder (change from &amp;quot;荷蘭 安梯蘭 盾&amp;quot; to &amp;quot;荷蘭安梯蘭盾&amp;quot;)</reference>
		<reference type="RP71" uri="http://tw.britannica.com/MiniSite/Article/id00049079.html">Script: Phoenician (It's a new term) </reference>
		<reference type="RP72">Currencies: Belgian Franc (convertible) (change from &amp;quot;比利時法郎 （可轉換）&amp;quot; to &amp;quot;比利時法郎（可轉換）&amp;quot;)</reference>
		<reference type="RP73" uri="http://www.cc-us.org/usa/H39-5.htm">Script:  Pollard Phonetic  (It's a new term) </reference>
		<reference type="RP74">Currencies: Belgian Franc (financial) (change from &amp;quot;比利時法郎 （金融）&amp;quot; to &amp;quot;比利時法郎（金融）&amp;quot;)</reference>
		<reference type="RP75">Currencies: Bolivian Mvdol (change from &amp;quot;玻利維亞 幕多&amp;quot; to &amp;quot;玻利維亞幕多&amp;quot;)</reference>
		<reference type="RP76" uri="http://www.thisisthelife.com/zh/historical-sites/easter-island.htm">Script: Rongorongo (It's a new term) </reference>
		<reference type="RP77">Currencies: Brazilian Cruzeiro Novo (1967-1986) (change from &amp;quot;巴西克魯薩多 農瓦 (1967-1986)&amp;quot; to &amp;quot;巴西克魯薩多農瓦 (1967-1986)&amp;quot;)</reference>
		<reference type="RP78" uri="http://zh.wikipedia.org/wiki/ç²¾éèª "> Script: Sarati (It's a new term)  </reference>
		<reference type="RP79">Currencies: Brazilian Cruzado Novo (change from &amp;quot;巴西 克如爾達 農瓦&amp;quot; to &amp;quot;巴西克如爾達農瓦&amp;quot;)</reference>
		<reference type="RP8" uri="http://www.google.com/search?hl=zh-TW&amp;newwindow=1&amp;q=Daylight+Time&amp;lr=lang_zh-TW">Timezones: Africa/Casablanca/long/daylight (change from “格林威治標準時間” to “格林威治夏令時間”)</reference>
		<reference type="RP80" uri="http://www.worldlanguage.com/ChineseTraditional/Languages/Syriac-Estrangelo.htm &amp; http://artvine.com.tw/cgi-bin/board/bbsboard.pl?board_id=2&amp;type=show_post&amp;post=3997">Script:  Syriac (Estrangelo variant)  (It's a new term)  </reference>
		<reference type="RP81" draft="provisional">Currencies: East German Ostmark (change from &amp;quot;東德東德馬克&amp;quot; to &amp;quot;東德奧斯特馬克&amp;quot;)</reference>
		<reference type="RP82" uri="http://www.tattpe.org.tw/news_20051114-2.shtml">Script: New Tai Lue (It's a new term) </reference>
		<reference type="RP83">Currencies: Trinidad and Tobago Dollar (change from &amp;quot;千里達及托巴哥r&amp;quot; to &amp;quot;千里達及托巴哥元&amp;quot;)</reference>
		<reference type="RP84">Currencies: CFA Franc BEAC (change from &amp;quot;西非 法郎 BEAC&amp;quot; to &amp;quot;西非法郎 BEAC&amp;quot;)</reference>
		<reference type="RP85">Currencies: CFA Franc BCEAO (change from &amp;quot;西非 法郎 BCEAO&amp;quot; to &amp;quot;西非法郎 BCEAO&amp;quot;)</reference>
		<reference type="RP86" uri="http://www.fantasyweb.idv.tw/yilu/gallery/Spec/Tolkien_fonts/index.htm">Script: Tengwar (It's a new term) </reference>
		<reference type="RP87">Currencies: Laotian Kip (change from &amp;quot;老撾 開普&amp;quot; to &amp;quot;老撾開普&amp;quot;)</reference>
		<reference type="RP88" uri="http://wiki.foreprinciple.org/mediawiki-1.3.8/index.php?title=%E6%8F%90%E9%9D%9E%E7%B4%8D%E6%96%87">Script:  Tifinagh (Berber)  (It's a new term) </reference>
		<reference type="RP89" uri="http://wiki.foreprinciple.org/mediawiki-1.3.8/index.php?title=%E6%8F%90%E9%9D%9E%E7%B4%8D%E6%96%87">Script: Tifinagh (Berber)  (It's a new term) </reference>
		<reference type="RP9" uri="http://www.google.com/search?hl=zh-TW&amp;newwindow=1&amp;q=Daylight+Time&amp;lr=lang_zh-TW">Timezones: Alaska Daylight Time(change from “阿拉斯加日光節約時間” to “阿拉斯加夏令時間”)</reference>
		<reference type="RP90">Currencies: Nicaraguan Cordoba Oro (change from &amp;quot;尼加拉瓜 金哥多華&amp;quot; to &amp;quot;尼加拉瓜金哥多華普&amp;quot;)</reference>
		<reference type="RP91">Currencies: Saint Helena Pound (change from &amp;quot;聖赫勒拿 鎊&amp;quot; to &amp;quot;聖赫勒拿鎊&amp;quot;)</reference>
		<reference type="RP92" uri="http://www.evangellite.org/159/article01.html &amp; http://wordpedia.britannica.com/concise/content.aspx?id=488&amp;hash=O12Uh%2FEcmekMDUZER8jE%2BA%3D%3D&amp;t=3">Script: Sumero-Akkadian Cuneiform (It's a new term)  </reference>
		<reference type="RP93">Currencies: El Salvador Colon (change from &amp;quot;愛爾 薩爾瓦多科郎&amp;quot; to &amp;quot;愛爾薩爾瓦多科郎&amp;quot;)</reference>
		<reference type="RP94">Currencies: Swaziland Lilangeni (change from &amp;quot;斯威士蘭 里郎&amp;quot; to &amp;quot;斯威士蘭里郎&amp;quot;)</reference>
		<reference type="RP95">Currencies: Tajikistan Somoni (change from &amp;quot;塔吉克斯坦 索莫尼&amp;quot; to &amp;quot;塔吉克斯坦索莫尼&amp;quot;)</reference>
		<reference type="RP96">Currencies: Timor Escudo (change from &amp;quot;帝汶 埃斯庫多&amp;quot; to &amp;quot;帝汶埃斯庫多&amp;quot;)</reference>
		<reference type="RP97">Currencies: Tanzanian Shilling (change from &amp;quot;坦桑尼亞 先令&amp;quot; to &amp;quot;坦桑尼亞先令&amp;quot;)</reference>
		<reference type="RP98">Currencies: Ukrainian Karbovanetz (change from &amp;quot;烏克蘭 卡本瓦那茲&amp;quot; to &amp;quot;烏克蘭卡本瓦那茲&amp;quot;)</reference>
		<reference type="RP99">Currencies: Uzbekistan Sum (change from &amp;quot;烏茲別克斯坦 薩木&amp;quot; to &amp;quot;烏茲別克斯坦薩木&amp;quot;)</reference>
	</references>
</ldml>

