<?xml version="1.0" encoding="UTF-8" ?>
<!DOCTYPE ldml SYSTEM "../../common/dtd/ldml.dtd">
<!--
Copyright © 1991-2017 Unicode, Inc.
CLDR data files are interpreted according to the LDML specification (http://unicode.org/reports/tr35/)
For terms of use, see http://www.unicode.org/copyright.html
-->
<ldml>
    <identity>
        <version number="$Revision$"/>
        <language type="ak"/>
    </identity>
    <rbnf>
        <rulesetGrouping type="SpelloutRules">
            <ruleset type="spellout-numbering-year">
                <rbnfrule value="-x">kaw →→;</rbnfrule>
                <rbnfrule value="x.x">=0.0=;</rbnfrule>
                <rbnfrule value="0">=%spellout-numbering=;</rbnfrule>
                <rbnfrule value="10">←← →→→;</rbnfrule>
                <rbnfrule value="100">←← →→→;</rbnfrule>
                <rbnfrule value="1000">←← →→→;</rbnfrule>
                <rbnfrule value="10000">=%spellout-numbering=;</rbnfrule>
            </ruleset>
            <ruleset type="spellout-numbering">
                <rbnfrule value="0">=%spellout-cardinal=;</rbnfrule>
            </ruleset>
            <ruleset type="spellout-cardinal">
                <rbnfrule value="-x">kaw →→;</rbnfrule>
                <rbnfrule value="x.x">←← pɔw →→;</rbnfrule>
                <rbnfrule value="0">hwee;</rbnfrule>
                <rbnfrule value="1">koro;</rbnfrule>
                <rbnfrule value="2">abien;</rbnfrule>
                <rbnfrule value="3">abiasa;</rbnfrule>
                <rbnfrule value="4">anan;</rbnfrule>
                <rbnfrule value="5">anum;</rbnfrule>
                <rbnfrule value="6">asia;</rbnfrule>
                <rbnfrule value="7">asuon;</rbnfrule>
                <rbnfrule value="8">awɔtwe;</rbnfrule>
                <rbnfrule value="9">akron;</rbnfrule>
                <rbnfrule value="10">du[-→%%spellout-cardinal-tens→];</rbnfrule>
                <rbnfrule value="20">aduonu[-→%%spellout-cardinal-tens→];</rbnfrule>
                <rbnfrule value="30">aduasa[-→%%spellout-cardinal-tens→];</rbnfrule>
                <rbnfrule value="40">adu←←[-→%%spellout-cardinal-tens→];</rbnfrule>
                <rbnfrule value="100">­ɔha[-na-­→→];</rbnfrule>
                <rbnfrule value="200">aha-←←[-na-→→];</rbnfrule>
                <rbnfrule value="1000">apem[-na-→→];</rbnfrule>
                <rbnfrule value="2000">mpem-←←[-na-→→];</rbnfrule>
                <rbnfrule value="100000">mpem-ɔha[-na-→→];</rbnfrule>
                <rbnfrule value="200000">mpem-aha-←←[-na-→→];</rbnfrule>
                <rbnfrule value="1000000">ɔpepepem-←←[-na-→→];</rbnfrule>
                <rbnfrule value="2000000">mpepepem-←←[-na-→→];</rbnfrule>
                <rbnfrule value="1000000000">ɔpepepepem-←←[-na-→→];</rbnfrule>
                <rbnfrule value="2000000000">mpepepepem-←←[-na-→→];</rbnfrule>
                <rbnfrule value="1000000000000">ɔpepepepepem-←←[-na-→→];</rbnfrule>
                <rbnfrule value="2000000000000">mpepepepepem-←←[-na-→→];</rbnfrule>
                <rbnfrule value="1000000000000000">ɔpepepepepepem-←←[-na-→→];</rbnfrule>
                <rbnfrule value="2000000000000000">mpepepepepepem-←←[-na-→→];</rbnfrule>
                <rbnfrule value="1000000000000000000">=#,##0=;</rbnfrule>
            </ruleset>
            <ruleset type="spellout-cardinal-tens" access="private">
                <rbnfrule value="0">;</rbnfrule>
                <rbnfrule value="1">biako;</rbnfrule>
                <rbnfrule value="2">=%spellout-cardinal=;</rbnfrule>
            </ruleset>
            <ruleset type="spellout-ordinal">
                <rbnfrule value="-x">kaw →→;</rbnfrule>
                <rbnfrule value="x.x">=0.0=;</rbnfrule>
                <rbnfrule value="0">a-ɛ-tɔ-so-hwee;</rbnfrule>
                <rbnfrule value="1">a-ɛ-di-kane;</rbnfrule>
                <rbnfrule value="2">a-ɛ-tɔ-so-=%spellout-cardinal=;</rbnfrule>
            </ruleset>
        </rulesetGrouping>
    </rbnf>
</ldml>
