<?xml version="1.0" encoding="UTF-8" ?>
<!DOCTYPE ldml SYSTEM "../../common/dtd/ldml.dtd">
<!--
Copyright © 1991-2013 Unicode, Inc.
CLDR data files are interpreted according to the LDML specification (http://unicode.org/reports/tr35/)
For terms of use, see http://www.unicode.org/copyright.html
-->
<ldml>
    <identity>
        <version number="$Revision$"/>
        <language type="am"/>
    </identity>
    <rbnf>
        <rulesetGrouping type="SpelloutRules">
            <ruleset type="spellout-numbering-year">
                <rbnfrule value="-x">ቅንስናሽ →→;</rbnfrule>
                <rbnfrule value="x.x">=0.0=;</rbnfrule>
                <rbnfrule value="0">=%spellout-numbering=;</rbnfrule>
                <rbnfrule value="1100" radix="100">←← መቶ[ →→];</rbnfrule>
                <rbnfrule value="10000">=%spellout-numbering=;</rbnfrule>
            </ruleset>
            <ruleset type="spellout-numbering">
                <rbnfrule value="0">=%spellout-cardinal=;</rbnfrule>
            </ruleset>
            <ruleset type="spellout-cardinal">
                <rbnfrule value="-x">ቅንስናሽ →→;</rbnfrule>
                <rbnfrule value="x.x">←← ነጥብ →→;</rbnfrule>
                <rbnfrule value="0">ባዶ;</rbnfrule>
                <rbnfrule value="1">አንድ;</rbnfrule>
                <rbnfrule value="2">ሁለት;</rbnfrule>
                <rbnfrule value="3">ሦስት;</rbnfrule>
                <rbnfrule value="4">አራት;</rbnfrule>
                <rbnfrule value="5">አምስት;</rbnfrule>
                <rbnfrule value="6">ስድስት;</rbnfrule>
                <rbnfrule value="7">ሰባት;</rbnfrule>
                <rbnfrule value="8">ስምንት;</rbnfrule>
                <rbnfrule value="9">ዘጠኝ;</rbnfrule>
                <rbnfrule value="10">አስር[ →→];</rbnfrule>
                <rbnfrule value="20">←← አስር[ →→];</rbnfrule>
                <rbnfrule value="100">መቶ[ →→];</rbnfrule>
                <rbnfrule value="200">←← መቶ[ →→];</rbnfrule>
                <rbnfrule value="1000">ሺ[ →→];</rbnfrule>
                <rbnfrule value="2000">←← ሺ[ →→];</rbnfrule>
                <rbnfrule value="1000000">ሚሊዮን[ →→];</rbnfrule>
                <rbnfrule value="2000000">←← ሚሊዮን[ →→];</rbnfrule>
                <rbnfrule value="1000000000">←← ቢሊዮን[ →→];</rbnfrule>
                <rbnfrule value="1000000000000">←← ቲሪሊዮን[ →→];</rbnfrule>
                <rbnfrule value="1000000000000000">←← ቈዲሪሊዮን[ →→];</rbnfrule>
                <rbnfrule value="1000000000000000000">=#,##0=;</rbnfrule>
            </ruleset>
            <ruleset type="spellout-ordinal">
                <rbnfrule value="-x">ቅንስናሽ →→;</rbnfrule>
                <rbnfrule value="x.x">=#,##0.#=;</rbnfrule>
                <rbnfrule value="0">=%spellout-numbering=ኛ;</rbnfrule>
            </ruleset>
        </rulesetGrouping>
        <rulesetGrouping type="OrdinalRules">
            <ruleset type="digits-ordinal">
                <rbnfrule value="-x">−→→;</rbnfrule>
                <rbnfrule value="0">=#,##0=ኛ;</rbnfrule>
            </ruleset>
        </rulesetGrouping>
    </rbnf>
</ldml>
