<?xml version="1.0" encoding="UTF-8" ?>
<!DOCTYPE ldml SYSTEM "../../common/dtd/ldml.dtd">
<!--
Copyright © 1991-2013 Unicode, Inc.
CLDR data files are interpreted according to the LDML specification (http://unicode.org/reports/tr35/)
For terms of use, see http://www.unicode.org/copyright.html
-->
<ldml>
    <identity>
        <version number="$Revision$"/>
        <language type="ar"/>
    </identity>
    <rbnf>
        <rulesetGrouping type="SpelloutRules">
            <ruleset type="spellout-numbering-year">
                <rbnfrule value="x.x">=0.0=;</rbnfrule>
                <rbnfrule value="0">=%spellout-numbering=;</rbnfrule>
            </ruleset>
            <ruleset type="spellout-numbering">
                <rbnfrule value="-x">ناقص →→;</rbnfrule>
                <rbnfrule value="x.x">←← فاصل →→;</rbnfrule>
                <rbnfrule value="0">صفر;</rbnfrule>
                <rbnfrule value="1">واحد;</rbnfrule>
                <rbnfrule value="2">إثنان;</rbnfrule>
                <rbnfrule value="3">ثلاثة;</rbnfrule>
                <rbnfrule value="4">أربعة;</rbnfrule>
                <rbnfrule value="5">خمسة;</rbnfrule>
                <rbnfrule value="6">ستة;</rbnfrule>
                <rbnfrule value="7">سبعة;</rbnfrule>
                <rbnfrule value="8">ثمانية;</rbnfrule>
                <rbnfrule value="9">تسعة;</rbnfrule>
                <rbnfrule value="10">عشرة;</rbnfrule>
                <rbnfrule value="11">إحدى عشر;</rbnfrule>
                <rbnfrule value="12">إثنا عشر;</rbnfrule>
                <rbnfrule value="13">→%spellout-numbering→ عشر;</rbnfrule>
                <rbnfrule value="20">[→%spellout-numbering→ و ]عشرون;</rbnfrule>
                <rbnfrule value="30">[→%spellout-numbering→ و ]ثلاثون;</rbnfrule>
                <rbnfrule value="40">[→%spellout-numbering→ و ]أربعون;</rbnfrule>
                <rbnfrule value="50">[→%spellout-numbering→ و ]خمسون;</rbnfrule>
                <rbnfrule value="60">[→%spellout-numbering→ و ]ستون;</rbnfrule>
                <rbnfrule value="70">[→%spellout-numbering→ و ]سبعون;</rbnfrule>
                <rbnfrule value="80">[→%spellout-numbering→ و ]ثمانون;</rbnfrule>
                <rbnfrule value="90">[→%spellout-numbering→ و ]تسعون;</rbnfrule>
                <rbnfrule value="100">مائة[ و →%spellout-numbering→];</rbnfrule>
                <rbnfrule value="200">مائتان[ و →%spellout-numbering→];</rbnfrule>
                <rbnfrule value="300">←%spellout-numbering← مائة[ و →%spellout-numbering→];</rbnfrule>
                <rbnfrule value="1000">ألف[ و →%spellout-numbering→];</rbnfrule>
                <rbnfrule value="2000">ألفين[ و →%spellout-numbering→];</rbnfrule>
                <rbnfrule value="3000">←%spellout-numbering← آلاف[ و →%spellout-numbering→];</rbnfrule>
                <rbnfrule value="11000" radix="1000">←%%spellout-numbering-m← ألف[ و →%spellout-numbering→];</rbnfrule>
                <rbnfrule value="1000000">مليون[ و →%spellout-numbering→];</rbnfrule>
                <rbnfrule value="2000000">←%%spellout-numbering-m← مليون[ و →%spellout-numbering→];</rbnfrule>
                <rbnfrule value="1000000000">مليار[ و →%spellout-numbering→];</rbnfrule>
                <rbnfrule value="2000000000">←%%spellout-numbering-m← مليار[ و →%spellout-numbering→];</rbnfrule>
                <rbnfrule value="1000000000000">ترليون[ و →%spellout-numbering→];</rbnfrule>
                <rbnfrule value="2000000000000">←%%spellout-numbering-m← ترليون[ و →%spellout-numbering→];</rbnfrule>
                <rbnfrule value="1000000000000000">كوادرليون[ و →%spellout-numbering→];</rbnfrule>
                <rbnfrule value="2000000000000000">←%%spellout-numbering-m← كوادرليون[ و →%spellout-numbering→];</rbnfrule>
                <rbnfrule value="1000000000000000000">=#,##0=;</rbnfrule>
            </ruleset>
            <ruleset type="spellout-cardinal-feminine">
                <rbnfrule value="-x">ناقص →→;</rbnfrule>
                <rbnfrule value="x.x">←← فاصل →→;</rbnfrule>
                <rbnfrule value="0">صفر;</rbnfrule>
                <rbnfrule value="1">واحدة;</rbnfrule>
                <rbnfrule value="2">إثنتان;</rbnfrule>
                <rbnfrule value="3">ثلاثة;</rbnfrule>
                <rbnfrule value="4">أربعة;</rbnfrule>
                <rbnfrule value="5">خمسة;</rbnfrule>
                <rbnfrule value="6">ستة;</rbnfrule>
                <rbnfrule value="7">سبعة;</rbnfrule>
                <rbnfrule value="8">ثمانية;</rbnfrule>
                <rbnfrule value="9">تسعة;</rbnfrule>
                <rbnfrule value="10">عشرة;</rbnfrule>
                <rbnfrule value="11">إحدى عشر;</rbnfrule>
                <rbnfrule value="12">إثنتا عشرة;</rbnfrule>
                <rbnfrule value="13">→%spellout-numbering→ عشر;</rbnfrule>
                <rbnfrule value="20">[→%spellout-numbering→ و ]عشرون;</rbnfrule>
                <rbnfrule value="30">[→%spellout-numbering→ و ]ثلاثون;</rbnfrule>
                <rbnfrule value="40">[→%spellout-numbering→ و ]أربعون;</rbnfrule>
                <rbnfrule value="50">[→%spellout-numbering→ و ]خمسون;</rbnfrule>
                <rbnfrule value="60">[→%spellout-numbering→ و ]ستون;</rbnfrule>
                <rbnfrule value="70">[→%spellout-numbering→ و ]سبعون;</rbnfrule>
                <rbnfrule value="80">[→%spellout-numbering→ و ]ثمانون;</rbnfrule>
                <rbnfrule value="90">[→%spellout-numbering→ و ]تسعون;</rbnfrule>
                <rbnfrule value="100">مائة[ و →%spellout-numbering→];</rbnfrule>
                <rbnfrule value="200">مائتان[ و →%spellout-numbering→];</rbnfrule>
                <rbnfrule value="300">←%spellout-numbering← مائة[ و →%spellout-numbering→];</rbnfrule>
                <rbnfrule value="1000">ألف[ و →%spellout-numbering→];</rbnfrule>
                <rbnfrule value="2000">ألفي[ و →%spellout-numbering→];</rbnfrule>
                <rbnfrule value="3000">←%spellout-numbering← آلاف[ و →%spellout-numbering→];</rbnfrule>
                <rbnfrule value="11000" radix="1000">←%%spellout-numbering-m← ألف[ و →%spellout-numbering→];</rbnfrule>
                <rbnfrule value="1000000">مليون[ و →%spellout-numbering→];</rbnfrule>
                <rbnfrule value="2000000">←%%spellout-numbering-m← مليون[ و →%spellout-numbering→];</rbnfrule>
                <rbnfrule value="1000000000">مليار[ و →%spellout-numbering→];</rbnfrule>
                <rbnfrule value="2000000000">←%%spellout-numbering-m← مليار[ و →%spellout-numbering→];</rbnfrule>
                <rbnfrule value="1000000000000">ترليون[ و →%spellout-numbering→];</rbnfrule>
                <rbnfrule value="2000000000000">←%%spellout-numbering-m← ترليون[ و →%spellout-numbering→];</rbnfrule>
                <rbnfrule value="1000000000000000">كوادرليون[ و →%spellout-numbering→];</rbnfrule>
                <rbnfrule value="2000000000000000">←%%spellout-numbering-m← كوادرليون[ و →%spellout-numbering→];</rbnfrule>
                <rbnfrule value="1000000000000000000">=#,##0=;</rbnfrule>
            </ruleset>
            <ruleset type="spellout-numbering-m" access="private">
                <rbnfrule value="0">صفر;</rbnfrule>
                <rbnfrule value="1">واحد;</rbnfrule>
                <rbnfrule value="2">إثنان;</rbnfrule>
                <rbnfrule value="3">ثلاثة;</rbnfrule>
                <rbnfrule value="4">أربعة;</rbnfrule>
                <rbnfrule value="5">خمسة;</rbnfrule>
                <rbnfrule value="6">ستة;</rbnfrule>
                <rbnfrule value="7">سبعة;</rbnfrule>
                <rbnfrule value="8">ثمانية;</rbnfrule>
                <rbnfrule value="9">تسعة;</rbnfrule>
                <rbnfrule value="10">عشرة;</rbnfrule>
                <rbnfrule value="11">إحدى عشر;</rbnfrule>
                <rbnfrule value="12">إثنا عشر;</rbnfrule>
                <rbnfrule value="13">→→ عشر;</rbnfrule>
                <rbnfrule value="20">[→%%spellout-numbering-m→ و ]عشرون;</rbnfrule>
                <rbnfrule value="30">[→%%spellout-numbering-m→ و ]ثلاثون;</rbnfrule>
                <rbnfrule value="40">[→%%spellout-numbering-m→ و ]أربعون;</rbnfrule>
                <rbnfrule value="50">[→%%spellout-numbering-m→ و ]خمسون;</rbnfrule>
                <rbnfrule value="60">[→%%spellout-numbering-m→ و ]ستون;</rbnfrule>
                <rbnfrule value="70">[→%%spellout-numbering-m→ و ]سبعون;</rbnfrule>
                <rbnfrule value="80">[→%%spellout-numbering-m→ و ]ثمانون;</rbnfrule>
                <rbnfrule value="90">[→%%spellout-numbering-m→ و ]تسعون;</rbnfrule>
                <rbnfrule value="100">مائة[ و →%%spellout-numbering-m→];</rbnfrule>
                <rbnfrule value="200">مائتان[ و →%%spellout-numbering-m→];</rbnfrule>
                <rbnfrule value="300">←%spellout-numbering← مائة[ و →%%spellout-numbering-m→];</rbnfrule>
                <rbnfrule value="1000">ألف[ و →%%spellout-numbering-m→];</rbnfrule>
                <rbnfrule value="2000">ألفي[ و →%%spellout-numbering-m→];</rbnfrule>
                <rbnfrule value="3000">←%spellout-numbering← آلاف[ و →%%spellout-numbering-m→];</rbnfrule>
                <rbnfrule value="11000" radix="1000">←%%spellout-numbering-m← ألف[ و →%%spellout-numbering-m→];</rbnfrule>
                <rbnfrule value="1000000">مليون[ و →%%spellout-numbering-m→];</rbnfrule>
                <rbnfrule value="2000000">←%%spellout-numbering-m← مليون[ و →%%spellout-numbering-m→];</rbnfrule>
                <rbnfrule value="1000000000">مليار[ و →%%spellout-numbering-m→];</rbnfrule>
                <rbnfrule value="2000000000">←%%spellout-numbering-m← مليار[ و →%%spellout-numbering-m→];</rbnfrule>
                <rbnfrule value="1000000000000">ترليون[ و →%%spellout-numbering-m→];</rbnfrule>
                <rbnfrule value="2000000000000">←%%spellout-numbering-m← ترليون[ و →%%spellout-numbering-m→];</rbnfrule>
                <rbnfrule value="1000000000000000">كوادرليون[ و →%%spellout-numbering-m→];</rbnfrule>
                <rbnfrule value="2000000000000000">←%%spellout-numbering-m← كوادرليون[ و →%%spellout-numbering-m→];</rbnfrule>
                <rbnfrule value="1000000000000000000">=#,##0=;</rbnfrule>
            </ruleset>
            <ruleset type="spellout-cardinal-masculine">
                <rbnfrule value="-x">ناقص →→;</rbnfrule>
                <rbnfrule value="x.x">←%%spellout-numbering-m← فاصل →→ ;</rbnfrule>
                <rbnfrule value="0">صفر;</rbnfrule>
                <rbnfrule value="1">واحد;</rbnfrule>
                <rbnfrule value="2">إثنان;</rbnfrule>
                <rbnfrule value="3">ثلاثة;</rbnfrule>
                <rbnfrule value="4">أربعة;</rbnfrule>
                <rbnfrule value="5">خمسة;</rbnfrule>
                <rbnfrule value="6">ستة;</rbnfrule>
                <rbnfrule value="7">سبعة;</rbnfrule>
                <rbnfrule value="8">ثمانية;</rbnfrule>
                <rbnfrule value="9">تسعة;</rbnfrule>
                <rbnfrule value="10">عشرة;</rbnfrule>
                <rbnfrule value="11">إحدى عشر;</rbnfrule>
                <rbnfrule value="12">إثنا عشر;</rbnfrule>
                <rbnfrule value="13">→→ عشر;</rbnfrule>
                <rbnfrule value="20">[→%%spellout-numbering-m→ و ]عشرون;</rbnfrule>
                <rbnfrule value="30">[→%%spellout-numbering-m→ و ]ثلاثون;</rbnfrule>
                <rbnfrule value="40">[→%%spellout-numbering-m→ و ]أربعون;</rbnfrule>
                <rbnfrule value="50">[→%%spellout-numbering-m→ و ]خمسون;</rbnfrule>
                <rbnfrule value="60">[→%%spellout-numbering-m→ و ]ستون;</rbnfrule>
                <rbnfrule value="70">[→%%spellout-numbering-m→ و ]سبعون;</rbnfrule>
                <rbnfrule value="80">[→%%spellout-numbering-m→ و ]ثمانون;</rbnfrule>
                <rbnfrule value="90">[→%%spellout-numbering-m→ و ]تسعون;</rbnfrule>
                <rbnfrule value="100">مائة[ و →%%spellout-numbering-m→];</rbnfrule>
                <rbnfrule value="200">مائتان[ و →%%spellout-numbering-m→];</rbnfrule>
                <rbnfrule value="300">←%spellout-numbering← مائة[ و →%%spellout-numbering-m→];</rbnfrule>
                <rbnfrule value="1000">ألف[ و →%%spellout-numbering-m→];</rbnfrule>
                <rbnfrule value="2000">ألفي[ و →%%spellout-numbering-m→];</rbnfrule>
                <rbnfrule value="3000">←%spellout-numbering← آلاف[ و →%%spellout-numbering-m→];</rbnfrule>
                <rbnfrule value="11000" radix="1000">←%%spellout-numbering-m← ألف[ و →%%spellout-numbering-m→];</rbnfrule>
                <rbnfrule value="1000000">مليون[ و →%%spellout-numbering-m→];</rbnfrule>
                <rbnfrule value="2000000">←%%spellout-numbering-m← مليون[ و →%%spellout-numbering-m→];</rbnfrule>
                <rbnfrule value="1000000000">مليار[ و →%%spellout-numbering-m→];</rbnfrule>
                <rbnfrule value="2000000000">←%%spellout-numbering-m← مليار[ و →%%spellout-numbering-m→];</rbnfrule>
                <rbnfrule value="1000000000000">ترليون[ و →%%spellout-numbering-m→];</rbnfrule>
                <rbnfrule value="2000000000000">←%%spellout-numbering-m← ترليون[ و →%%spellout-numbering-m→];</rbnfrule>
                <rbnfrule value="1000000000000000">كوادرليون[ و →%%spellout-numbering-m→];</rbnfrule>
                <rbnfrule value="2000000000000000">←%%spellout-numbering-m← كوادرليون[ و →%%spellout-numbering-m→];</rbnfrule>
                <rbnfrule value="1000000000000000000">=#,##0=;</rbnfrule>
            </ruleset>
            <ruleset type="ordinal-ones-feminine" access="private">
                <rbnfrule value="1">الحادية ;</rbnfrule>
                <rbnfrule value="2">=%spellout-ordinal-feminine=;</rbnfrule>
                <rbnfrule value="11">الحادية عشرة;</rbnfrule>
                <rbnfrule value="12">=%spellout-ordinal-feminine=;</rbnfrule>
            </ruleset>
            <ruleset type="spellout-ordinal-feminine">
                <rbnfrule value="-x">ناقص →→;</rbnfrule>
                <rbnfrule value="x.x">←← فاصل →→;</rbnfrule>
                <rbnfrule value="0">صفر;</rbnfrule>
                <rbnfrule value="1">الأولى;</rbnfrule>
                <rbnfrule value="2">الثانية;</rbnfrule>
                <rbnfrule value="3">الثالثة;</rbnfrule>
                <rbnfrule value="4">الرابعة;</rbnfrule>
                <rbnfrule value="5">الخامسة;</rbnfrule>
                <rbnfrule value="6">السادسة;</rbnfrule>
                <rbnfrule value="7">السابعة;</rbnfrule>
                <rbnfrule value="8">الثامنة;</rbnfrule>
                <rbnfrule value="9">التاسعة;</rbnfrule>
                <rbnfrule value="10">العاشرة;</rbnfrule>
                <rbnfrule value="11">الحادية عشرة;</rbnfrule>
                <rbnfrule value="12">→→ عشرة;</rbnfrule>
                <rbnfrule value="20">العشرون;</rbnfrule>
                <rbnfrule value="21">→%%ordinal-ones-feminine→ و العشرون;</rbnfrule>
                <rbnfrule value="30">الثلاثون;</rbnfrule>
                <rbnfrule value="31">→%%ordinal-ones-feminine→ و الثلاثون;</rbnfrule>
                <rbnfrule value="40">الأربعون;</rbnfrule>
                <rbnfrule value="41">→%%ordinal-ones-feminine→ و الأربعون;</rbnfrule>
                <rbnfrule value="50">الخمسون;</rbnfrule>
                <rbnfrule value="51">→%%ordinal-ones-feminine→ و الخمسون;</rbnfrule>
                <rbnfrule value="60">الستون;</rbnfrule>
                <rbnfrule value="61">→%%ordinal-ones-feminine→ و الستون;</rbnfrule>
                <rbnfrule value="70">السبعون;</rbnfrule>
                <rbnfrule value="71">→%%ordinal-ones-feminine→ و السبعون;</rbnfrule>
                <rbnfrule value="80">الثمانون;</rbnfrule>
                <rbnfrule value="81">→%%ordinal-ones-feminine→ و الثمانون;</rbnfrule>
                <rbnfrule value="90">التسعون;</rbnfrule>
                <rbnfrule value="91">→%%ordinal-ones-feminine→ و التسعون;</rbnfrule>
                <rbnfrule value="100">المائة[ و →%spellout-cardinal-feminine→];</rbnfrule>
                <rbnfrule value="200">المائتان[ و →%spellout-cardinal-feminine→];</rbnfrule>
                <rbnfrule value="300">←%spellout-numbering← مائة[ و →%spellout-cardinal-feminine→];</rbnfrule>
                <rbnfrule value="1000">الألف[ و →%spellout-cardinal-feminine→];</rbnfrule>
                <rbnfrule value="2000">الألفي[ و →%spellout-cardinal-feminine→];</rbnfrule>
                <rbnfrule value="3000">←%spellout-cardinal-feminine← آلاف[ و →%spellout-cardinal-feminine→];</rbnfrule>
                <rbnfrule value="11000" radix="1000">←%spellout-cardinal-feminine← ألف[ و →%spellout-cardinal-feminine→];</rbnfrule>
                <rbnfrule value="1000000">المليون[ و →%spellout-cardinal-feminine→];</rbnfrule>
                <rbnfrule value="2000000">←%spellout-cardinal-feminine← الألف[ و →%spellout-cardinal-feminine→];</rbnfrule>
                <rbnfrule value="1000000000">المليار[ و →%spellout-cardinal-feminine→];</rbnfrule>
                <rbnfrule value="2000000000">←%spellout-cardinal-feminine← مليار[ و →%spellout-cardinal-feminine→];</rbnfrule>
                <rbnfrule value="1000000000000">ترليون[ و →%spellout-cardinal-feminine→];</rbnfrule>
                <rbnfrule value="2000000000000">←%spellout-cardinal-feminine← ترليون[ و →%spellout-cardinal-feminine→];</rbnfrule>
                <rbnfrule value="1000000000000000">كوادرليون[ و →%spellout-cardinal-feminine→];</rbnfrule>
                <rbnfrule value="2000000000000000">←%spellout-cardinal-feminine← كوادرليون[ و →%spellout-cardinal-feminine→];</rbnfrule>
                <rbnfrule value="1000000000000000000">=#,##0=;</rbnfrule>
            </ruleset>
            <ruleset type="ordinal-ones-masculine" access="private">
                <rbnfrule value="1">الحادي ;</rbnfrule>
                <rbnfrule value="2">=%spellout-ordinal-masculine=;</rbnfrule>
                <rbnfrule value="11">الحادي عشر;</rbnfrule>
                <rbnfrule value="12">=%spellout-ordinal-masculine=;</rbnfrule>
            </ruleset>
            <ruleset type="spellout-ordinal-masculine">
                <rbnfrule value="-x">ناقص →→;</rbnfrule>
                <rbnfrule value="x.x">←← فاصل →→;</rbnfrule>
                <rbnfrule value="0">صفر;</rbnfrule>
                <rbnfrule value="1">الأول;</rbnfrule>
                <rbnfrule value="2">الثاني;</rbnfrule>
                <rbnfrule value="3">الثالث;</rbnfrule>
                <rbnfrule value="4">الرابع;</rbnfrule>
                <rbnfrule value="5">الخامس;</rbnfrule>
                <rbnfrule value="6">السادس;</rbnfrule>
                <rbnfrule value="7">السابع;</rbnfrule>
                <rbnfrule value="8">الثامن;</rbnfrule>
                <rbnfrule value="9">التاسع;</rbnfrule>
                <rbnfrule value="10">العاشر;</rbnfrule>
                <rbnfrule value="11">الحادي عشر;</rbnfrule>
                <rbnfrule value="12">→→ عشر;</rbnfrule>
                <rbnfrule value="20">العشرون;</rbnfrule>
                <rbnfrule value="21">→%%ordinal-ones-masculine→ و العشرون;</rbnfrule>
                <rbnfrule value="30">الثلاثون;</rbnfrule>
                <rbnfrule value="31">→%%ordinal-ones-masculine→ و الثلاثون;</rbnfrule>
                <rbnfrule value="40">الأربعون;</rbnfrule>
                <rbnfrule value="41">→%%ordinal-ones-masculine→ و الأربعون;</rbnfrule>
                <rbnfrule value="50">الخمسون;</rbnfrule>
                <rbnfrule value="51">→%%ordinal-ones-masculine→ و الخمسون;</rbnfrule>
                <rbnfrule value="60">الستون;</rbnfrule>
                <rbnfrule value="61">→%%ordinal-ones-masculine→ و الستون;</rbnfrule>
                <rbnfrule value="70">السبعون;</rbnfrule>
                <rbnfrule value="71">→%%ordinal-ones-masculine→ و السبعون;</rbnfrule>
                <rbnfrule value="80">الثمانون;</rbnfrule>
                <rbnfrule value="81">→%%ordinal-ones-masculine→ و الثمانون;</rbnfrule>
                <rbnfrule value="90">التسعون;</rbnfrule>
                <rbnfrule value="91">→%%ordinal-ones-masculine→ و التسعون;</rbnfrule>
                <rbnfrule value="100">المائة[ و →%%spellout-numbering-m→];</rbnfrule>
                <rbnfrule value="200">المائتان[ و →%%spellout-numbering-m→];</rbnfrule>
                <rbnfrule value="300">←%spellout-numbering← مائة[ و →%%spellout-numbering-m→];</rbnfrule>
                <rbnfrule value="1000">الألف[ و →%%spellout-numbering-m→];</rbnfrule>
                <rbnfrule value="2000">الألفي[ و →%%spellout-numbering-m→];</rbnfrule>
                <rbnfrule value="3000">←%spellout-numbering← آلاف[ و →%%spellout-numbering-m→];</rbnfrule>
                <rbnfrule value="11000" radix="1000">←%%spellout-numbering-m← ألف[ و →%%spellout-numbering-m→];</rbnfrule>
                <rbnfrule value="1000000">المليون[ و →%%spellout-numbering-m→];</rbnfrule>
                <rbnfrule value="2000000">←%%spellout-numbering-m← الألف[ و →%%spellout-numbering-m→];</rbnfrule>
                <rbnfrule value="1000000000">المليار[ و →%%spellout-numbering-m→];</rbnfrule>
                <rbnfrule value="2000000000">←%%spellout-numbering-m← مليار[ و →%%spellout-numbering-m→];</rbnfrule>
                <rbnfrule value="1000000000000">ترليون[ و →%%spellout-numbering-m→];</rbnfrule>
                <rbnfrule value="2000000000000">←%%spellout-numbering-m← ترليون[ و →%%spellout-numbering-m→];</rbnfrule>
                <rbnfrule value="1000000000000000">كوادرليون[ و →%%spellout-numbering-m→];</rbnfrule>
                <rbnfrule value="2000000000000000">←%%spellout-numbering-m← كوادرليون[ و →%%spellout-numbering-m→];</rbnfrule>
                <rbnfrule value="1000000000000000000">=#,##0=;</rbnfrule>
            </ruleset>
        </rulesetGrouping>
        <rulesetGrouping type="OrdinalRules">
            <ruleset type="digits-ordinal">
                <rbnfrule value="-x">−→→;</rbnfrule>
                <rbnfrule value="0">=#,##0=.;</rbnfrule>
            </ruleset>
        </rulesetGrouping>
    </rbnf>
</ldml>
