<?xml version="1.0" encoding="UTF-8" ?>
<!DOCTYPE ldml SYSTEM "../../common/dtd/ldml.dtd">
<!--
Copyright © 1991-2013 Unicode, Inc.
CLDR data files are interpreted according to the LDML specification (http://unicode.org/reports/tr35/)
For terms of use, see http://www.unicode.org/copyright.html
-->
<ldml>
    <identity>
        <version number="$Revision$"/>
        <language type="az"/>
    </identity>
    <rbnf>
        <rulesetGrouping type="SpelloutRules">
            <ruleset type="spellout-numbering-year">
                <rbnfrule value="x.x">=0.0=;</rbnfrule>
                <rbnfrule value="0">=%spellout-numbering=;</rbnfrule>
            </ruleset>
            <ruleset type="spellout-numbering">
                <rbnfrule value="0">=%spellout-cardinal=;</rbnfrule>
            </ruleset>
            <ruleset type="spellout-cardinal">
                <rbnfrule value="-x">əksi →→;</rbnfrule>
                <rbnfrule value="x.x">←← tam →→;</rbnfrule>
                <rbnfrule value="0">sıfır;</rbnfrule>
                <rbnfrule value="1">bir;</rbnfrule>
                <rbnfrule value="2">iki;</rbnfrule>
                <rbnfrule value="3">üç;</rbnfrule>
                <rbnfrule value="4">dörd;</rbnfrule>
                <rbnfrule value="5">beş;</rbnfrule>
                <rbnfrule value="6">altı;</rbnfrule>
                <rbnfrule value="7">yeddi;</rbnfrule>
                <rbnfrule value="8">səkkiz;</rbnfrule>
                <rbnfrule value="9">doqquz;</rbnfrule>
                <rbnfrule value="10">on[ →→];</rbnfrule>
                <rbnfrule value="20">iyirmi[ →→];</rbnfrule>
                <rbnfrule value="30">otuz[ →→];</rbnfrule>
                <rbnfrule value="40">qırx[ →→];</rbnfrule>
                <rbnfrule value="50">əlli[ →→];</rbnfrule>
                <rbnfrule value="60">atmış[ →→];</rbnfrule>
                <rbnfrule value="70">yetmiş[ →→];</rbnfrule>
                <rbnfrule value="80">səqsən[ →→];</rbnfrule>
                <rbnfrule value="90">doxsan[ →→];</rbnfrule>
                <rbnfrule value="100">←← yüz[ →→];</rbnfrule>
                <rbnfrule value="1000">←← min[ →→];</rbnfrule>
                <rbnfrule value="1000000">←← milyon[ →→];</rbnfrule>
                <rbnfrule value="1000000000">←← milyard[ →→];</rbnfrule>
                <rbnfrule value="1000000000000">←← trilyon[ →→];</rbnfrule>
                <rbnfrule value="1000000000000000">←← katrilyon[ →→];</rbnfrule>
                <rbnfrule value="1000000000000000000">=#,##0=;</rbnfrule>
            </ruleset>
            <ruleset type="inci" access="private">
                <rbnfrule value="0">inci;</rbnfrule>
                <rbnfrule value="1">' =%spellout-ordinal=;</rbnfrule>
            </ruleset>
            <ruleset type="nci" access="private">
                <rbnfrule value="0">nci;</rbnfrule>
                <rbnfrule value="1">' =%spellout-ordinal=;</rbnfrule>
            </ruleset>
            <ruleset type="inci2" access="private">
                <rbnfrule value="0">ıncı;</rbnfrule>
                <rbnfrule value="1">' =%spellout-ordinal=;</rbnfrule>
            </ruleset>
            <ruleset type="uncu2" access="private">
                <rbnfrule value="0">üncü;</rbnfrule>
                <rbnfrule value="1">' =%spellout-ordinal=;</rbnfrule>
            </ruleset>
            <ruleset type="uncu" access="private">
                <rbnfrule value="0">uncu;</rbnfrule>
                <rbnfrule value="1">' =%spellout-ordinal=;</rbnfrule>
            </ruleset>
            <ruleset type="spellout-ordinal">
                <rbnfrule value="-x">əksi →→;</rbnfrule>
                <rbnfrule value="x.x">=#,##0.#=;</rbnfrule>
                <rbnfrule value="0">sıfırıncı;</rbnfrule>
                <rbnfrule value="1">birinci;</rbnfrule>
                <rbnfrule value="2">ikinci;</rbnfrule>
                <rbnfrule value="3">üçüncü;</rbnfrule>
                <rbnfrule value="4">dördüncü;</rbnfrule>
                <rbnfrule value="5">beşinci;</rbnfrule>
                <rbnfrule value="6">altıncı;</rbnfrule>
                <rbnfrule value="7">yeddinci;</rbnfrule>
                <rbnfrule value="8">səkkizinci;</rbnfrule>
                <rbnfrule value="9">doqquzuncu;</rbnfrule>
                <rbnfrule value="10">on→%%uncu→;</rbnfrule>
                <rbnfrule value="20">iyirmi→%%nci→;</rbnfrule>
                <rbnfrule value="30">otuz→%%uncu→;</rbnfrule>
                <rbnfrule value="40">qırx→%%inci2→;</rbnfrule>
                <rbnfrule value="50">əlli→%%nci→;</rbnfrule>
                <rbnfrule value="60">altmış→%%inci2→;</rbnfrule>
                <rbnfrule value="70">yetmiş→%%inci2→;</rbnfrule>
                <rbnfrule value="80">səqsən→%%inci2→;</rbnfrule>
                <rbnfrule value="90">doxsan→%%inci2→;</rbnfrule>
                <rbnfrule value="100">←%spellout-numbering← yüz→%%uncu2→;</rbnfrule>
                <rbnfrule value="1000">←%spellout-numbering← bin→%%inci→;</rbnfrule>
                <rbnfrule value="1000000">←%spellout-numbering← milyon→%%uncu→;</rbnfrule>
                <rbnfrule value="1000000000">←%spellout-numbering← milyar→%%inci2→;</rbnfrule>
                <rbnfrule value="1000000000000">←%spellout-numbering← trilyon→%%uncu→;</rbnfrule>
                <rbnfrule value="1000000000000000">←%spellout-numbering← katrilyon→%%uncu→;</rbnfrule>
                <rbnfrule value="1000000000000000000">=#,##0='inci;</rbnfrule>
            </ruleset>
        </rulesetGrouping>
        <rulesetGrouping type="OrdinalRules">
            <ruleset type="digits-ordinal-indicator" access="private">
                <rbnfrule value="0">''inci;</rbnfrule>
            </ruleset>
            <ruleset type="digits-ordinal">
                <rbnfrule value="-x">−→→;</rbnfrule>
                <rbnfrule value="0">=#,##0==%%digits-ordinal-indicator=;</rbnfrule>
            </ruleset>
        </rulesetGrouping>
    </rbnf>
</ldml>
