<?xml version="1.0" encoding="UTF-8" ?>
<!DOCTYPE ldml SYSTEM "../../common/dtd/ldml.dtd">
<!--
Copyright © 1991-2014 Unicode, Inc.
CLDR data files are interpreted according to the LDML specification (http://unicode.org/reports/tr35/)
For terms of use, see http://www.unicode.org/copyright.html
-->
<ldml>
    <identity>
        <version number="$Revision$"/>
        <language type="be"/>
    </identity>
    <rbnf>
        <rulesetGrouping type="SpelloutRules">
            <ruleset type="spellout-numbering-year">
                <rbnfrule value="x.x">=0.0=;</rbnfrule>
                <rbnfrule value="0">=%spellout-numbering=;</rbnfrule>
            </ruleset>
            <ruleset type="spellout-numbering">
                <rbnfrule value="0">=%spellout-cardinal-masculine=;</rbnfrule>
            </ruleset>
            <ruleset type="spellout-cardinal-masculine">
                <rbnfrule value="-x">мінус →→;</rbnfrule>
                <rbnfrule value="x.x">←← коска →→;</rbnfrule>
                <rbnfrule value="0">нуль;</rbnfrule>
                <rbnfrule value="1">адзiн;</rbnfrule>
                <rbnfrule value="2">два;</rbnfrule>
                <rbnfrule value="3">тры;</rbnfrule>
                <rbnfrule value="4">чатыры;</rbnfrule>
                <rbnfrule value="5">пяць;</rbnfrule>
                <rbnfrule value="6">шэсць;</rbnfrule>
                <rbnfrule value="7">сем;</rbnfrule>
                <rbnfrule value="8">восем;</rbnfrule>
                <rbnfrule value="9">дзевяць;</rbnfrule>
                <rbnfrule value="10">дзесяць;</rbnfrule>
                <rbnfrule value="11">адзінаццаць;</rbnfrule>
                <rbnfrule value="12">дванаццаць;</rbnfrule>
                <rbnfrule value="13">трынаццаць;</rbnfrule>
                <rbnfrule value="14">чатырнаццаць;</rbnfrule>
                <rbnfrule value="15">пятнаццаць;</rbnfrule>
                <rbnfrule value="16">шаснаццаць;</rbnfrule>
                <rbnfrule value="17">сямнаццаць;</rbnfrule>
                <rbnfrule value="18">васямнаццаць;</rbnfrule>
                <rbnfrule value="19">дзевятнаццаць;</rbnfrule>
                <rbnfrule value="20">дваццаць[ →→];</rbnfrule>
                <rbnfrule value="30">трыццаць[ →→];</rbnfrule>
                <rbnfrule value="40">сорак[ →→];</rbnfrule>
                <rbnfrule value="50">пяцьдзесят[ →→];</rbnfrule>
                <rbnfrule value="60">шэсцьдзесят[ →→];</rbnfrule>
                <rbnfrule value="70">семдзесят[ →→];</rbnfrule>
                <rbnfrule value="80">восемдзесят[ →→];</rbnfrule>
                <rbnfrule value="90">дзевяноста[ →→];</rbnfrule>
                <rbnfrule value="100">сто[ →→];</rbnfrule>
                <rbnfrule value="200">дзвесце[ →→];</rbnfrule>
                <rbnfrule value="300">трыста[ →→];</rbnfrule>
                <rbnfrule value="400">чатырыста[ →→];</rbnfrule>
                <rbnfrule value="500">пяцьсот[ →→];</rbnfrule>
                <rbnfrule value="600">шэсцьсот[ →→];</rbnfrule>
                <rbnfrule value="700">семсот[ →→];</rbnfrule>
                <rbnfrule value="800">восемсот[ →→];</rbnfrule>
                <rbnfrule value="900">дзевяцьсот[ →→];</rbnfrule>
                <rbnfrule value="1000">←%spellout-cardinal-feminine← $(cardinal,one{тысяча}few{тысячы}other{тысяч})$[ →→];</rbnfrule>
                <rbnfrule value="1000000">←%spellout-cardinal-masculine← $(cardinal,one{мільён}few{мільёны}other{мільёнаў})$[ →→];</rbnfrule>
                <rbnfrule value="1000000000">←%spellout-cardinal-masculine← $(cardinal,one{мільярд}few{мільярды}other{мільярдаў})$[ →→];</rbnfrule>
                <rbnfrule value="1000000000000">←%spellout-cardinal-masculine← $(cardinal,one{трыльён}few{трыльёны}other{трылёнаў})$[ →→];</rbnfrule>
                <rbnfrule value="1000000000000000">←%spellout-cardinal-masculine← $(cardinal,one{квадрыльён}few{квадрыльёны}other{квадрыльёнаў})$[ →→];</rbnfrule>
                <rbnfrule value="1000000000000000000">=#,##0=;</rbnfrule>
            </ruleset>
            <ruleset type="spellout-cardinal-neuter">
                <rbnfrule value="-x">мінус →→;</rbnfrule>
                <rbnfrule value="x.x">←← коска →→;</rbnfrule>
                <rbnfrule value="0">нуль;</rbnfrule>
                <rbnfrule value="1">адно;</rbnfrule>
                <rbnfrule value="2">два;</rbnfrule>
                <rbnfrule value="3">=%spellout-cardinal-masculine=;</rbnfrule>
                <rbnfrule value="20">дваццаць[ →→];</rbnfrule>
                <rbnfrule value="30">трыццаць[ →→];</rbnfrule>
                <rbnfrule value="40">сорак[ →→];</rbnfrule>
                <rbnfrule value="50">пяцьдзесят[ →→];</rbnfrule>
                <rbnfrule value="60">шэсцьдзесят[ →→];</rbnfrule>
                <rbnfrule value="70">семдзесят[ →→];</rbnfrule>
                <rbnfrule value="80">восемдзесят[ →→];</rbnfrule>
                <rbnfrule value="90">дзевяноста[ →→];</rbnfrule>
                <rbnfrule value="100">сто[ →→];</rbnfrule>
                <rbnfrule value="200">дзвесце[ →→];</rbnfrule>
                <rbnfrule value="300">трыста[ →→];</rbnfrule>
                <rbnfrule value="400">чатырыста[ →→];</rbnfrule>
                <rbnfrule value="500">пяцьсот[ →→];</rbnfrule>
                <rbnfrule value="600">шэсцьсот[ →→];</rbnfrule>
                <rbnfrule value="700">сямсот[ →→];</rbnfrule>
                <rbnfrule value="800">васямсот[ →→];</rbnfrule>
                <rbnfrule value="900">дзевяцьсот[ →→];</rbnfrule>
                <rbnfrule value="1000">←%spellout-cardinal-feminine← $(cardinal,one{тысяча}few{тысячы}other{тысяч})$[ →→];</rbnfrule>
                <rbnfrule value="1000000">←%spellout-cardinal-masculine← $(cardinal,one{мільён}few{мільёны}other{мільёнаў})$[ →→];</rbnfrule>
                <rbnfrule value="1000000000">←%spellout-cardinal-masculine← $(cardinal,one{мільярд}few{мільярды}other{мільярдаў})$[ →→];</rbnfrule>
                <rbnfrule value="1000000000000">←%spellout-cardinal-masculine← $(cardinal,one{трыльён}few{трыльёны}other{трылёнаў})$[ →→];</rbnfrule>
                <rbnfrule value="1000000000000000">←%spellout-cardinal-masculine← $(cardinal,one{квадрыльён}few{квадрыльёны}other{квадрыльёнаў})$[ →→];</rbnfrule>
                <rbnfrule value="1000000000000000000">=#,##0=;</rbnfrule>
            </ruleset>
            <ruleset type="spellout-cardinal-feminine">
                <rbnfrule value="-x">мінус →→;</rbnfrule>
                <rbnfrule value="x.x">←← коска →→;</rbnfrule>
                <rbnfrule value="0">нуль;</rbnfrule>
                <rbnfrule value="1">адна;</rbnfrule>
                <rbnfrule value="2">дзве;</rbnfrule>
                <rbnfrule value="3">=%spellout-cardinal-masculine=;</rbnfrule>
                <rbnfrule value="20">дваццаць[ →→];</rbnfrule>
                <rbnfrule value="30">трыццаць[ →→];</rbnfrule>
                <rbnfrule value="40">сорак[ →→];</rbnfrule>
                <rbnfrule value="50">пяцьдзясят[ →→];</rbnfrule>
                <rbnfrule value="60">шэсцьдзесят[ →→];</rbnfrule>
                <rbnfrule value="70">семдзесят[ →→];</rbnfrule>
                <rbnfrule value="80">восемдзесят[ →→];</rbnfrule>
                <rbnfrule value="90">дзевяноста[ →→];</rbnfrule>
                <rbnfrule value="100">сто[ →→];</rbnfrule>
                <rbnfrule value="200">дзвесце[ →→];</rbnfrule>
                <rbnfrule value="300">трыста[ →→];</rbnfrule>
                <rbnfrule value="400">чатырыста[ →→];</rbnfrule>
                <rbnfrule value="500">пяцьсот[ →→];</rbnfrule>
                <rbnfrule value="600">шэсцьсот[ →→];</rbnfrule>
                <rbnfrule value="700">семсот[ →→];</rbnfrule>
                <rbnfrule value="800">васямсот[ →→];</rbnfrule>
                <rbnfrule value="900">дзевяцьсот[ →→];</rbnfrule>
                <rbnfrule value="1000">←%spellout-cardinal-feminine← $(cardinal,one{тысяча}few{тысячы}other{тысяч})$[ →→];</rbnfrule>
                <rbnfrule value="1000000">←%spellout-cardinal-masculine← $(cardinal,one{мільён}few{мільёны}other{мільёнаў})$[ →→];</rbnfrule>
                <rbnfrule value="1000000000">←%spellout-cardinal-masculine← $(cardinal,one{мільярд}few{мільярды}other{мільярдаў})$[ →→];</rbnfrule>
                <rbnfrule value="1000000000000">←%spellout-cardinal-masculine← $(cardinal,one{трыльён}few{трыльёны}other{трылёнаў})$[ →→];</rbnfrule>
                <rbnfrule value="1000000000000000">←%spellout-cardinal-masculine← $(cardinal,one{квадрыльён}few{квадрыльёны}other{квадрыльёнаў})$[ →→];</rbnfrule>
                <rbnfrule value="1000000000000000000">=#,##0=;</rbnfrule>
            </ruleset>
            <ruleset type="spellout-ordinal-masculine">
                <rbnfrule value="-x">мінус →→;</rbnfrule>
                <rbnfrule value="x.x">=#,##0.#=;</rbnfrule>
                <rbnfrule value="0">нулявы;</rbnfrule>
                <rbnfrule value="1">першы;</rbnfrule>
                <rbnfrule value="2">другі;</rbnfrule>
                <rbnfrule value="3">трэйці;</rbnfrule>
                <rbnfrule value="4">чацьверты;</rbnfrule>
                <rbnfrule value="5">пяты;</rbnfrule>
                <rbnfrule value="6">шосты;</rbnfrule>
                <rbnfrule value="7">сёмы;</rbnfrule>
                <rbnfrule value="8">восьмы;</rbnfrule>
                <rbnfrule value="9">дзявяты;</rbnfrule>
                <rbnfrule value="10">дзясяты;</rbnfrule>
                <rbnfrule value="11">адзінаццаты;</rbnfrule>
                <rbnfrule value="12">дванаццаты;</rbnfrule>
                <rbnfrule value="13">трынаццаты;</rbnfrule>
                <rbnfrule value="14">чатырнаццаты;</rbnfrule>
                <rbnfrule value="15">пятнаццаты;</rbnfrule>
                <rbnfrule value="16">шаснаццаты;</rbnfrule>
                <rbnfrule value="17">сямнаццаты;</rbnfrule>
                <rbnfrule value="18">васямнаццаты;</rbnfrule>
                <rbnfrule value="19">дзевятнаццаты;</rbnfrule>
                <rbnfrule value="20">дваццаты;</rbnfrule>
                <rbnfrule value="21">дваццаць[ →→];</rbnfrule>
                <rbnfrule value="30">трыццаты;</rbnfrule>
                <rbnfrule value="31">трыццаць[ →→];</rbnfrule>
                <rbnfrule value="40">саракавы;</rbnfrule>
                <rbnfrule value="41">сорак[ →→];</rbnfrule>
                <rbnfrule value="50">пяцідзясяты;</rbnfrule>
                <rbnfrule value="51">пяцідзясят[ →→];</rbnfrule>
                <rbnfrule value="60">шэсцьдзесяты;</rbnfrule>
                <rbnfrule value="61">шэсцьдзесят[ →→];</rbnfrule>
                <rbnfrule value="70">семдзесяты;</rbnfrule>
                <rbnfrule value="71">семдзесят[ →→];</rbnfrule>
                <rbnfrule value="80">васьмідзясяты;</rbnfrule>
                <rbnfrule value="81">восемдзесят[ →→];</rbnfrule>
                <rbnfrule value="90">дзевяносты;</rbnfrule>
                <rbnfrule value="91">дзевяноста[ →→];</rbnfrule>
                <rbnfrule value="100">соты;</rbnfrule>
                <rbnfrule value="101">сто[ →→];</rbnfrule>
                <rbnfrule value="200">дзвухсоты;</rbnfrule>
                <rbnfrule value="201">дзвесце[ →→];</rbnfrule>
                <rbnfrule value="300">трохсоты;</rbnfrule>
                <rbnfrule value="301">трыста[ →→];</rbnfrule>
                <rbnfrule value="400">чатырохсоты;</rbnfrule>
                <rbnfrule value="401">чатырыста[ →→];</rbnfrule>
                <rbnfrule value="500">пяцісоты;</rbnfrule>
                <rbnfrule value="501">пяцьсот[ →→];</rbnfrule>
                <rbnfrule value="600">шасьцісоты;</rbnfrule>
                <rbnfrule value="601">шэсцьсот[ →→];</rbnfrule>
                <rbnfrule value="700">сямісоты;</rbnfrule>
                <rbnfrule value="701">семсот[ →→];</rbnfrule>
                <rbnfrule value="800">васьмісоты;</rbnfrule>
                <rbnfrule value="801">васямсот[ →→];</rbnfrule>
                <rbnfrule value="900">дзевяцісоты;</rbnfrule>
                <rbnfrule value="901">дзевяцьсот[ →→];</rbnfrule>
                <rbnfrule value="1000">←%spellout-cardinal-feminine← тысячны;</rbnfrule>
                <rbnfrule value="1001">←%spellout-cardinal-feminine← тысяча[ →→];</rbnfrule>
                <rbnfrule value="2000">дзвух тысячны;</rbnfrule>
                <rbnfrule value="2001">←%spellout-cardinal-feminine← тысячы[ →→];</rbnfrule>
                <rbnfrule value="5000">←%spellout-cardinal-feminine← тысячны;</rbnfrule>
                <rbnfrule value="5001">←%spellout-cardinal-feminine← тысяч[ →→];</rbnfrule>
                <rbnfrule value="10000">дзесяці тысячны;</rbnfrule>
                <rbnfrule value="10001" radix="1000">дзесяць тысяч[ →→];</rbnfrule>
                <rbnfrule value="11000" radix="1000">←%spellout-cardinal-masculine← тысяч[ →→];</rbnfrule>
                <rbnfrule value="20000">дваццаці тысячны;</rbnfrule>
                <rbnfrule value="20001" radix="1000">←%spellout-cardinal-masculine← тысяч[ →→];</rbnfrule>
                <rbnfrule value="21000" radix="1000">←%spellout-cardinal-feminine← тысяча[ →→];</rbnfrule>
                <rbnfrule value="100000">сто тысячны;</rbnfrule>
                <rbnfrule value="100001" radix="1000">←%spellout-cardinal-masculine← тысяч[ →→];</rbnfrule>
                <rbnfrule value="110000" radix="1000">←%spellout-cardinal-masculine← тысячны[ →→];</rbnfrule>
                <rbnfrule value="200000">дзвухсот тысячны;</rbnfrule>
                <rbnfrule value="200001" radix="1000">←%spellout-cardinal-masculine← тысячны[ →→];</rbnfrule>
                <rbnfrule value="300000">трохсот тысячны;</rbnfrule>
                <rbnfrule value="300001" radix="1000">←%spellout-cardinal-masculine← тысячны[ →→];</rbnfrule>
                <rbnfrule value="400000">чатырохсот тысячны;</rbnfrule>
                <rbnfrule value="400001" radix="1000">←%spellout-cardinal-masculine← тысячны[ →→];</rbnfrule>
                <rbnfrule value="500000" radix="1000">←%spellout-cardinal-masculine← тысячнае[ →→];</rbnfrule>
                <rbnfrule value="1000000">←%spellout-cardinal-masculine← мільён[ →→];</rbnfrule>
                <rbnfrule value="2000000">←%spellout-cardinal-masculine← мільёны[ →→];</rbnfrule>
                <rbnfrule value="5000000">←%spellout-cardinal-masculine← мільёнаў[ →→];</rbnfrule>
                <rbnfrule value="1000000000">←%spellout-cardinal-masculine← мільярд[ →→];</rbnfrule>
                <rbnfrule value="2000000000">←%spellout-cardinal-masculine← мільярды[ →→];</rbnfrule>
                <rbnfrule value="5000000000">←%spellout-cardinal-masculine← мільярдаў[ →→];</rbnfrule>
                <rbnfrule value="1000000000000">←%spellout-cardinal-masculine← трыльён[ →→];</rbnfrule>
                <rbnfrule value="2000000000000">←%spellout-cardinal-masculine← трыльёны[ →→];</rbnfrule>
                <rbnfrule value="5000000000000">←%spellout-cardinal-masculine← трылёнаў[ →→];</rbnfrule>
                <rbnfrule value="1000000000000000">←%spellout-cardinal-masculine← квадрыльён[ →→];</rbnfrule>
                <rbnfrule value="2000000000000000">←%spellout-cardinal-masculine← квадрыльёны[ →→];</rbnfrule>
                <rbnfrule value="5000000000000000">←%spellout-cardinal-masculine← квадрыльёнаў[ →→];</rbnfrule>
                <rbnfrule value="1000000000000000000">=#,##0=;</rbnfrule>
            </ruleset>
            <ruleset type="spellout-ordinal-feminine">
                <rbnfrule value="-x">мінус →→;</rbnfrule>
                <rbnfrule value="x.x">=#,##0.#=;</rbnfrule>
                <rbnfrule value="0">нулявая;</rbnfrule>
                <rbnfrule value="1">першая;</rbnfrule>
                <rbnfrule value="2">другая;</rbnfrule>
                <rbnfrule value="3">трэццяя;</rbnfrule>
                <rbnfrule value="4">чацьвертая;</rbnfrule>
                <rbnfrule value="5">пятая;</rbnfrule>
                <rbnfrule value="6">шостая;</rbnfrule>
                <rbnfrule value="7">сёмая;</rbnfrule>
                <rbnfrule value="8">восьмая;</rbnfrule>
                <rbnfrule value="9">дзявятая;</rbnfrule>
                <rbnfrule value="10">дзясятая;</rbnfrule>
                <rbnfrule value="11">адзінаццатая;</rbnfrule>
                <rbnfrule value="12">дванаццатая;</rbnfrule>
                <rbnfrule value="13">трынаццатая;</rbnfrule>
                <rbnfrule value="14">чатырнаццатая;</rbnfrule>
                <rbnfrule value="15">пятнаццатая;</rbnfrule>
                <rbnfrule value="16">шаснаццатая;</rbnfrule>
                <rbnfrule value="17">сямнаццатая;</rbnfrule>
                <rbnfrule value="18">васямнаццатая;</rbnfrule>
                <rbnfrule value="19">дзевятнаццатая;</rbnfrule>
                <rbnfrule value="20">дваццатая;</rbnfrule>
                <rbnfrule value="21">дваццаць[ →→];</rbnfrule>
                <rbnfrule value="30">трыццатая;</rbnfrule>
                <rbnfrule value="31">трыццаць[ →→];</rbnfrule>
                <rbnfrule value="40">саракавая;</rbnfrule>
                <rbnfrule value="41">сорак[ →→];</rbnfrule>
                <rbnfrule value="50">пяцідзесятая;</rbnfrule>
                <rbnfrule value="51">пяцідзясят[ →→];</rbnfrule>
                <rbnfrule value="60">шэсцідзесятая;</rbnfrule>
                <rbnfrule value="61">шэсцьдзесят[ →→];</rbnfrule>
                <rbnfrule value="70">семдзесятая;</rbnfrule>
                <rbnfrule value="71">семдзесят[ →→];</rbnfrule>
                <rbnfrule value="80">васьмідзясятая;</rbnfrule>
                <rbnfrule value="81">восемдзесят[ →→];</rbnfrule>
                <rbnfrule value="90">дзевяностая;</rbnfrule>
                <rbnfrule value="91">дзевяноста[ →→];</rbnfrule>
                <rbnfrule value="100">сотая;</rbnfrule>
                <rbnfrule value="101">сто[ →→];</rbnfrule>
                <rbnfrule value="200">дзвухсотая;</rbnfrule>
                <rbnfrule value="201">дзвесце[ →→];</rbnfrule>
                <rbnfrule value="300">трохсотая;</rbnfrule>
                <rbnfrule value="301">трыста[ →→];</rbnfrule>
                <rbnfrule value="400">чатырохсотая;</rbnfrule>
                <rbnfrule value="401">чатырыста[ →→];</rbnfrule>
                <rbnfrule value="500">пяцісотая;</rbnfrule>
                <rbnfrule value="501">пяцьсот[ →→];</rbnfrule>
                <rbnfrule value="600">шасьцісотая;</rbnfrule>
                <rbnfrule value="601">шэсцьсот[ →→];</rbnfrule>
                <rbnfrule value="700">сямісотая;</rbnfrule>
                <rbnfrule value="701">семсот[ →→];</rbnfrule>
                <rbnfrule value="800">васьмісотая;</rbnfrule>
                <rbnfrule value="801">васямсот[ →→];</rbnfrule>
                <rbnfrule value="900">дзевяцісотая;</rbnfrule>
                <rbnfrule value="901">дзевяцьсот[ →→];</rbnfrule>
                <rbnfrule value="1000">←%spellout-cardinal-feminine← тысячны;</rbnfrule>
                <rbnfrule value="1001">←%spellout-cardinal-feminine← тысяча[ →→];</rbnfrule>
                <rbnfrule value="2000">дзвух тысячная;</rbnfrule>
                <rbnfrule value="2001">←%spellout-cardinal-feminine← тысячы[ →→];</rbnfrule>
                <rbnfrule value="5000">←%spellout-cardinal-feminine← тысячная;</rbnfrule>
                <rbnfrule value="5001">←%spellout-cardinal-feminine← тысяч[ →→];</rbnfrule>
                <rbnfrule value="10000">дзесяці тысячная;</rbnfrule>
                <rbnfrule value="10001" radix="1000">дзесяць тысяч[ →→];</rbnfrule>
                <rbnfrule value="11000" radix="1000">←%spellout-cardinal-masculine← тысяч[ →→];</rbnfrule>
                <rbnfrule value="20000">дваццаці тысячная;</rbnfrule>
                <rbnfrule value="20001" radix="1000">←%spellout-cardinal-masculine← тысяч[ →→];</rbnfrule>
                <rbnfrule value="21000" radix="1000">←%spellout-cardinal-feminine← тысяча[ →→];</rbnfrule>
                <rbnfrule value="100000">сто тысячная;</rbnfrule>
                <rbnfrule value="100001" radix="1000">←%spellout-cardinal-masculine← тысяч[ →→];</rbnfrule>
                <rbnfrule value="110000" radix="1000">←%spellout-cardinal-feminine← тысячная[ →→];</rbnfrule>
                <rbnfrule value="200000">дзвухсот тысячная;</rbnfrule>
                <rbnfrule value="200001" radix="1000">←%spellout-cardinal-feminine← тысячная[ →→];</rbnfrule>
                <rbnfrule value="300000">трохсот тысячная;</rbnfrule>
                <rbnfrule value="300001" radix="1000">←%spellout-cardinal-feminine← тысячная[ →→];</rbnfrule>
                <rbnfrule value="400000">чатырохсот тысячная;</rbnfrule>
                <rbnfrule value="400001" radix="1000">←%spellout-cardinal-feminine← тысячная[ →→];</rbnfrule>
                <rbnfrule value="500000" radix="1000">←%spellout-cardinal-feminine← тысячнае[ →→];</rbnfrule>
                <rbnfrule value="1000000">←%spellout-cardinal-masculine← мільён[ →→];</rbnfrule>
                <rbnfrule value="2000000">←%spellout-cardinal-masculine← мільёны[ →→];</rbnfrule>
                <rbnfrule value="5000000">←%spellout-cardinal-masculine← мільёнаў[ →→];</rbnfrule>
                <rbnfrule value="1000000000">←%spellout-cardinal-masculine← мільярд[ →→];</rbnfrule>
                <rbnfrule value="2000000000">←%spellout-cardinal-masculine← мільярды[ →→];</rbnfrule>
                <rbnfrule value="5000000000">←%spellout-cardinal-masculine← мільярдаў[ →→];</rbnfrule>
                <rbnfrule value="1000000000000">←%spellout-cardinal-masculine← трыльён[ →→];</rbnfrule>
                <rbnfrule value="2000000000000">←%spellout-cardinal-masculine← трыльёны[ →→];</rbnfrule>
                <rbnfrule value="5000000000000">←%spellout-cardinal-masculine← трылёнаў[ →→];</rbnfrule>
                <rbnfrule value="1000000000000000">←%spellout-cardinal-masculine← квадрыльён[ →→];</rbnfrule>
                <rbnfrule value="2000000000000000">←%spellout-cardinal-masculine← квадрыльёны[ →→];</rbnfrule>
                <rbnfrule value="5000000000000000">←%spellout-cardinal-masculine← квадрыльёнаў[ →→];</rbnfrule>
                <rbnfrule value="1000000000000000000">=#,##0=;</rbnfrule>
            </ruleset>
            <ruleset type="spellout-ordinal-neuter">
                <rbnfrule value="-x">мінус →→;</rbnfrule>
                <rbnfrule value="x.x">=#,##0.#=;</rbnfrule>
                <rbnfrule value="0">нулявое;</rbnfrule>
                <rbnfrule value="1">першае;</rbnfrule>
                <rbnfrule value="2">другое;</rbnfrule>
                <rbnfrule value="3">трэццяе;</rbnfrule>
                <rbnfrule value="4">чацьвертае;</rbnfrule>
                <rbnfrule value="5">пятае;</rbnfrule>
                <rbnfrule value="6">шостае;</rbnfrule>
                <rbnfrule value="7">сёмае;</rbnfrule>
                <rbnfrule value="8">восьмае;</rbnfrule>
                <rbnfrule value="9">дзявятае;</rbnfrule>
                <rbnfrule value="10">дзясятае;</rbnfrule>
                <rbnfrule value="11">адзінаццатае;</rbnfrule>
                <rbnfrule value="12">дванаццатае;</rbnfrule>
                <rbnfrule value="13">трынаццатае;</rbnfrule>
                <rbnfrule value="14">чатырнаццатае;</rbnfrule>
                <rbnfrule value="15">пятнаццатае;</rbnfrule>
                <rbnfrule value="16">шаснаццатае;</rbnfrule>
                <rbnfrule value="17">сямнаццатае;</rbnfrule>
                <rbnfrule value="18">васямнаццатае;</rbnfrule>
                <rbnfrule value="19">дзевятнаццатае;</rbnfrule>
                <rbnfrule value="20">дваццатае;</rbnfrule>
                <rbnfrule value="21">дваццаць[ →→];</rbnfrule>
                <rbnfrule value="30">трыццатае;</rbnfrule>
                <rbnfrule value="31">трыццаць[ →→];</rbnfrule>
                <rbnfrule value="40">саракавое;</rbnfrule>
                <rbnfrule value="41">сорак[ →→];</rbnfrule>
                <rbnfrule value="50">пяцьдзесятае;</rbnfrule>
                <rbnfrule value="51">пяцідзясят[ →→];</rbnfrule>
                <rbnfrule value="60">шэсцідзясятае;</rbnfrule>
                <rbnfrule value="61">шэсцьдзесят[ →→];</rbnfrule>
                <rbnfrule value="70">сямдзясятае;</rbnfrule>
                <rbnfrule value="71">семдзесят[ →→];</rbnfrule>
                <rbnfrule value="80">васьмідзясятае;</rbnfrule>
                <rbnfrule value="81">восемдзесят[ →→];</rbnfrule>
                <rbnfrule value="90">дзевяностае;</rbnfrule>
                <rbnfrule value="91">дзевяноста[ →→];</rbnfrule>
                <rbnfrule value="100">сотае;</rbnfrule>
                <rbnfrule value="101">сто[ →→];</rbnfrule>
                <rbnfrule value="200">дзвухсотае;</rbnfrule>
                <rbnfrule value="201">дзвесце[ →→];</rbnfrule>
                <rbnfrule value="300">трохсотае;</rbnfrule>
                <rbnfrule value="301">трыста[ →→];</rbnfrule>
                <rbnfrule value="400">чатырохсотае;</rbnfrule>
                <rbnfrule value="401">чатырыста[ →→];</rbnfrule>
                <rbnfrule value="500">пяцісотае;</rbnfrule>
                <rbnfrule value="501">пяцьсот[ →→];</rbnfrule>
                <rbnfrule value="600">шасьцісотае;</rbnfrule>
                <rbnfrule value="601">шэсцьсот[ →→];</rbnfrule>
                <rbnfrule value="700">сямісотае;</rbnfrule>
                <rbnfrule value="701">семсот[ →→];</rbnfrule>
                <rbnfrule value="800">васьмісотае;</rbnfrule>
                <rbnfrule value="801">васямсот[ →→];</rbnfrule>
                <rbnfrule value="900">дзевяцісотае;</rbnfrule>
                <rbnfrule value="901">дзевяцьсот[ →→];</rbnfrule>
                <rbnfrule value="1000">←%spellout-cardinal-feminine← тысячны;</rbnfrule>
                <rbnfrule value="1001">←%spellout-cardinal-feminine← тысяча[ →→];</rbnfrule>
                <rbnfrule value="2000">дзвух тысячнае;</rbnfrule>
                <rbnfrule value="2001">←%spellout-cardinal-feminine← тысячы[ →→];</rbnfrule>
                <rbnfrule value="5000">←%spellout-cardinal-feminine← тысячнае;</rbnfrule>
                <rbnfrule value="5001">←%spellout-cardinal-feminine← тысяч[ →→];</rbnfrule>
                <rbnfrule value="10000">дзесяці тысячнае;</rbnfrule>
                <rbnfrule value="10001" radix="1000">дзесяць тысяч[ →→];</rbnfrule>
                <rbnfrule value="11000" radix="1000">←%spellout-cardinal-masculine← тысяч[ →→];</rbnfrule>
                <rbnfrule value="20000">дваццаці тысячнае;</rbnfrule>
                <rbnfrule value="20001" radix="1000">←%spellout-cardinal-masculine← тысяч[ →→];</rbnfrule>
                <rbnfrule value="21000" radix="1000">←%spellout-cardinal-feminine← тысяча[ →→];</rbnfrule>
                <rbnfrule value="100000">сто тысячнае;</rbnfrule>
                <rbnfrule value="100001" radix="1000">←%spellout-cardinal-masculine← тысяч[ →→];</rbnfrule>
                <rbnfrule value="110000" radix="1000">←%spellout-cardinal-feminine← тысячнае[ →→];</rbnfrule>
                <rbnfrule value="200000">дзвухсот тысячнае;</rbnfrule>
                <rbnfrule value="200001" radix="1000">←%spellout-cardinal-feminine← тысячнае[ →→];</rbnfrule>
                <rbnfrule value="300000">трохсот тысячнае;</rbnfrule>
                <rbnfrule value="300001" radix="1000">←%spellout-cardinal-feminine← тысячнае[ →→];</rbnfrule>
                <rbnfrule value="400000">чатырохсот тысячнае;</rbnfrule>
                <rbnfrule value="400001" radix="1000">←%spellout-cardinal-feminine← тысячнае[ →→];</rbnfrule>
                <rbnfrule value="500000" radix="1000">←%spellout-cardinal-feminine← тысячнае[ →→];</rbnfrule>
                <rbnfrule value="1000000">←%spellout-cardinal-masculine← мільён[ →→];</rbnfrule>
                <rbnfrule value="2000000">←%spellout-cardinal-masculine← мільёны[ →→];</rbnfrule>
                <rbnfrule value="5000000">←%spellout-cardinal-masculine← мільёнаў[ →→];</rbnfrule>
                <rbnfrule value="1000000000">←%spellout-cardinal-masculine← мільярд[ →→];</rbnfrule>
                <rbnfrule value="2000000000">←%spellout-cardinal-masculine← мільярды[ →→];</rbnfrule>
                <rbnfrule value="5000000000">←%spellout-cardinal-masculine← мільярдаў[ →→];</rbnfrule>
                <rbnfrule value="1000000000000">←%spellout-cardinal-masculine← трыльён[ →→];</rbnfrule>
                <rbnfrule value="2000000000000">←%spellout-cardinal-masculine← трыльёны[ →→];</rbnfrule>
                <rbnfrule value="5000000000000">←%spellout-cardinal-masculine← трылёнаў[ →→];</rbnfrule>
                <rbnfrule value="1000000000000000">←%spellout-cardinal-masculine← квадрыльён[ →→];</rbnfrule>
                <rbnfrule value="2000000000000000">←%spellout-cardinal-masculine← квадрыльёны[ →→];</rbnfrule>
                <rbnfrule value="5000000000000000">←%spellout-cardinal-masculine← квадрыльёнаў[ →→];</rbnfrule>
                <rbnfrule value="1000000000000000000">=#,##0=;</rbnfrule>
            </ruleset>
        </rulesetGrouping>
    </rbnf>
</ldml>
