<?xml version="1.0" encoding="UTF-8" ?>
<!DOCTYPE ldml SYSTEM "../../common/dtd/ldml.dtd">
<!--
Copyright © 1991-2013 Unicode, Inc.
CLDR data files are interpreted according to the LDML specification (http://unicode.org/reports/tr35/)
For terms of use, see http://www.unicode.org/copyright.html
-->
<ldml>
    <identity>
        <version number="$Revision$"/>
        <language type="cy"/>
    </identity>
    <rbnf>
        <rulesetGrouping type="SpelloutRules">
            <ruleset type="spellout-numbering-year">
                <rbnfrule value="x.x">=0.0=;</rbnfrule>
                <rbnfrule value="0">=%spellout-numbering=;</rbnfrule>
            </ruleset>
            <ruleset type="spellout-numbering">
                <rbnfrule value="0">=%spellout-cardinal-masculine=;</rbnfrule>
            </ruleset>
            <ruleset type="spellout-cardinal-masculine">
                <rbnfrule value="-x">minws →→;</rbnfrule>
                <rbnfrule value="x.x">←← pwynt →→;</rbnfrule>
                <rbnfrule value="0">dim;</rbnfrule>
                <rbnfrule value="1">un;</rbnfrule>
                <rbnfrule value="2">dau;</rbnfrule>
                <rbnfrule value="3">tri;</rbnfrule>
                <rbnfrule value="4">pedwar;</rbnfrule>
                <rbnfrule value="5">pump;</rbnfrule>
                <rbnfrule value="6">chwech;</rbnfrule>
                <rbnfrule value="7">saith;</rbnfrule>
                <rbnfrule value="8">wyth;</rbnfrule>
                <rbnfrule value="9">naw;</rbnfrule>
                <rbnfrule value="10">un deg[ →→];</rbnfrule>
                <rbnfrule value="20">dau ddeg[ →→];</rbnfrule>
                <rbnfrule value="30">←%spellout-cardinal-masculine-before-consonant← deg[ →→];</rbnfrule>
                <rbnfrule value="100">←%spellout-cardinal-masculine-before-consonant← cant[ →→];</rbnfrule>
                <rbnfrule value="1000">←%spellout-cardinal-masculine-before-consonant← mil[ →→];</rbnfrule>
                <rbnfrule value="1000000">←%spellout-cardinal-masculine-before-consonant← miliwn[ →→];</rbnfrule>
                <rbnfrule value="1000000000">←%spellout-cardinal-masculine-before-consonant← biliwn[ →→];</rbnfrule>
                <rbnfrule value="1000000000000">←%spellout-cardinal-masculine-before-consonant← triliwn[ →→];</rbnfrule>
                <rbnfrule value="1000000000000000">←%spellout-cardinal-masculine-before-consonant← kwadriliwn[ →→];</rbnfrule>
                <rbnfrule value="1000000000000000000">=#,##0=;</rbnfrule>
            </ruleset>
            <ruleset type="spellout-cardinal-masculine-before-consonant">
                <rbnfrule value="-x">minws →→;</rbnfrule>
                <rbnfrule value="x.x">←← pwynt →→;</rbnfrule>
                <rbnfrule value="0">dim;</rbnfrule>
                <rbnfrule value="1">un;</rbnfrule>
                <rbnfrule value="2">dau;</rbnfrule>
                <rbnfrule value="3">tri;</rbnfrule>
                <rbnfrule value="4">pedwar;</rbnfrule>
                <rbnfrule value="5">pum;</rbnfrule>
                <rbnfrule value="6">chwe;</rbnfrule>
                <rbnfrule value="7">saith;</rbnfrule>
                <rbnfrule value="8">wyth;</rbnfrule>
                <rbnfrule value="9">naw;</rbnfrule>
                <rbnfrule value="10">un deg[ →→];</rbnfrule>
                <rbnfrule value="20">dau ddeg[ →→];</rbnfrule>
                <rbnfrule value="30">←%spellout-cardinal-masculine-before-consonant← deg[ →→];</rbnfrule>
                <rbnfrule value="100">←%spellout-cardinal-masculine-before-consonant← cant[ →→];</rbnfrule>
                <rbnfrule value="1000">←%spellout-cardinal-masculine-before-consonant← mil[ →→];</rbnfrule>
                <rbnfrule value="1000000">←%spellout-cardinal-masculine-before-consonant← miliwn[ →→];</rbnfrule>
                <rbnfrule value="1000000000">←%spellout-cardinal-masculine-before-consonant← biliwn[ →→];</rbnfrule>
                <rbnfrule value="1000000000000">←%spellout-cardinal-masculine-before-consonant← triliwn[ →→];</rbnfrule>
                <rbnfrule value="1000000000000000">←%spellout-cardinal-masculine-before-consonant← kwadriliwn[ →→];</rbnfrule>
                <rbnfrule value="1000000000000000000">=#,##0=;</rbnfrule>
            </ruleset>
            <ruleset type="spellout-cardinal-feminine">
                <rbnfrule value="-x">minws →→;</rbnfrule>
                <rbnfrule value="x.x">←← pwynt →→;</rbnfrule>
                <rbnfrule value="0">dim;</rbnfrule>
                <rbnfrule value="1">un;</rbnfrule>
                <rbnfrule value="2">dwy;</rbnfrule>
                <rbnfrule value="3">tair;</rbnfrule>
                <rbnfrule value="4">pedair;</rbnfrule>
                <rbnfrule value="5">pump;</rbnfrule>
                <rbnfrule value="6">chwech;</rbnfrule>
                <rbnfrule value="7">saith;</rbnfrule>
                <rbnfrule value="8">wyth;</rbnfrule>
                <rbnfrule value="9">naw;</rbnfrule>
                <rbnfrule value="10">un deg[ →→];</rbnfrule>
                <rbnfrule value="20">dau ddeg[ →→];</rbnfrule>
                <rbnfrule value="30">←%spellout-cardinal-masculine-before-consonant← deg[ →→];</rbnfrule>
                <rbnfrule value="100">←%spellout-cardinal-masculine-before-consonant← cant[ →→];</rbnfrule>
                <rbnfrule value="1000">←%spellout-cardinal-masculine-before-consonant← mil[ →→];</rbnfrule>
                <rbnfrule value="1000000">←%spellout-cardinal-masculine-before-consonant← miliwn[ →→];</rbnfrule>
                <rbnfrule value="1000000000">←%spellout-cardinal-masculine-before-consonant← biliwn[ →→];</rbnfrule>
                <rbnfrule value="1000000000000">←%spellout-cardinal-masculine-before-consonant← triliwn[ →→];</rbnfrule>
                <rbnfrule value="1000000000000000">←%spellout-cardinal-masculine-before-consonant← kwadriliwn[ →→];</rbnfrule>
                <rbnfrule value="1000000000000000000">=#,##0=;</rbnfrule>
            </ruleset>
            <ruleset type="spellout-cardinal-feminine-before-consonant">
                <rbnfrule value="-x">minws →→;</rbnfrule>
                <rbnfrule value="x.x">←← pwynt →→;</rbnfrule>
                <rbnfrule value="0">dim;</rbnfrule>
                <rbnfrule value="1">un;</rbnfrule>
                <rbnfrule value="2">dwy;</rbnfrule>
                <rbnfrule value="3">tair;</rbnfrule>
                <rbnfrule value="4">pedair;</rbnfrule>
                <rbnfrule value="5">pum;</rbnfrule>
                <rbnfrule value="6">chwe;</rbnfrule>
                <rbnfrule value="7">saith;</rbnfrule>
                <rbnfrule value="8">wyth;</rbnfrule>
                <rbnfrule value="9">naw;</rbnfrule>
                <rbnfrule value="10">un deg[ →→];</rbnfrule>
                <rbnfrule value="20">dau ddeg[ →→];</rbnfrule>
                <rbnfrule value="30">←%spellout-cardinal-masculine-before-consonant← deg[ →→];</rbnfrule>
                <rbnfrule value="100">←%spellout-cardinal-masculine-before-consonant← cant[ →→];</rbnfrule>
                <rbnfrule value="1000">←%spellout-cardinal-masculine-before-consonant← mil[ →→];</rbnfrule>
                <rbnfrule value="1000000">←%spellout-cardinal-masculine-before-consonant← miliwn[ →→];</rbnfrule>
                <rbnfrule value="1000000000">←%spellout-cardinal-masculine-before-consonant← biliwn[ →→];</rbnfrule>
                <rbnfrule value="1000000000000">←%spellout-cardinal-masculine-before-consonant← triliwn[ →→];</rbnfrule>
                <rbnfrule value="1000000000000000">←%spellout-cardinal-masculine-before-consonant← kwadriliwn[ →→];</rbnfrule>
                <rbnfrule value="1000000000000000000">=#,##0=;</rbnfrule>
            </ruleset>
        </rulesetGrouping>
    </rbnf>
</ldml>
