<?xml version="1.0" encoding="UTF-8" ?>
<!DOCTYPE ldml SYSTEM "../../common/dtd/ldml.dtd">
<!--
Copyright © 1991-2013 Unicode, Inc.
CLDR data files are interpreted according to the LDML specification (http://unicode.org/reports/tr35/)
For terms of use, see http://www.unicode.org/copyright.html
-->
<ldml>
    <identity>
        <version number="$Revision$"/>
        <language type="da"/>
    </identity>
    <rbnf>
        <rulesetGrouping type="SpelloutRules">
            <ruleset type="spellout-numbering-year">
                <rbnfrule value="-x">minus →→;</rbnfrule>
                <rbnfrule value="x.x">=0.0=;</rbnfrule>
                <rbnfrule value="0">=%spellout-numbering=;</rbnfrule>
                <rbnfrule value="1100" radix="100">←←­hundrede[ og →→];</rbnfrule>
                <rbnfrule value="10000">=%spellout-numbering=;</rbnfrule>
            </ruleset>
            <ruleset type="spellout-numbering">
                <rbnfrule value="0">=%spellout-cardinal-neuter=;</rbnfrule>
            </ruleset>
            <ruleset type="spellout-cardinal-common">
                <rbnfrule value="-x">minus →→;</rbnfrule>
                <rbnfrule value="x.x">←← komma →→;</rbnfrule>
                <rbnfrule value="0">nul;</rbnfrule>
                <rbnfrule value="1">en;</rbnfrule>
                <rbnfrule value="2">to;</rbnfrule>
                <rbnfrule value="3">tre;</rbnfrule>
                <rbnfrule value="4">fire;</rbnfrule>
                <rbnfrule value="5">fem;</rbnfrule>
                <rbnfrule value="6">seks;</rbnfrule>
                <rbnfrule value="7">syv;</rbnfrule>
                <rbnfrule value="8">otte;</rbnfrule>
                <rbnfrule value="9">ni;</rbnfrule>
                <rbnfrule value="10">ti;</rbnfrule>
                <rbnfrule value="11">elleve;</rbnfrule>
                <rbnfrule value="12">tolv;</rbnfrule>
                <rbnfrule value="13">tretten;</rbnfrule>
                <rbnfrule value="14">fjorten;</rbnfrule>
                <rbnfrule value="15">femten;</rbnfrule>
                <rbnfrule value="16">seksten;</rbnfrule>
                <rbnfrule value="17">sytten;</rbnfrule>
                <rbnfrule value="18">atten;</rbnfrule>
                <rbnfrule value="19">nitten;</rbnfrule>
                <rbnfrule value="20">[→→­og­]tyve;</rbnfrule>
                <rbnfrule value="30">[→→­og­]tredive;</rbnfrule>
                <rbnfrule value="40">[→→­og­]fyrre;</rbnfrule>
                <rbnfrule value="50">[→→­og­]halvtreds;</rbnfrule>
                <rbnfrule value="60">[→→­og­]tres;</rbnfrule>
                <rbnfrule value="70">[→→­og­]halvfjerds;</rbnfrule>
                <rbnfrule value="80">[→→­og­]firs;</rbnfrule>
                <rbnfrule value="90">[→→­og­]halvfems;</rbnfrule>
                <rbnfrule value="100">hundrede[ og →→];</rbnfrule>
                <rbnfrule value="200">←%spellout-cardinal-neuter←­hundrede[ og →→];</rbnfrule>
                <rbnfrule value="1000">tusinde[ →%%and-small→];</rbnfrule>
                <rbnfrule value="2000">←%spellout-cardinal-neuter← tusinde[ →%%and-small→];</rbnfrule>
                <rbnfrule value="1000000">million[ →→];</rbnfrule>
                <rbnfrule value="2000000">←← millioner[ →→];</rbnfrule>
                <rbnfrule value="1000000000">milliard[ →→];</rbnfrule>
                <rbnfrule value="2000000000">←← milliarder[ →→];</rbnfrule>
                <rbnfrule value="1000000000000">billion[ →→];</rbnfrule>
                <rbnfrule value="2000000000000">←← billioner[ →→];</rbnfrule>
                <rbnfrule value="1000000000000000">billiard[ →→];</rbnfrule>
                <rbnfrule value="2000000000000000">←← billiarder[ →→];</rbnfrule>
                <rbnfrule value="1000000000000000000">=#,##0=;</rbnfrule>
            </ruleset>
            <ruleset type="and-small" access="private">
                <rbnfrule value="0">og =%spellout-cardinal-common=;</rbnfrule>
                <rbnfrule value="100">=%spellout-cardinal-common=;</rbnfrule>
            </ruleset>
            <ruleset type="spellout-cardinal-neuter">
                <rbnfrule value="-x">minus →→;</rbnfrule>
                <rbnfrule value="x.x">←← komma →→;</rbnfrule>
                <rbnfrule value="0">nul;</rbnfrule>
                <rbnfrule value="1">et;</rbnfrule>
                <rbnfrule value="2">=%spellout-cardinal-common=;</rbnfrule>
                <rbnfrule value="100">hundrede[ og →→];</rbnfrule>
                <rbnfrule value="200">←%spellout-cardinal-neuter←­hundrede[ og →→];</rbnfrule>
                <rbnfrule value="1000">tusind[ →%%and-small-n→];</rbnfrule>
                <rbnfrule value="2000">←%spellout-cardinal-neuter← tusind[ →%%and-small-n→];</rbnfrule>
                <rbnfrule value="1000000">en million[ →→];</rbnfrule>
                <rbnfrule value="2000000">←%spellout-cardinal-common← millioner[ →→];</rbnfrule>
                <rbnfrule value="1000000000">en milliard[ →→];</rbnfrule>
                <rbnfrule value="2000000000">←%spellout-cardinal-common← milliarder[ →→];</rbnfrule>
                <rbnfrule value="1000000000000">en billion[ →→];</rbnfrule>
                <rbnfrule value="2000000000000">←%spellout-cardinal-common← billioner[ →→];</rbnfrule>
                <rbnfrule value="1000000000000000">en billiard[ →→];</rbnfrule>
                <rbnfrule value="2000000000000000">←%spellout-cardinal-common← billiarder[ →→];</rbnfrule>
                <rbnfrule value="1000000000000000000">=#,##0=;</rbnfrule>
            </ruleset>
            <ruleset type="and-small-n" access="private">
                <rbnfrule value="0">og =%spellout-cardinal-neuter=;</rbnfrule>
                <rbnfrule value="100">=%spellout-cardinal-neuter=;</rbnfrule>
            </ruleset>
            <ruleset type="spellout-ordinal-common">
                <rbnfrule value="-x">minus →→;</rbnfrule>
                <rbnfrule value="x.x">=#,##0.#=;</rbnfrule>
                <rbnfrule value="0">nulte;</rbnfrule>
                <rbnfrule value="1">første;</rbnfrule>
                <rbnfrule value="2">anden;</rbnfrule>
                <rbnfrule value="3">tredje;</rbnfrule>
                <rbnfrule value="4">fjerde;</rbnfrule>
                <rbnfrule value="5">femte;</rbnfrule>
                <rbnfrule value="6">sjette;</rbnfrule>
                <rbnfrule value="7">syvende;</rbnfrule>
                <rbnfrule value="8">ottende;</rbnfrule>
                <rbnfrule value="9">niende;</rbnfrule>
                <rbnfrule value="10">tiende;</rbnfrule>
                <rbnfrule value="11">ellevte;</rbnfrule>
                <rbnfrule value="12">tolvte;</rbnfrule>
                <rbnfrule value="13">=%spellout-numbering=de;</rbnfrule>
                <rbnfrule value="20">[→%spellout-numbering→­og­]tyvende;</rbnfrule>
                <rbnfrule value="30">[→%spellout-numbering→­og­]tredivte;</rbnfrule>
                <rbnfrule value="40">[→%spellout-numbering→­og­]fyrrende;</rbnfrule>
                <rbnfrule value="50">=%spellout-numbering=indstyvende;</rbnfrule>
                <rbnfrule value="100">hundrede→%%ord-de-c→;</rbnfrule>
                <rbnfrule value="200">←%spellout-numbering← hundrede→%%ord-de-c→;</rbnfrule>
                <rbnfrule value="1000">tusind→%%ord-e-c→;</rbnfrule>
                <rbnfrule value="2000">←%spellout-numbering← tusind→%%ord-e-c→;</rbnfrule>
                <rbnfrule value="1000000">million→%%ord-te-c→;</rbnfrule>
                <rbnfrule value="2000000">←%spellout-numbering← million→%%ord-teer-c→;</rbnfrule>
                <rbnfrule value="1000000000">milliard→%%ord-te-c→;</rbnfrule>
                <rbnfrule value="2000000000">←%spellout-numbering← milliard→%%ord-teer-c→;</rbnfrule>
                <rbnfrule value="1000000000000">billion→%%ord-te-c→;</rbnfrule>
                <rbnfrule value="2000000000000">←%spellout-numbering← billion→%%ord-teer-c→;</rbnfrule>
                <rbnfrule value="1000000000000000">billiard→%%ord-te-c→;</rbnfrule>
                <rbnfrule value="2000000000000000">←%spellout-numbering← billiard→%%ord-teer-c→;</rbnfrule>
                <rbnfrule value="1000000000000000000">=#,##0=.;</rbnfrule>
            </ruleset>
            <ruleset type="ord-de-c" access="private">
                <rbnfrule value="0">de;</rbnfrule>
                <rbnfrule value="1">' og =%spellout-ordinal-common=;</rbnfrule>
            </ruleset>
            <ruleset type="ord-e-c" access="private">
                <rbnfrule value="0">e;</rbnfrule>
                <rbnfrule value="1">' og =%spellout-ordinal-common=;</rbnfrule>
                <rbnfrule value="100">' =%spellout-ordinal-common=;</rbnfrule>
            </ruleset>
            <ruleset type="ord-te-c" access="private">
                <rbnfrule value="0">te;</rbnfrule>
                <rbnfrule value="1">' =%spellout-ordinal-common=;</rbnfrule>
            </ruleset>
            <ruleset type="ord-teer-c" access="private">
                <rbnfrule value="0">te;</rbnfrule>
                <rbnfrule value="1">er =%spellout-ordinal-common=;</rbnfrule>
            </ruleset>
            <ruleset type="spellout-ordinal-neuter">
                <rbnfrule value="-x">minus →→;</rbnfrule>
                <rbnfrule value="x.x">=#,##0.#=;</rbnfrule>
                <rbnfrule value="0">nulte;</rbnfrule>
                <rbnfrule value="1">første;</rbnfrule>
                <rbnfrule value="2">andet;</rbnfrule>
                <rbnfrule value="3">=%spellout-ordinal-common=;</rbnfrule>
                <rbnfrule value="20">[→%spellout-cardinal-neuter→­og­]tyvende;</rbnfrule>
                <rbnfrule value="30">[→%spellout-cardinal-neuter→­og­]tredivte;</rbnfrule>
                <rbnfrule value="40">[→%spellout-cardinal-neuter→­og­]fyrrende;</rbnfrule>
                <rbnfrule value="50">=%spellout-cardinal-neuter=indstyvende;</rbnfrule>
                <rbnfrule value="100">hundrede→%%ord-de-n→;</rbnfrule>
                <rbnfrule value="200">←%spellout-cardinal-neuter← hundrede→%%ord-de-n→;</rbnfrule>
                <rbnfrule value="1000">tusinde→%%ord-e-n→;</rbnfrule>
                <rbnfrule value="2000">←%spellout-cardinal-neuter← tusind→%%ord-e-n→;</rbnfrule>
                <rbnfrule value="1000000">million→%%ord-teer-n→;</rbnfrule>
                <rbnfrule value="2000000">←%spellout-cardinal-neuter← million→%%ord-teer-n→;</rbnfrule>
                <rbnfrule value="1000000000">milliard→%%ord-te-n→;</rbnfrule>
                <rbnfrule value="2000000000">←%spellout-cardinal-neuter← milliard→%%ord-teer-n→;</rbnfrule>
                <rbnfrule value="1000000000000">billion→%%ord-te-n→;</rbnfrule>
                <rbnfrule value="2000000000000">←%spellout-cardinal-neuter← billion→%%ord-teer-n→;</rbnfrule>
                <rbnfrule value="1000000000000000">billiard→%%ord-te-n→;</rbnfrule>
                <rbnfrule value="2000000000000000">←%spellout-cardinal-neuter← billiard→%%ord-teer-n→;</rbnfrule>
                <rbnfrule value="1000000000000000000">=#,##0=.;</rbnfrule>
            </ruleset>
            <ruleset type="ord-de-n" access="private">
                <rbnfrule value="0">de;</rbnfrule>
                <rbnfrule value="1">' og =%spellout-ordinal-neuter=;</rbnfrule>
            </ruleset>
            <ruleset type="ord-e-n" access="private">
                <rbnfrule value="0">e;</rbnfrule>
                <rbnfrule value="1">' og =%spellout-ordinal-neuter=;</rbnfrule>
                <rbnfrule value="100">' =%spellout-ordinal-neuter=;</rbnfrule>
            </ruleset>
            <ruleset type="ord-te-n" access="private">
                <rbnfrule value="0">te;</rbnfrule>
                <rbnfrule value="1">' =%spellout-ordinal-neuter=;</rbnfrule>
            </ruleset>
            <ruleset type="ord-teer-n" access="private">
                <rbnfrule value="0">te;</rbnfrule>
                <rbnfrule value="1">er =%spellout-ordinal-neuter=;</rbnfrule>
            </ruleset>
        </rulesetGrouping>
    </rbnf>
</ldml>
