<?xml version="1.0" encoding="UTF-8" ?>
<!DOCTYPE ldml SYSTEM "../../common/dtd/ldml.dtd">
<!--
Copyright © 1991-2013 Unicode, Inc.
CLDR data files are interpreted according to the LDML specification (http://unicode.org/reports/tr35/)
For terms of use, see http://www.unicode.org/copyright.html
-->
<ldml>
    <identity>
        <version number="$Revision$"/>
        <language type="fi"/>
    </identity>
    <rbnf>
        <rulesetGrouping type="SpelloutRules">
            <ruleset type="spellout-numbering-year">
                <rbnfrule value="-x">miinus →→;</rbnfrule>
                <rbnfrule value="x.x">=0.0=;</rbnfrule>
                <rbnfrule value="0">=%spellout-numbering=;</rbnfrule>
            </ruleset>
            <ruleset type="spellout-numbering">
                <rbnfrule value="0">=%spellout-cardinal=;</rbnfrule>
            </ruleset>
            <ruleset type="spellout-cardinal">
                <rbnfrule value="-x">miinus →→;</rbnfrule>
                <rbnfrule value="x.x">←← pilkku →→;</rbnfrule>
                <rbnfrule value="0">nolla;</rbnfrule>
                <rbnfrule value="1">yksi;</rbnfrule>
                <rbnfrule value="2">kaksi;</rbnfrule>
                <rbnfrule value="3">kolme;</rbnfrule>
                <rbnfrule value="4">neljä;</rbnfrule>
                <rbnfrule value="5">viisi;</rbnfrule>
                <rbnfrule value="6">kuusi;</rbnfrule>
                <rbnfrule value="7">seitsemän;</rbnfrule>
                <rbnfrule value="8">kahdeksan;</rbnfrule>
                <rbnfrule value="9">yhdeksän;</rbnfrule>
                <rbnfrule value="10">kymmenen;</rbnfrule>
                <rbnfrule value="11">→→toista;</rbnfrule>
                <rbnfrule value="20">←←­kymmentä[­→→];</rbnfrule>
                <rbnfrule value="100">sata[­→→];</rbnfrule>
                <rbnfrule value="200">←←­sataa[­→→];</rbnfrule>
                <rbnfrule value="1000">tuhat[­→→];</rbnfrule>
                <rbnfrule value="2000">←←­tuhatta[­→→];</rbnfrule>
                <rbnfrule value="1000000">←← miljoona[ →→];</rbnfrule>
                <rbnfrule value="2000000">←← miljoonaa[ →→];</rbnfrule>
                <rbnfrule value="1000000000">←← miljardi[ →→];</rbnfrule>
                <rbnfrule value="2000000000">←← miljardia[ →→];</rbnfrule>
                <rbnfrule value="1000000000000">←← biljoona[ →→];</rbnfrule>
                <rbnfrule value="2000000000000">←← biljoonaa[ →→];</rbnfrule>
                <rbnfrule value="1000000000000000000">=#,##0=;</rbnfrule>
            </ruleset>
            <ruleset type="spellout-cardinal-genitive">
                <rbnfrule value="-x">miinus →→;</rbnfrule>
                <rbnfrule value="x.x">←← pilkku →→;</rbnfrule>
                <rbnfrule value="0">nollan;</rbnfrule>
                <rbnfrule value="1">yhden;</rbnfrule>
                <rbnfrule value="2">kahden;</rbnfrule>
                <rbnfrule value="3">kolmen;</rbnfrule>
                <rbnfrule value="4">neljän;</rbnfrule>
                <rbnfrule value="5">viiden;</rbnfrule>
                <rbnfrule value="6">kuuden;</rbnfrule>
                <rbnfrule value="7">seitsemän;</rbnfrule>
                <rbnfrule value="8">kahdeksan;</rbnfrule>
                <rbnfrule value="9">yhdeksän;</rbnfrule>
                <rbnfrule value="10">kymmenen;</rbnfrule>
                <rbnfrule value="11">→→toista;</rbnfrule>
                <rbnfrule value="20">←←­kymmenen[­→→];</rbnfrule>
                <rbnfrule value="100">sadan[­→→];</rbnfrule>
                <rbnfrule value="200">←←­sadan[­→→];</rbnfrule>
                <rbnfrule value="1000">tuhannen[­→→];</rbnfrule>
                <rbnfrule value="2000">←←­tuhannen[­→→];</rbnfrule>
                <rbnfrule value="1000000">←← miljoonan[ →→];</rbnfrule>
                <rbnfrule value="2000000">←← miljoonan[ →→];</rbnfrule>
                <rbnfrule value="1000000000">←← miljardin[ →→];</rbnfrule>
                <rbnfrule value="2000000000">←← miljardin[ →→];</rbnfrule>
                <rbnfrule value="1000000000000">←← biljoonan[ →→];</rbnfrule>
                <rbnfrule value="2000000000000">←← biljoonan[ →→];</rbnfrule>
                <rbnfrule value="1000000000000000000">=#,##0=;</rbnfrule>
            </ruleset>
            <ruleset type="spellout-cardinal-partitive">
                <rbnfrule value="-x">miinus →→;</rbnfrule>
                <rbnfrule value="x.x">←← pilkku →→;</rbnfrule>
                <rbnfrule value="0">nollaa;</rbnfrule>
                <rbnfrule value="1">yhtä;</rbnfrule>
                <rbnfrule value="2">kahta;</rbnfrule>
                <rbnfrule value="3">kolmea;</rbnfrule>
                <rbnfrule value="4">neljää;</rbnfrule>
                <rbnfrule value="5">viittä;</rbnfrule>
                <rbnfrule value="6">kuutta;</rbnfrule>
                <rbnfrule value="7">seitsemää;</rbnfrule>
                <rbnfrule value="8">kahdeksaa;</rbnfrule>
                <rbnfrule value="9">yhdeksää;</rbnfrule>
                <rbnfrule value="10">kymmentä;</rbnfrule>
                <rbnfrule value="11">→→toista;</rbnfrule>
                <rbnfrule value="20">←←­kymmentä[­→→];</rbnfrule>
                <rbnfrule value="100">sataa[­→→];</rbnfrule>
                <rbnfrule value="200">←←­sataa[­→→];</rbnfrule>
                <rbnfrule value="1000">tuhatta[­→→];</rbnfrule>
                <rbnfrule value="2000">←←­tuhatta[­→→];</rbnfrule>
                <rbnfrule value="1000000">←← miljoonaa[ →→];</rbnfrule>
                <rbnfrule value="2000000">←← miljoonaa[ →→];</rbnfrule>
                <rbnfrule value="1000000000">←← miljardia[ →→];</rbnfrule>
                <rbnfrule value="2000000000">←← miljardia[ →→];</rbnfrule>
                <rbnfrule value="1000000000000">←← biljoonaa[ →→];</rbnfrule>
                <rbnfrule value="2000000000000">←← biljoonaa[ →→];</rbnfrule>
                <rbnfrule value="1000000000000000000">=#,##0=;</rbnfrule>
            </ruleset>
            <ruleset type="spellout-cardinal-essive">
                <rbnfrule value="-x">miinus →→;</rbnfrule>
                <rbnfrule value="x.x">←← pilkku →→;</rbnfrule>
                <rbnfrule value="0">nollana;</rbnfrule>
                <rbnfrule value="1">yhtenä;</rbnfrule>
                <rbnfrule value="2">kahtena;</rbnfrule>
                <rbnfrule value="3">kolmena;</rbnfrule>
                <rbnfrule value="4">neljänä;</rbnfrule>
                <rbnfrule value="5">viitenä;</rbnfrule>
                <rbnfrule value="6">kuutena;</rbnfrule>
                <rbnfrule value="7">seitsemänä;</rbnfrule>
                <rbnfrule value="8">kahdeksana;</rbnfrule>
                <rbnfrule value="9">yhdeksänä;</rbnfrule>
                <rbnfrule value="10">kymmenenä;</rbnfrule>
                <rbnfrule value="11">→→toista;</rbnfrule>
                <rbnfrule value="20">←←­kymmenenä[­→→];</rbnfrule>
                <rbnfrule value="100">satana[­→→];</rbnfrule>
                <rbnfrule value="200">←←­satana[­→→];</rbnfrule>
                <rbnfrule value="1000">tuhantena[­→→];</rbnfrule>
                <rbnfrule value="2000">←←­tuhantena[­→→];</rbnfrule>
                <rbnfrule value="1000000">←← miljoonana[ →→];</rbnfrule>
                <rbnfrule value="2000000">←← miljoonana[ →→];</rbnfrule>
                <rbnfrule value="1000000000">←← miljardina[ →→];</rbnfrule>
                <rbnfrule value="2000000000">←← miljardina[ →→];</rbnfrule>
                <rbnfrule value="1000000000000">←← biljoonana[ →→];</rbnfrule>
                <rbnfrule value="2000000000000">←← biljoonana[ →→];</rbnfrule>
                <rbnfrule value="1000000000000000000">=#,##0=;</rbnfrule>
            </ruleset>
            <ruleset type="spellout-cardinal-translative">
                <rbnfrule value="-x">miinus →→;</rbnfrule>
                <rbnfrule value="x.x">←← pilkku →→;</rbnfrule>
                <rbnfrule value="0">nollaksi;</rbnfrule>
                <rbnfrule value="1">yhdeksi;</rbnfrule>
                <rbnfrule value="2">kahdeksi;</rbnfrule>
                <rbnfrule value="3">kolmeksi;</rbnfrule>
                <rbnfrule value="4">neljäksi;</rbnfrule>
                <rbnfrule value="5">viideksi;</rbnfrule>
                <rbnfrule value="6">kuudeksi;</rbnfrule>
                <rbnfrule value="7">seitsemäksi;</rbnfrule>
                <rbnfrule value="8">kahdeksaksi;</rbnfrule>
                <rbnfrule value="9">yhdeksäksi;</rbnfrule>
                <rbnfrule value="10">kymmeneksi;</rbnfrule>
                <rbnfrule value="11">→→toista;</rbnfrule>
                <rbnfrule value="20">←←­kymmeneksi[­→→];</rbnfrule>
                <rbnfrule value="100">sadaksi[­→→];</rbnfrule>
                <rbnfrule value="200">←←­sadaksi[­→→];</rbnfrule>
                <rbnfrule value="1000">tuhanneksi[­→→];</rbnfrule>
                <rbnfrule value="2000">←←­tuhanneksi[­→→];</rbnfrule>
                <rbnfrule value="1000000">←← miljoonaksi[ →→];</rbnfrule>
                <rbnfrule value="2000000">←← miljoonaksi[ →→];</rbnfrule>
                <rbnfrule value="1000000000">←← miljardiksi[ →→];</rbnfrule>
                <rbnfrule value="2000000000">←← miljardiksi[ →→];</rbnfrule>
                <rbnfrule value="1000000000000">←← biljoonaksi[ →→];</rbnfrule>
                <rbnfrule value="2000000000000">←← biljoonaksi[ →→];</rbnfrule>
                <rbnfrule value="1000000000000000000">=#,##0=;</rbnfrule>
            </ruleset>
            <ruleset type="spellout-cardinal-inessive">
                <rbnfrule value="-x">miinus →→;</rbnfrule>
                <rbnfrule value="x.x">←← pilkku →→;</rbnfrule>
                <rbnfrule value="0">nollassa;</rbnfrule>
                <rbnfrule value="1">yhdessä;</rbnfrule>
                <rbnfrule value="2">kahdessa;</rbnfrule>
                <rbnfrule value="3">kolmessa;</rbnfrule>
                <rbnfrule value="4">neljässä;</rbnfrule>
                <rbnfrule value="5">viidessä;</rbnfrule>
                <rbnfrule value="6">kuudessa;</rbnfrule>
                <rbnfrule value="7">seitsemässä;</rbnfrule>
                <rbnfrule value="8">kahdeksassa;</rbnfrule>
                <rbnfrule value="9">yhdeksässä;</rbnfrule>
                <rbnfrule value="10">kymmenessä;</rbnfrule>
                <rbnfrule value="11">→→toista;</rbnfrule>
                <rbnfrule value="20">←←­kymmenessä[­→→];</rbnfrule>
                <rbnfrule value="100">sadassa[­→→];</rbnfrule>
                <rbnfrule value="200">←←­sadassa[­→→];</rbnfrule>
                <rbnfrule value="1000">tuhannessa[­→→];</rbnfrule>
                <rbnfrule value="2000">←←­tuhannessa[­→→];</rbnfrule>
                <rbnfrule value="1000000">←← miljoonassa[ →→];</rbnfrule>
                <rbnfrule value="2000000">←← miljoonassa[ →→];</rbnfrule>
                <rbnfrule value="1000000000">←← miljardissa[ →→];</rbnfrule>
                <rbnfrule value="2000000000">←← miljardissa[ →→];</rbnfrule>
                <rbnfrule value="1000000000000">←← biljoonassa[ →→];</rbnfrule>
                <rbnfrule value="2000000000000">←← biljoonassa[ →→];</rbnfrule>
                <rbnfrule value="1000000000000000000">=#,##0=;</rbnfrule>
            </ruleset>
            <ruleset type="spellout-cardinal-elative">
                <rbnfrule value="-x">miinus →→;</rbnfrule>
                <rbnfrule value="x.x">←← pilkku →→;</rbnfrule>
                <rbnfrule value="0">nollasta;</rbnfrule>
                <rbnfrule value="1">yhdestä;</rbnfrule>
                <rbnfrule value="2">kahdesta;</rbnfrule>
                <rbnfrule value="3">kolmesta;</rbnfrule>
                <rbnfrule value="4">neljästä;</rbnfrule>
                <rbnfrule value="5">viidestä;</rbnfrule>
                <rbnfrule value="6">kuudesta;</rbnfrule>
                <rbnfrule value="7">seitsemästä;</rbnfrule>
                <rbnfrule value="8">kahdeksasta;</rbnfrule>
                <rbnfrule value="9">yhdeksästä;</rbnfrule>
                <rbnfrule value="10">kymmenestä;</rbnfrule>
                <rbnfrule value="11">→→toista;</rbnfrule>
                <rbnfrule value="20">←←­kymmenestä[­→→];</rbnfrule>
                <rbnfrule value="100">sadasta[­→→];</rbnfrule>
                <rbnfrule value="200">←←­sadasta[­→→];</rbnfrule>
                <rbnfrule value="1000">tuhannesta[­→→];</rbnfrule>
                <rbnfrule value="2000">←←­tuhannesta[­→→];</rbnfrule>
                <rbnfrule value="1000000">←← miljoonasta[ →→];</rbnfrule>
                <rbnfrule value="2000000">←← miljoonasta[ →→];</rbnfrule>
                <rbnfrule value="1000000000">←← miljardista[ →→];</rbnfrule>
                <rbnfrule value="2000000000">←← miljardista[ →→];</rbnfrule>
                <rbnfrule value="1000000000000">←← biljoonasta[ →→];</rbnfrule>
                <rbnfrule value="2000000000000">←← biljoonasta[ →→];</rbnfrule>
                <rbnfrule value="1000000000000000000">=#,##0=;</rbnfrule>
            </ruleset>
            <ruleset type="spellout-cardinal-illative">
                <rbnfrule value="-x">miinus →→;</rbnfrule>
                <rbnfrule value="x.x">←← pilkku →→;</rbnfrule>
                <rbnfrule value="0">nollaan;</rbnfrule>
                <rbnfrule value="1">yhteen;</rbnfrule>
                <rbnfrule value="2">kahteen;</rbnfrule>
                <rbnfrule value="3">kolmeen;</rbnfrule>
                <rbnfrule value="4">neljään;</rbnfrule>
                <rbnfrule value="5">viiteen;</rbnfrule>
                <rbnfrule value="6">kuuteen;</rbnfrule>
                <rbnfrule value="7">seitsemään;</rbnfrule>
                <rbnfrule value="8">kahdeksaan;</rbnfrule>
                <rbnfrule value="9">yhdeksään;</rbnfrule>
                <rbnfrule value="10">kymmeneen;</rbnfrule>
                <rbnfrule value="11">→→toista;</rbnfrule>
                <rbnfrule value="20">←←­kymmeneen[­→→];</rbnfrule>
                <rbnfrule value="100">sataan[­→→];</rbnfrule>
                <rbnfrule value="200">←←­sataan[­→→];</rbnfrule>
                <rbnfrule value="1000">tuhanteen[­→→];</rbnfrule>
                <rbnfrule value="2000">←←­tuhanteen[­→→];</rbnfrule>
                <rbnfrule value="1000000">←← miljoonaan[ →→];</rbnfrule>
                <rbnfrule value="2000000">←← miljoonaan[ →→];</rbnfrule>
                <rbnfrule value="1000000000">←← miljardiin[ →→];</rbnfrule>
                <rbnfrule value="2000000000">←← miljardiin[ →→];</rbnfrule>
                <rbnfrule value="1000000000000">←← biljoonaan[ →→];</rbnfrule>
                <rbnfrule value="2000000000000">←← biljoonaan[ →→];</rbnfrule>
                <rbnfrule value="1000000000000000000">=#,##0=;</rbnfrule>
            </ruleset>
            <ruleset type="spellout-cardinal-adessive">
                <rbnfrule value="-x">miinus →→;</rbnfrule>
                <rbnfrule value="x.x">←← pilkku →→;</rbnfrule>
                <rbnfrule value="0">nollalla;</rbnfrule>
                <rbnfrule value="1">yhdellä;</rbnfrule>
                <rbnfrule value="2">kahdella;</rbnfrule>
                <rbnfrule value="3">kolmella;</rbnfrule>
                <rbnfrule value="4">neljällä;</rbnfrule>
                <rbnfrule value="5">viidellä;</rbnfrule>
                <rbnfrule value="6">kuudella;</rbnfrule>
                <rbnfrule value="7">seitsemällä;</rbnfrule>
                <rbnfrule value="8">kahdeksalla;</rbnfrule>
                <rbnfrule value="9">yhdeksällä;</rbnfrule>
                <rbnfrule value="10">kymmenellä;</rbnfrule>
                <rbnfrule value="11">→→toista;</rbnfrule>
                <rbnfrule value="20">←←­kymmenellä[­→→];</rbnfrule>
                <rbnfrule value="100">sadalla[­→→];</rbnfrule>
                <rbnfrule value="200">←←­sadalla[­→→];</rbnfrule>
                <rbnfrule value="1000">tuhannella[­→→];</rbnfrule>
                <rbnfrule value="2000">←←­tuhannella[­→→];</rbnfrule>
                <rbnfrule value="1000000">←← miljoonalla[ →→];</rbnfrule>
                <rbnfrule value="2000000">←← miljoonalla[ →→];</rbnfrule>
                <rbnfrule value="1000000000">←← miljardilla[ →→];</rbnfrule>
                <rbnfrule value="2000000000">←← miljardilla[ →→];</rbnfrule>
                <rbnfrule value="1000000000000">←← biljoonalla[ →→];</rbnfrule>
                <rbnfrule value="2000000000000">←← biljoonalla[ →→];</rbnfrule>
                <rbnfrule value="1000000000000000000">=#,##0=;</rbnfrule>
            </ruleset>
            <ruleset type="spellout-cardinal-ablative">
                <rbnfrule value="-x">miinus →→;</rbnfrule>
                <rbnfrule value="x.x">←← pilkku →→;</rbnfrule>
                <rbnfrule value="0">nollalta;</rbnfrule>
                <rbnfrule value="1">yhdeltä;</rbnfrule>
                <rbnfrule value="2">kahdelta;</rbnfrule>
                <rbnfrule value="3">kolmelta;</rbnfrule>
                <rbnfrule value="4">neljältä;</rbnfrule>
                <rbnfrule value="5">viideltä;</rbnfrule>
                <rbnfrule value="6">kuudelta;</rbnfrule>
                <rbnfrule value="7">seitsemältä;</rbnfrule>
                <rbnfrule value="8">kahdeksalta;</rbnfrule>
                <rbnfrule value="9">yhdeksältä;</rbnfrule>
                <rbnfrule value="10">kymmeneltä;</rbnfrule>
                <rbnfrule value="11">→→toista;</rbnfrule>
                <rbnfrule value="20">←←­kymmeneltä[­→→];</rbnfrule>
                <rbnfrule value="100">sadalta[­→→];</rbnfrule>
                <rbnfrule value="200">←←­sadalta[­→→];</rbnfrule>
                <rbnfrule value="1000">tuhannelta[­→→];</rbnfrule>
                <rbnfrule value="2000">←←­tuhannelta[­→→];</rbnfrule>
                <rbnfrule value="1000000">←← miljoonalta[ →→];</rbnfrule>
                <rbnfrule value="2000000">←← miljoonalta[ →→];</rbnfrule>
                <rbnfrule value="1000000000">←← miljardilta[ →→];</rbnfrule>
                <rbnfrule value="2000000000">←← miljardilta[ →→];</rbnfrule>
                <rbnfrule value="1000000000000">←← biljoonalta[ →→];</rbnfrule>
                <rbnfrule value="2000000000000">←← biljoonalta[ →→];</rbnfrule>
                <rbnfrule value="1000000000000000000">=#,##0=;</rbnfrule>
            </ruleset>
            <ruleset type="spellout-cardinal-allative">
                <rbnfrule value="-x">miinus →→;</rbnfrule>
                <rbnfrule value="x.x">←← pilkku →→;</rbnfrule>
                <rbnfrule value="0">nollalle;</rbnfrule>
                <rbnfrule value="1">yhdelle;</rbnfrule>
                <rbnfrule value="2">kahdelle;</rbnfrule>
                <rbnfrule value="3">kolmelle;</rbnfrule>
                <rbnfrule value="4">neljälle;</rbnfrule>
                <rbnfrule value="5">viidelle;</rbnfrule>
                <rbnfrule value="6">kuudelle;</rbnfrule>
                <rbnfrule value="7">seitsemälle;</rbnfrule>
                <rbnfrule value="8">kahdeksalle;</rbnfrule>
                <rbnfrule value="9">yhdeksälle;</rbnfrule>
                <rbnfrule value="10">kymmenelle;</rbnfrule>
                <rbnfrule value="11">→→toista;</rbnfrule>
                <rbnfrule value="20">←←­kymmenelle[­→→];</rbnfrule>
                <rbnfrule value="100">sadalle[­→→];</rbnfrule>
                <rbnfrule value="200">←←­sadalle[­→→];</rbnfrule>
                <rbnfrule value="1000">tuhannelle[­→→];</rbnfrule>
                <rbnfrule value="2000">←←­tuhannelle[­→→];</rbnfrule>
                <rbnfrule value="1000000">←← miljoonalle[ →→];</rbnfrule>
                <rbnfrule value="2000000">←← miljoonalle[ →→];</rbnfrule>
                <rbnfrule value="1000000000">←← miljardille[ →→];</rbnfrule>
                <rbnfrule value="2000000000">←← miljardille[ →→];</rbnfrule>
                <rbnfrule value="1000000000000">←← biljoonalle[ →→];</rbnfrule>
                <rbnfrule value="2000000000000">←← biljoonalle[ →→];</rbnfrule>
                <rbnfrule value="1000000000000000000">=#,##0=;</rbnfrule>
            </ruleset>
            <ruleset type="spellout-cardinal-genitive-plural">
                <rbnfrule value="-x">miinus →→;</rbnfrule>
                <rbnfrule value="x.x">←← pilkku →→;</rbnfrule>
                <rbnfrule value="0">nollien;</rbnfrule>
                <rbnfrule value="1">yksien;</rbnfrule>
                <rbnfrule value="2">kaksien;</rbnfrule>
                <rbnfrule value="3">kolmien;</rbnfrule>
                <rbnfrule value="4">neljien;</rbnfrule>
                <rbnfrule value="5">viisien;</rbnfrule>
                <rbnfrule value="6">kuusien;</rbnfrule>
                <rbnfrule value="7">seitsemien;</rbnfrule>
                <rbnfrule value="8">kahdeksien;</rbnfrule>
                <rbnfrule value="9">yhdeksien;</rbnfrule>
                <rbnfrule value="10">kymmenien;</rbnfrule>
                <rbnfrule value="11">→→toista;</rbnfrule>
                <rbnfrule value="20">←←­kymmenien[­→→];</rbnfrule>
                <rbnfrule value="100">satojen[­→→];</rbnfrule>
                <rbnfrule value="200">←←­satojen[­→→];</rbnfrule>
                <rbnfrule value="1000">tuhansien[­→→];</rbnfrule>
                <rbnfrule value="2000">←←­tuhansien[­→→];</rbnfrule>
                <rbnfrule value="1000000">←← miljoonien[ →→];</rbnfrule>
                <rbnfrule value="2000000">←← miljoonien[ →→];</rbnfrule>
                <rbnfrule value="1000000000">←← miljardien[ →→];</rbnfrule>
                <rbnfrule value="2000000000">←← miljardien[ →→];</rbnfrule>
                <rbnfrule value="1000000000000">←← biljoonien[ →→];</rbnfrule>
                <rbnfrule value="2000000000000">←← biljoonien[ →→];</rbnfrule>
                <rbnfrule value="1000000000000000000">=#,##0=;</rbnfrule>
            </ruleset>
            <ruleset type="spellout-cardinal-partitive-plural">
                <rbnfrule value="-x">miinus →→;</rbnfrule>
                <rbnfrule value="x.x">←← pilkku →→;</rbnfrule>
                <rbnfrule value="0">nollia;</rbnfrule>
                <rbnfrule value="1">yksiä;</rbnfrule>
                <rbnfrule value="2">kaksia;</rbnfrule>
                <rbnfrule value="3">kolmia;</rbnfrule>
                <rbnfrule value="4">neljiä;</rbnfrule>
                <rbnfrule value="5">viisiä;</rbnfrule>
                <rbnfrule value="6">kuusia;</rbnfrule>
                <rbnfrule value="7">seitsemiä;</rbnfrule>
                <rbnfrule value="8">kahdeksia;</rbnfrule>
                <rbnfrule value="9">yhdeksiä;</rbnfrule>
                <rbnfrule value="10">kymmeniä;</rbnfrule>
                <rbnfrule value="11">→→toista;</rbnfrule>
                <rbnfrule value="20">←←­kymmeniä[­→→];</rbnfrule>
                <rbnfrule value="100">satoja[­→→];</rbnfrule>
                <rbnfrule value="200">←←­satoja[­→→];</rbnfrule>
                <rbnfrule value="1000">tuhansia[­→→];</rbnfrule>
                <rbnfrule value="2000">←←­tuhansia[­→→];</rbnfrule>
                <rbnfrule value="1000000">←← miljoonia[ →→];</rbnfrule>
                <rbnfrule value="2000000">←← miljoonia[ →→];</rbnfrule>
                <rbnfrule value="1000000000">←← miljardeja[ →→];</rbnfrule>
                <rbnfrule value="2000000000">←← miljardeja[ →→];</rbnfrule>
                <rbnfrule value="1000000000000">←← biljoonia[ →→];</rbnfrule>
                <rbnfrule value="2000000000000">←← biljoonia[ →→];</rbnfrule>
                <rbnfrule value="1000000000000000000">=#,##0=;</rbnfrule>
            </ruleset>
            <ruleset type="spellout-cardinal-essive-plural">
                <rbnfrule value="-x">miinus →→;</rbnfrule>
                <rbnfrule value="x.x">←← pilkku →→;</rbnfrule>
                <rbnfrule value="0">nollina;</rbnfrule>
                <rbnfrule value="1">yksinä;</rbnfrule>
                <rbnfrule value="2">kaksina;</rbnfrule>
                <rbnfrule value="3">kolmina;</rbnfrule>
                <rbnfrule value="4">neljinä;</rbnfrule>
                <rbnfrule value="5">viisinä;</rbnfrule>
                <rbnfrule value="6">kuusina;</rbnfrule>
                <rbnfrule value="7">seitseminä;</rbnfrule>
                <rbnfrule value="8">kahdeksina;</rbnfrule>
                <rbnfrule value="9">yhdeksinä;</rbnfrule>
                <rbnfrule value="10">kymmeninä;</rbnfrule>
                <rbnfrule value="11">→→toista;</rbnfrule>
                <rbnfrule value="20">←←­kymmeninä[­→→];</rbnfrule>
                <rbnfrule value="100">satoina[­→→];</rbnfrule>
                <rbnfrule value="200">←←­satoina[­→→];</rbnfrule>
                <rbnfrule value="1000">tuhansina[­→→];</rbnfrule>
                <rbnfrule value="2000">←←­tuhansina[­→→];</rbnfrule>
                <rbnfrule value="1000000">←← miljoonina[ →→];</rbnfrule>
                <rbnfrule value="2000000">←← miljoonina[ →→];</rbnfrule>
                <rbnfrule value="1000000000">←← miljardeina[ →→];</rbnfrule>
                <rbnfrule value="2000000000">←← miljardeina[ →→];</rbnfrule>
                <rbnfrule value="1000000000000">←← biljoonina[ →→];</rbnfrule>
                <rbnfrule value="2000000000000">←← biljoonina[ →→];</rbnfrule>
                <rbnfrule value="1000000000000000000">=#,##0=;</rbnfrule>
            </ruleset>
            <ruleset type="spellout-cardinal-translative-plural">
                <rbnfrule value="-x">miinus →→;</rbnfrule>
                <rbnfrule value="x.x">←← pilkku →→;</rbnfrule>
                <rbnfrule value="0">nolliksi;</rbnfrule>
                <rbnfrule value="1">yksiksi;</rbnfrule>
                <rbnfrule value="2">kaksiksi;</rbnfrule>
                <rbnfrule value="3">kolmiksi;</rbnfrule>
                <rbnfrule value="4">neljiksi;</rbnfrule>
                <rbnfrule value="5">viisiksi;</rbnfrule>
                <rbnfrule value="6">kuusiksi;</rbnfrule>
                <rbnfrule value="7">seitsemiksi;</rbnfrule>
                <rbnfrule value="8">kahdeksiksi;</rbnfrule>
                <rbnfrule value="9">yhdeksiksi;</rbnfrule>
                <rbnfrule value="10">kymmeniksi;</rbnfrule>
                <rbnfrule value="11">→→toista;</rbnfrule>
                <rbnfrule value="20">←←­kymmeniksi[­→→];</rbnfrule>
                <rbnfrule value="100">sadoiksi[­→→];</rbnfrule>
                <rbnfrule value="200">←←­sadoiksi[­→→];</rbnfrule>
                <rbnfrule value="1000">tuhansiksi[­→→];</rbnfrule>
                <rbnfrule value="2000">←←­tuhansiksi[­→→];</rbnfrule>
                <rbnfrule value="1000000">←← miljooniksi[ →→];</rbnfrule>
                <rbnfrule value="2000000">←← miljooniksi[ →→];</rbnfrule>
                <rbnfrule value="1000000000">←← miljardeiksi[ →→];</rbnfrule>
                <rbnfrule value="2000000000">←← miljardeiksi[ →→];</rbnfrule>
                <rbnfrule value="1000000000000">←← biljooniksi[ →→];</rbnfrule>
                <rbnfrule value="2000000000000">←← biljooniksi[ →→];</rbnfrule>
                <rbnfrule value="1000000000000000000">=#,##0=;</rbnfrule>
            </ruleset>
            <ruleset type="spellout-cardinal-inessive-plural">
                <rbnfrule value="-x">miinus →→;</rbnfrule>
                <rbnfrule value="x.x">←← pilkku →→;</rbnfrule>
                <rbnfrule value="0">nollissa;</rbnfrule>
                <rbnfrule value="1">yksissä;</rbnfrule>
                <rbnfrule value="2">kaksissa;</rbnfrule>
                <rbnfrule value="3">kolmissa;</rbnfrule>
                <rbnfrule value="4">neljissä;</rbnfrule>
                <rbnfrule value="5">viisissä;</rbnfrule>
                <rbnfrule value="6">kuusissa;</rbnfrule>
                <rbnfrule value="7">seitsemissä;</rbnfrule>
                <rbnfrule value="8">kahdeksissa;</rbnfrule>
                <rbnfrule value="9">yhdeksissä;</rbnfrule>
                <rbnfrule value="10">kymmenissä;</rbnfrule>
                <rbnfrule value="11">→→toista;</rbnfrule>
                <rbnfrule value="20">←←­kymmenissä[­→→];</rbnfrule>
                <rbnfrule value="100">sadoissa[­→→];</rbnfrule>
                <rbnfrule value="200">←←­sadoissa[­→→];</rbnfrule>
                <rbnfrule value="1000">tuhansissa[­→→];</rbnfrule>
                <rbnfrule value="2000">←←­tuhansissa[­→→];</rbnfrule>
                <rbnfrule value="1000000">←← miljoonissa[ →→];</rbnfrule>
                <rbnfrule value="2000000">←← miljoonissa[ →→];</rbnfrule>
                <rbnfrule value="1000000000">←← miljardeissa[ →→];</rbnfrule>
                <rbnfrule value="2000000000">←← miljardeissa[ →→];</rbnfrule>
                <rbnfrule value="1000000000000">←← biljoonissa[ →→];</rbnfrule>
                <rbnfrule value="2000000000000">←← biljoonissa[ →→];</rbnfrule>
                <rbnfrule value="1000000000000000000">=#,##0=;</rbnfrule>
            </ruleset>
            <ruleset type="spellout-cardinal-elative-plural">
                <rbnfrule value="-x">miinus →→;</rbnfrule>
                <rbnfrule value="x.x">←← pilkku →→;</rbnfrule>
                <rbnfrule value="0">nollista;</rbnfrule>
                <rbnfrule value="1">yksistä;</rbnfrule>
                <rbnfrule value="2">kaksista;</rbnfrule>
                <rbnfrule value="3">kolmista;</rbnfrule>
                <rbnfrule value="4">neljistä;</rbnfrule>
                <rbnfrule value="5">viisistä;</rbnfrule>
                <rbnfrule value="6">kuusista;</rbnfrule>
                <rbnfrule value="7">seitsemistä;</rbnfrule>
                <rbnfrule value="8">kahdeksista;</rbnfrule>
                <rbnfrule value="9">yhdeksistä;</rbnfrule>
                <rbnfrule value="10">kymmenistä;</rbnfrule>
                <rbnfrule value="11">→→toista;</rbnfrule>
                <rbnfrule value="20">←←­kymmenistä[­→→];</rbnfrule>
                <rbnfrule value="100">sadoista[­→→];</rbnfrule>
                <rbnfrule value="200">←←­sadoista[­→→];</rbnfrule>
                <rbnfrule value="1000">tuhansista[­→→];</rbnfrule>
                <rbnfrule value="2000">←←­tuhansista[­→→];</rbnfrule>
                <rbnfrule value="1000000">←← miljoonista[ →→];</rbnfrule>
                <rbnfrule value="2000000">←← miljoonista[ →→];</rbnfrule>
                <rbnfrule value="1000000000">←← miljardeista[ →→];</rbnfrule>
                <rbnfrule value="2000000000">←← miljardeista[ →→];</rbnfrule>
                <rbnfrule value="1000000000000">←← biljoonista[ →→];</rbnfrule>
                <rbnfrule value="2000000000000">←← biljoonista[ →→];</rbnfrule>
                <rbnfrule value="1000000000000000000">=#,##0=;</rbnfrule>
            </ruleset>
            <ruleset type="spellout-cardinal-illative-plural">
                <rbnfrule value="-x">miinus →→;</rbnfrule>
                <rbnfrule value="x.x">←← pilkku →→;</rbnfrule>
                <rbnfrule value="0">nolliin;</rbnfrule>
                <rbnfrule value="1">yksiin;</rbnfrule>
                <rbnfrule value="2">kaksiin;</rbnfrule>
                <rbnfrule value="3">kolmiin;</rbnfrule>
                <rbnfrule value="4">neljiin;</rbnfrule>
                <rbnfrule value="5">viisiin;</rbnfrule>
                <rbnfrule value="6">kuusiin;</rbnfrule>
                <rbnfrule value="7">seitsemiin;</rbnfrule>
                <rbnfrule value="8">kahdeksiin;</rbnfrule>
                <rbnfrule value="9">yhdeksiin;</rbnfrule>
                <rbnfrule value="10">kymmeniin;</rbnfrule>
                <rbnfrule value="11">→→toista;</rbnfrule>
                <rbnfrule value="20">←←­kymmeniin[­→→];</rbnfrule>
                <rbnfrule value="100">satoihin[­→→];</rbnfrule>
                <rbnfrule value="200">←←­satoihin[­→→];</rbnfrule>
                <rbnfrule value="1000">tuhansiin­[­→→];</rbnfrule>
                <rbnfrule value="2000">←←­tuhansiin­[­→→];</rbnfrule>
                <rbnfrule value="1000000">←← miljooniin[ →→];</rbnfrule>
                <rbnfrule value="2000000">←← miljooniin[ →→];</rbnfrule>
                <rbnfrule value="1000000000">←← miljardeihin[ →→];</rbnfrule>
                <rbnfrule value="2000000000">←← miljardeihin[ →→];</rbnfrule>
                <rbnfrule value="1000000000000">←← biljooniin[ →→];</rbnfrule>
                <rbnfrule value="2000000000000">←← biljooniin[ →→];</rbnfrule>
                <rbnfrule value="1000000000000000000">=#,##0=;</rbnfrule>
            </ruleset>
            <ruleset type="spellout-cardinal-adessive-plural">
                <rbnfrule value="-x">miinus →→;</rbnfrule>
                <rbnfrule value="x.x">←← pilkku →→;</rbnfrule>
                <rbnfrule value="0">nollilla;</rbnfrule>
                <rbnfrule value="1">yksillä;</rbnfrule>
                <rbnfrule value="2">kaksilla;</rbnfrule>
                <rbnfrule value="3">kolmilla;</rbnfrule>
                <rbnfrule value="4">neljillä;</rbnfrule>
                <rbnfrule value="5">viisillä;</rbnfrule>
                <rbnfrule value="6">kuusilla;</rbnfrule>
                <rbnfrule value="7">seitsemillä;</rbnfrule>
                <rbnfrule value="8">kahdeksilla;</rbnfrule>
                <rbnfrule value="9">yhdeksillä;</rbnfrule>
                <rbnfrule value="10">kymmenillä;</rbnfrule>
                <rbnfrule value="11">→→toista;</rbnfrule>
                <rbnfrule value="20">←←­kymmenillä[­→→];</rbnfrule>
                <rbnfrule value="100">sadoilla[­→→];</rbnfrule>
                <rbnfrule value="200">←←­sadoilla[­→→];</rbnfrule>
                <rbnfrule value="1000">tuhansilla­[­→→];</rbnfrule>
                <rbnfrule value="2000">←←­tuhansilla[­→→];</rbnfrule>
                <rbnfrule value="1000000">←← miljoonilla[ →→];</rbnfrule>
                <rbnfrule value="2000000">←← miljoonilla[ →→];</rbnfrule>
                <rbnfrule value="1000000000">←← miljardeilla[ →→];</rbnfrule>
                <rbnfrule value="2000000000">←← miljardeilla[ →→];</rbnfrule>
                <rbnfrule value="1000000000000">←← biljoonilla[ →→];</rbnfrule>
                <rbnfrule value="2000000000000">←← biljoonilla[ →→];</rbnfrule>
                <rbnfrule value="1000000000000000000">=#,##0=;</rbnfrule>
            </ruleset>
            <ruleset type="spellout-cardinal-ablative-plural">
                <rbnfrule value="-x">miinus →→;</rbnfrule>
                <rbnfrule value="x.x">←← pilkku →→;</rbnfrule>
                <rbnfrule value="0">nollilta;</rbnfrule>
                <rbnfrule value="1">yksiltä;</rbnfrule>
                <rbnfrule value="2">kaksilta;</rbnfrule>
                <rbnfrule value="3">kolmilta;</rbnfrule>
                <rbnfrule value="4">neljiltä;</rbnfrule>
                <rbnfrule value="5">viisiltä;</rbnfrule>
                <rbnfrule value="6">kuusilta;</rbnfrule>
                <rbnfrule value="7">seitsemiltä;</rbnfrule>
                <rbnfrule value="8">kahdeksilta;</rbnfrule>
                <rbnfrule value="9">yhdeksiltä;</rbnfrule>
                <rbnfrule value="10">kymmeniltä;</rbnfrule>
                <rbnfrule value="11">→→toista;</rbnfrule>
                <rbnfrule value="20">←←­kymmeniltä[­→→];</rbnfrule>
                <rbnfrule value="100">sadoilta[­→→];</rbnfrule>
                <rbnfrule value="200">←←­sadoilta[­→→];</rbnfrule>
                <rbnfrule value="1000">tuhansilta[­→→];</rbnfrule>
                <rbnfrule value="2000">←←­tuhansilta[­→→];</rbnfrule>
                <rbnfrule value="1000000">←← miljoonilta[ →→];</rbnfrule>
                <rbnfrule value="2000000">←← miljoonilta[ →→];</rbnfrule>
                <rbnfrule value="1000000000">←← miljardeilta[ →→];</rbnfrule>
                <rbnfrule value="2000000000">←← miljardeilta[ →→];</rbnfrule>
                <rbnfrule value="1000000000000">←← biljoonilta[ →→];</rbnfrule>
                <rbnfrule value="2000000000000">←← biljoonilta[ →→];</rbnfrule>
                <rbnfrule value="1000000000000000000">=#,##0=;</rbnfrule>
            </ruleset>
            <ruleset type="spellout-cardinal-allative-plural">
                <rbnfrule value="-x">miinus →→;</rbnfrule>
                <rbnfrule value="x.x">←← pilkku →→;</rbnfrule>
                <rbnfrule value="0">nollille;</rbnfrule>
                <rbnfrule value="1">yksille;</rbnfrule>
                <rbnfrule value="2">kaksille;</rbnfrule>
                <rbnfrule value="3">kolmille;</rbnfrule>
                <rbnfrule value="4">neljille;</rbnfrule>
                <rbnfrule value="5">viisille;</rbnfrule>
                <rbnfrule value="6">kuusille;</rbnfrule>
                <rbnfrule value="7">seitsemille;</rbnfrule>
                <rbnfrule value="8">kahdeksille;</rbnfrule>
                <rbnfrule value="9">yhdeksille;</rbnfrule>
                <rbnfrule value="10">kymmenille;</rbnfrule>
                <rbnfrule value="11">→→toista;</rbnfrule>
                <rbnfrule value="20">←←­kymmenille[­→→];</rbnfrule>
                <rbnfrule value="100">sadoille[­→→];</rbnfrule>
                <rbnfrule value="200">←←­sadoille[­→→];</rbnfrule>
                <rbnfrule value="1000">tuhansille[­→→];</rbnfrule>
                <rbnfrule value="2000">←←­tuhansille[­→→];</rbnfrule>
                <rbnfrule value="1000000">←← miljoonille[ →→];</rbnfrule>
                <rbnfrule value="2000000">←← miljoonille[ →→];</rbnfrule>
                <rbnfrule value="1000000000">←← miljardeille[ →→];</rbnfrule>
                <rbnfrule value="2000000000">←← miljardeille[ →→];</rbnfrule>
                <rbnfrule value="1000000000000">←← biljoonille[ →→];</rbnfrule>
                <rbnfrule value="2000000000000">←← biljoonille[ →→];</rbnfrule>
                <rbnfrule value="1000000000000000000">=#,##0=;</rbnfrule>
            </ruleset>
            <ruleset type="spellout-ordinal-larger" access="private">
                <rbnfrule value="0">;</rbnfrule>
                <rbnfrule value="2">kahdes;</rbnfrule>
                <rbnfrule value="3">=%spellout-ordinal=;</rbnfrule>
            </ruleset>
            <ruleset type="spellout-ordinal">
                <rbnfrule value="-x">miinus →→;</rbnfrule>
                <rbnfrule value="x.x">=#,##0.#=;</rbnfrule>
                <rbnfrule value="0">nollas;</rbnfrule>
                <rbnfrule value="1">ensimmäinen;</rbnfrule>
                <rbnfrule value="2">toinen;</rbnfrule>
                <rbnfrule value="3">kolmas;</rbnfrule>
                <rbnfrule value="4">neljäs;</rbnfrule>
                <rbnfrule value="5">viides;</rbnfrule>
                <rbnfrule value="6">kuudes;</rbnfrule>
                <rbnfrule value="7">seitsemäs;</rbnfrule>
                <rbnfrule value="8">kahdeksas;</rbnfrule>
                <rbnfrule value="9">yhdeksäs;</rbnfrule>
                <rbnfrule value="10">kymmenes;</rbnfrule>
                <rbnfrule value="11">yhdestoista;</rbnfrule>
                <rbnfrule value="12">kahdestoista;</rbnfrule>
                <rbnfrule value="13">→→toista;</rbnfrule>
                <rbnfrule value="20">←%%spellout-ordinal-larger←­kymmenes[­→→];</rbnfrule>
                <rbnfrule value="100">sadas[­→→];</rbnfrule>
                <rbnfrule value="200">←%%spellout-ordinal-larger←­sadas[­→→];</rbnfrule>
                <rbnfrule value="1000">tuhannes[­→→];</rbnfrule>
                <rbnfrule value="2000">←%%spellout-ordinal-larger←­tuhannes[­→→];</rbnfrule>
                <rbnfrule value="1000000">miljoonas[­→→];</rbnfrule>
                <rbnfrule value="2000000">←%%spellout-ordinal-larger← miljoonas[­→→];</rbnfrule>
                <rbnfrule value="1000000000">miljardis[­→→];</rbnfrule>
                <rbnfrule value="2000000000">←%%spellout-ordinal-larger← miljardis[­→→];</rbnfrule>
                <rbnfrule value="1000000000000">biljoonas[ →→];</rbnfrule>
                <rbnfrule value="2000000000000">←%%spellout-ordinal-larger← biljoonas[ →→];</rbnfrule>
                <rbnfrule value="1000000000000000000">=#,##0=;</rbnfrule>
            </ruleset>
            <ruleset type="spellout-ordinal-genitive-larger" access="private">
                <rbnfrule value="0">;</rbnfrule>
                <rbnfrule value="2">kahdennen;</rbnfrule>
                <rbnfrule value="3">=%spellout-ordinal-genitive=;</rbnfrule>
            </ruleset>
            <ruleset type="spellout-ordinal-genitive">
                <rbnfrule value="-x">miinus →→;</rbnfrule>
                <rbnfrule value="x.x">=#,##0.#=;</rbnfrule>
                <rbnfrule value="0">nollannen;</rbnfrule>
                <rbnfrule value="1">ensimmäisen;</rbnfrule>
                <rbnfrule value="2">toisen;</rbnfrule>
                <rbnfrule value="3">kolmannen;</rbnfrule>
                <rbnfrule value="4">neljännen;</rbnfrule>
                <rbnfrule value="5">viidennen;</rbnfrule>
                <rbnfrule value="6">kuudennen;</rbnfrule>
                <rbnfrule value="7">seitsemännen;</rbnfrule>
                <rbnfrule value="8">kahdeksannen;</rbnfrule>
                <rbnfrule value="9">yhdeksännen;</rbnfrule>
                <rbnfrule value="10">kymmenennen;</rbnfrule>
                <rbnfrule value="11">yhdennentoista;</rbnfrule>
                <rbnfrule value="12">kahdennentoista;</rbnfrule>
                <rbnfrule value="13">→→toista;</rbnfrule>
                <rbnfrule value="20">←%%spellout-ordinal-genitive-larger←­kymmenennen[­→→];</rbnfrule>
                <rbnfrule value="100">sadannen[­→→];</rbnfrule>
                <rbnfrule value="200">←%%spellout-ordinal-genitive-larger←­sadannen[­→→];</rbnfrule>
                <rbnfrule value="1000">tuhannennen[­→→];</rbnfrule>
                <rbnfrule value="2000">←%%spellout-ordinal-genitive-larger←­tuhannennen[­→→];</rbnfrule>
                <rbnfrule value="1000000">miljoonannen[­→→];</rbnfrule>
                <rbnfrule value="2000000">←%%spellout-ordinal-genitive-larger←­miljoonannen[­→→];</rbnfrule>
                <rbnfrule value="1000000000">miljardinnen[­→→];</rbnfrule>
                <rbnfrule value="2000000000">←%%spellout-ordinal-genitive-larger←­miljardinnen[­→→];</rbnfrule>
                <rbnfrule value="1000000000000">biljoonannen[ →→];</rbnfrule>
                <rbnfrule value="2000000000000">←%%spellout-ordinal-genitive-larger←­biljoonannen[ →→];</rbnfrule>
                <rbnfrule value="1000000000000000000">=#,##0=;</rbnfrule>
            </ruleset>
            <ruleset type="spellout-ordinal-partitive-larger" access="private">
                <rbnfrule value="0">;</rbnfrule>
                <rbnfrule value="2">kahdetta;</rbnfrule>
                <rbnfrule value="3">=%spellout-ordinal-partitive=;</rbnfrule>
            </ruleset>
            <ruleset type="spellout-ordinal-partitive">
                <rbnfrule value="-x">miinus →→;</rbnfrule>
                <rbnfrule value="x.x">=#,##0.#=;</rbnfrule>
                <rbnfrule value="0">nollatta;</rbnfrule>
                <rbnfrule value="1">ensimmäistä;</rbnfrule>
                <rbnfrule value="2">toista;</rbnfrule>
                <rbnfrule value="3">kolmatta;</rbnfrule>
                <rbnfrule value="4">neljättä;</rbnfrule>
                <rbnfrule value="5">viidettä;</rbnfrule>
                <rbnfrule value="6">kuudetta;</rbnfrule>
                <rbnfrule value="7">seitsemättä;</rbnfrule>
                <rbnfrule value="8">kahdeksatta;</rbnfrule>
                <rbnfrule value="9">yhdeksättä;</rbnfrule>
                <rbnfrule value="10">kymmenettä;</rbnfrule>
                <rbnfrule value="11">yhdettätoista;</rbnfrule>
                <rbnfrule value="12">kahdettatoista;</rbnfrule>
                <rbnfrule value="13">→→toista;</rbnfrule>
                <rbnfrule value="20">←%%spellout-ordinal-partitive-larger←­kymmenettä[­→→];</rbnfrule>
                <rbnfrule value="100">sadatta[­→→];</rbnfrule>
                <rbnfrule value="200">←%%spellout-ordinal-partitive-larger←­sadatta[­→→];</rbnfrule>
                <rbnfrule value="1000">tuhannetta[­→→];</rbnfrule>
                <rbnfrule value="2000">←%%spellout-ordinal-partitive-larger←­tuhannetta[­→→];</rbnfrule>
                <rbnfrule value="1000000">miljoonatta[­→→];</rbnfrule>
                <rbnfrule value="2000000">←%%spellout-ordinal-partitive-larger←­miljoonatta[­→→];</rbnfrule>
                <rbnfrule value="1000000000">miljarditta[­→→];</rbnfrule>
                <rbnfrule value="2000000000">←%%spellout-ordinal-partitive-larger←­miljarditta[­→→];</rbnfrule>
                <rbnfrule value="1000000000000">biljoonatta[ →→];</rbnfrule>
                <rbnfrule value="2000000000000">←%%spellout-ordinal-partitive-larger←­biljoonatta[ →→];</rbnfrule>
                <rbnfrule value="1000000000000000000">=#,##0=;</rbnfrule>
            </ruleset>
            <ruleset type="spellout-ordinal-essive-larger" access="private">
                <rbnfrule value="0">;</rbnfrule>
                <rbnfrule value="2">kahdentena;</rbnfrule>
                <rbnfrule value="3">=%spellout-ordinal-essive=;</rbnfrule>
            </ruleset>
            <ruleset type="spellout-ordinal-essive">
                <rbnfrule value="-x">miinus →→;</rbnfrule>
                <rbnfrule value="x.x">=#,##0.#=;</rbnfrule>
                <rbnfrule value="0">nollantena;</rbnfrule>
                <rbnfrule value="1">ensimmäisenä;</rbnfrule>
                <rbnfrule value="2">toisena;</rbnfrule>
                <rbnfrule value="3">kolmantena;</rbnfrule>
                <rbnfrule value="4">neljäntenä;</rbnfrule>
                <rbnfrule value="5">viidentenä;</rbnfrule>
                <rbnfrule value="6">kuudentena;</rbnfrule>
                <rbnfrule value="7">seitsemäntenä;</rbnfrule>
                <rbnfrule value="8">kahdeksantena;</rbnfrule>
                <rbnfrule value="9">yhdeksäntenä;</rbnfrule>
                <rbnfrule value="10">kymmenentenä;</rbnfrule>
                <rbnfrule value="11">yhdentenätoista;</rbnfrule>
                <rbnfrule value="12">kahdentenatoista;</rbnfrule>
                <rbnfrule value="13">→→toista;</rbnfrule>
                <rbnfrule value="20">←%%spellout-ordinal-essive-larger←­kymmenentenä[­→→];</rbnfrule>
                <rbnfrule value="100">sadantena[­→→];</rbnfrule>
                <rbnfrule value="200">←%%spellout-ordinal-essive-larger←­sadantena[­→→];</rbnfrule>
                <rbnfrule value="1000">tuhannentena[­→→];</rbnfrule>
                <rbnfrule value="2000">←%%spellout-ordinal-essive-larger←­tuhannentena[­→→];</rbnfrule>
                <rbnfrule value="1000000">miljoonantena[­→→];</rbnfrule>
                <rbnfrule value="2000000">←%%spellout-ordinal-essive-larger←­miljoonantena[­→→];</rbnfrule>
                <rbnfrule value="1000000000">miljardintena[­→→];</rbnfrule>
                <rbnfrule value="2000000000">←%%spellout-ordinal-essive-larger←­miljardintena[­→→];</rbnfrule>
                <rbnfrule value="1000000000000">biljoonantena[ →→];</rbnfrule>
                <rbnfrule value="2000000000000">←%%spellout-ordinal-essive-larger←­biljoonantena[ →→];</rbnfrule>
                <rbnfrule value="1000000000000000000">=#,##0=;</rbnfrule>
            </ruleset>
            <ruleset type="spellout-ordinal-translative-larger" access="private">
                <rbnfrule value="0">;</rbnfrule>
                <rbnfrule value="2">kahdenneksi;</rbnfrule>
                <rbnfrule value="3">=%spellout-ordinal-translative=;</rbnfrule>
            </ruleset>
            <ruleset type="spellout-ordinal-translative">
                <rbnfrule value="-x">miinus →→;</rbnfrule>
                <rbnfrule value="x.x">=#,##0.#=;</rbnfrule>
                <rbnfrule value="0">nollanneksi;</rbnfrule>
                <rbnfrule value="1">ensimmäiseksi;</rbnfrule>
                <rbnfrule value="2">toiseksi;</rbnfrule>
                <rbnfrule value="3">kolmanneksi;</rbnfrule>
                <rbnfrule value="4">neljänneksi;</rbnfrule>
                <rbnfrule value="5">viidenneksi;</rbnfrule>
                <rbnfrule value="6">kuudenneksi;</rbnfrule>
                <rbnfrule value="7">seitsemänneksi;</rbnfrule>
                <rbnfrule value="8">kahdeksanneksi;</rbnfrule>
                <rbnfrule value="9">yhdeksänneksi;</rbnfrule>
                <rbnfrule value="10">kymmenenneksi;</rbnfrule>
                <rbnfrule value="11">yhdenneksitoista;</rbnfrule>
                <rbnfrule value="12">kahdenneksitoista;</rbnfrule>
                <rbnfrule value="13">→→toista;</rbnfrule>
                <rbnfrule value="20">←%%spellout-ordinal-translative-larger←­kymmenenneksi[­→→];</rbnfrule>
                <rbnfrule value="100">sadanneksi[­→→];</rbnfrule>
                <rbnfrule value="200">←%%spellout-ordinal-translative-larger←­sadanneksi[­→→];</rbnfrule>
                <rbnfrule value="1000">tuhannenneksi[­→→];</rbnfrule>
                <rbnfrule value="2000">←%%spellout-ordinal-translative-larger←­tuhannenneksi[­→→];</rbnfrule>
                <rbnfrule value="1000000">miljoonanneksi[­→→];</rbnfrule>
                <rbnfrule value="2000000">←%%spellout-ordinal-translative-larger←­miljoonanneksi[­→→];</rbnfrule>
                <rbnfrule value="1000000000">miljardinneksi[­→→];</rbnfrule>
                <rbnfrule value="2000000000">←%%spellout-ordinal-translative-larger←­miljardinneksi[­→→];</rbnfrule>
                <rbnfrule value="1000000000000">biljoonanneksi[ →→];</rbnfrule>
                <rbnfrule value="2000000000000">←%%spellout-ordinal-translative-larger←­biljoonanneksi[ →→];</rbnfrule>
                <rbnfrule value="1000000000000000000">=#,##0=;</rbnfrule>
            </ruleset>
            <ruleset type="spellout-ordinal-inessive-larger" access="private">
                <rbnfrule value="0">;</rbnfrule>
                <rbnfrule value="2">kahdennessa;</rbnfrule>
                <rbnfrule value="3">=%spellout-ordinal-inessive=;</rbnfrule>
            </ruleset>
            <ruleset type="spellout-ordinal-inessive">
                <rbnfrule value="-x">miinus →→;</rbnfrule>
                <rbnfrule value="x.x">=#,##0.#=;</rbnfrule>
                <rbnfrule value="0">nollannessa;</rbnfrule>
                <rbnfrule value="1">ensimmäisessä;</rbnfrule>
                <rbnfrule value="2">toisessa;</rbnfrule>
                <rbnfrule value="3">kolmannessa;</rbnfrule>
                <rbnfrule value="4">neljännessä;</rbnfrule>
                <rbnfrule value="5">viidennessä;</rbnfrule>
                <rbnfrule value="6">kuudennessa;</rbnfrule>
                <rbnfrule value="7">seitsemännessä;</rbnfrule>
                <rbnfrule value="8">kahdeksannessa;</rbnfrule>
                <rbnfrule value="9">yhdeksännessä;</rbnfrule>
                <rbnfrule value="10">kymmenennessä;</rbnfrule>
                <rbnfrule value="11">yhdennessätoista;</rbnfrule>
                <rbnfrule value="12">kahdennessatoista;</rbnfrule>
                <rbnfrule value="13">→→toista;</rbnfrule>
                <rbnfrule value="20">←%%spellout-ordinal-inessive-larger←­kymmenennessä[­→→];</rbnfrule>
                <rbnfrule value="100">sadannessa[­→→];</rbnfrule>
                <rbnfrule value="200">←%%spellout-ordinal-inessive-larger←­sadannessa[­→→];</rbnfrule>
                <rbnfrule value="1000">tuhannennessa[­→→];</rbnfrule>
                <rbnfrule value="2000">←%%spellout-ordinal-inessive-larger←­tuhannennessa[­→→];</rbnfrule>
                <rbnfrule value="1000000">miljoonannessa[­→→];</rbnfrule>
                <rbnfrule value="2000000">←%%spellout-ordinal-inessive-larger←­miljoonannessa[­→→];</rbnfrule>
                <rbnfrule value="1000000000">miljardinnessa[­→→];</rbnfrule>
                <rbnfrule value="2000000000">←%%spellout-ordinal-inessive-larger←­miljardinnessa[­→→];</rbnfrule>
                <rbnfrule value="1000000000000">biljoonannessa[ →→];</rbnfrule>
                <rbnfrule value="2000000000000">←%%spellout-ordinal-inessive-larger←­biljoonannessa[ →→];</rbnfrule>
                <rbnfrule value="1000000000000000000">=#,##0=;</rbnfrule>
            </ruleset>
            <ruleset type="spellout-ordinal-elative-larger" access="private">
                <rbnfrule value="0">;</rbnfrule>
                <rbnfrule value="2">kahdennesta;</rbnfrule>
                <rbnfrule value="3">=%spellout-ordinal-elative=;</rbnfrule>
            </ruleset>
            <ruleset type="spellout-ordinal-elative">
                <rbnfrule value="-x">miinus →→;</rbnfrule>
                <rbnfrule value="x.x">=#,##0.#=;</rbnfrule>
                <rbnfrule value="0">nollannesta;</rbnfrule>
                <rbnfrule value="1">ensimmäisestä;</rbnfrule>
                <rbnfrule value="2">toisesta;</rbnfrule>
                <rbnfrule value="3">kolmannesta;</rbnfrule>
                <rbnfrule value="4">neljännestä;</rbnfrule>
                <rbnfrule value="5">viidennestä;</rbnfrule>
                <rbnfrule value="6">kuudennesta;</rbnfrule>
                <rbnfrule value="7">seitsemännestä;</rbnfrule>
                <rbnfrule value="8">kahdeksannesta;</rbnfrule>
                <rbnfrule value="9">yhdeksännestä;</rbnfrule>
                <rbnfrule value="10">kymmenennestä;</rbnfrule>
                <rbnfrule value="11">yhdennestätoista;</rbnfrule>
                <rbnfrule value="12">kahdennestatoista;</rbnfrule>
                <rbnfrule value="13">→→toista;</rbnfrule>
                <rbnfrule value="20">←%%spellout-ordinal-elative-larger←­kymmenennestä[­→→];</rbnfrule>
                <rbnfrule value="100">sadannesta[­→→];</rbnfrule>
                <rbnfrule value="200">←%%spellout-ordinal-elative-larger←­sadannesta[­→→];</rbnfrule>
                <rbnfrule value="1000">tuhannennesta[­→→];</rbnfrule>
                <rbnfrule value="2000">←%%spellout-ordinal-elative-larger←­tuhannennesta[­→→];</rbnfrule>
                <rbnfrule value="1000000">miljoonannesta[­→→];</rbnfrule>
                <rbnfrule value="2000000">←%%spellout-ordinal-elative-larger←­miljoonannesta[­→→];</rbnfrule>
                <rbnfrule value="1000000000">miljardinnesta[­→→];</rbnfrule>
                <rbnfrule value="2000000000">←%%spellout-ordinal-elative-larger←­miljardinnesta[­→→];</rbnfrule>
                <rbnfrule value="1000000000000">biljoonannesta[ →→];</rbnfrule>
                <rbnfrule value="2000000000000">←%%spellout-ordinal-elative-larger←­biljoonannesta[ →→];</rbnfrule>
                <rbnfrule value="1000000000000000000">=#,##0=;</rbnfrule>
            </ruleset>
            <ruleset type="spellout-ordinal-illative-larger" access="private">
                <rbnfrule value="0">;</rbnfrule>
                <rbnfrule value="2">kahdenteen;</rbnfrule>
                <rbnfrule value="3">=%spellout-ordinal-illative=;</rbnfrule>
            </ruleset>
            <ruleset type="spellout-ordinal-illative">
                <rbnfrule value="-x">miinus →→;</rbnfrule>
                <rbnfrule value="x.x">=#,##0.#=;</rbnfrule>
                <rbnfrule value="0">nollanteen;</rbnfrule>
                <rbnfrule value="1">ensimmäiseen;</rbnfrule>
                <rbnfrule value="2">toiseen;</rbnfrule>
                <rbnfrule value="3">kolmanteen;</rbnfrule>
                <rbnfrule value="4">neljänteen;</rbnfrule>
                <rbnfrule value="5">viidenteen;</rbnfrule>
                <rbnfrule value="6">kuudenteen;</rbnfrule>
                <rbnfrule value="7">seitsemänteen;</rbnfrule>
                <rbnfrule value="8">kahdeksanteen;</rbnfrule>
                <rbnfrule value="9">yhdeksänteen;</rbnfrule>
                <rbnfrule value="10">kymmenenteen;</rbnfrule>
                <rbnfrule value="11">yhdenteentoista;</rbnfrule>
                <rbnfrule value="12">kahdenteentoista;</rbnfrule>
                <rbnfrule value="13">→→toista;</rbnfrule>
                <rbnfrule value="20">←%%spellout-ordinal-illative-larger←­kymmenenteen[­→→];</rbnfrule>
                <rbnfrule value="100">sadanteen[­→→];</rbnfrule>
                <rbnfrule value="200">←%%spellout-ordinal-illative-larger←­sadanteen[­→→];</rbnfrule>
                <rbnfrule value="1000">tuhannenteen[­→→];</rbnfrule>
                <rbnfrule value="2000">←%%spellout-ordinal-illative-larger←­tuhannenteen[­→→];</rbnfrule>
                <rbnfrule value="1000000">miljoonanteen[­→→];</rbnfrule>
                <rbnfrule value="2000000">←%%spellout-ordinal-illative-larger←­miljoonanteen[­→→];</rbnfrule>
                <rbnfrule value="1000000000">miljardinteen[­→→];</rbnfrule>
                <rbnfrule value="2000000000">←%%spellout-ordinal-illative-larger←­miljardinteen[­→→];</rbnfrule>
                <rbnfrule value="1000000000000">biljoonanteen[ →→];</rbnfrule>
                <rbnfrule value="2000000000000">←%%spellout-ordinal-illative-larger←­biljoonanteen[ →→];</rbnfrule>
                <rbnfrule value="1000000000000000000">=#,##0=;</rbnfrule>
            </ruleset>
            <ruleset type="spellout-ordinal-adessive-larger" access="private">
                <rbnfrule value="0">;</rbnfrule>
                <rbnfrule value="2">kahdennella;</rbnfrule>
                <rbnfrule value="3">=%spellout-ordinal-adessive=;</rbnfrule>
            </ruleset>
            <ruleset type="spellout-ordinal-adessive">
                <rbnfrule value="-x">miinus →→;</rbnfrule>
                <rbnfrule value="x.x">=#,##0.#=;</rbnfrule>
                <rbnfrule value="0">nollannella;</rbnfrule>
                <rbnfrule value="1">ensimmäisellä;</rbnfrule>
                <rbnfrule value="2">toisella;</rbnfrule>
                <rbnfrule value="3">kolmannella;</rbnfrule>
                <rbnfrule value="4">neljännellä;</rbnfrule>
                <rbnfrule value="5">viidennellä;</rbnfrule>
                <rbnfrule value="6">kuudennella;</rbnfrule>
                <rbnfrule value="7">seitsemännellä;</rbnfrule>
                <rbnfrule value="8">kahdeksannella;</rbnfrule>
                <rbnfrule value="9">yhdeksännellä;</rbnfrule>
                <rbnfrule value="10">kymmenennellä;</rbnfrule>
                <rbnfrule value="11">yhdennellätoista;</rbnfrule>
                <rbnfrule value="12">kahdennellatoista;</rbnfrule>
                <rbnfrule value="13">→→toista;</rbnfrule>
                <rbnfrule value="20">←%%spellout-ordinal-adessive-larger←­kymmenennellä[­→→];</rbnfrule>
                <rbnfrule value="100">sadannella[­→→];</rbnfrule>
                <rbnfrule value="200">←%%spellout-ordinal-adessive-larger←­sadannella[­→→];</rbnfrule>
                <rbnfrule value="1000">tuhannennella[­→→];</rbnfrule>
                <rbnfrule value="2000">←%%spellout-ordinal-adessive-larger←­tuhannennella[­→→];</rbnfrule>
                <rbnfrule value="1000000">miljoonannella[­→→];</rbnfrule>
                <rbnfrule value="2000000">←%%spellout-ordinal-adessive-larger←­miljoonannella[­→→];</rbnfrule>
                <rbnfrule value="1000000000">miljardinnella[­→→];</rbnfrule>
                <rbnfrule value="2000000000">←%%spellout-ordinal-adessive-larger←­miljardinnella[­→→];</rbnfrule>
                <rbnfrule value="1000000000000">biljoonannella[ →→];</rbnfrule>
                <rbnfrule value="2000000000000">←%%spellout-ordinal-adessive-larger←­biljoonannella[ →→];</rbnfrule>
                <rbnfrule value="1000000000000000000">=#,##0=;</rbnfrule>
            </ruleset>
            <ruleset type="spellout-ordinal-ablative-larger" access="private">
                <rbnfrule value="0">;</rbnfrule>
                <rbnfrule value="2">kahdennelta;</rbnfrule>
                <rbnfrule value="3">=%spellout-ordinal-ablative=;</rbnfrule>
            </ruleset>
            <ruleset type="spellout-ordinal-ablative">
                <rbnfrule value="-x">miinus →→;</rbnfrule>
                <rbnfrule value="x.x">=#,##0.#=;</rbnfrule>
                <rbnfrule value="0">nollannelta;</rbnfrule>
                <rbnfrule value="1">ensimmäiseltä;</rbnfrule>
                <rbnfrule value="2">toiselta;</rbnfrule>
                <rbnfrule value="3">kolmannelta;</rbnfrule>
                <rbnfrule value="4">neljänneltä;</rbnfrule>
                <rbnfrule value="5">viidenneltä;</rbnfrule>
                <rbnfrule value="6">kuudennelta;</rbnfrule>
                <rbnfrule value="7">seitsemänneltä;</rbnfrule>
                <rbnfrule value="8">kahdeksannelta;</rbnfrule>
                <rbnfrule value="9">yhdeksänneltä;</rbnfrule>
                <rbnfrule value="10">kymmenenneltä;</rbnfrule>
                <rbnfrule value="11">yhdenneltätoista;</rbnfrule>
                <rbnfrule value="12">kahdenneltatoista;</rbnfrule>
                <rbnfrule value="13">→→toista;</rbnfrule>
                <rbnfrule value="20">←%%spellout-ordinal-ablative-larger←­kymmenenneltä[­→→];</rbnfrule>
                <rbnfrule value="100">sadannelta[­→→];</rbnfrule>
                <rbnfrule value="200">←%%spellout-ordinal-ablative-larger←­sadannelta[­→→];</rbnfrule>
                <rbnfrule value="1000">tuhannennelta[­→→];</rbnfrule>
                <rbnfrule value="2000">←%%spellout-ordinal-ablative-larger←­tuhannennelta[­→→];</rbnfrule>
                <rbnfrule value="1000000">miljoonannelta[­→→];</rbnfrule>
                <rbnfrule value="2000000">←%%spellout-ordinal-ablative-larger←­miljoonannelta[­→→];</rbnfrule>
                <rbnfrule value="1000000000">miljardinnelta[­→→];</rbnfrule>
                <rbnfrule value="2000000000">←%%spellout-ordinal-ablative-larger←­miljardinnelta[­→→];</rbnfrule>
                <rbnfrule value="1000000000000">biljoonannelta[ →→];</rbnfrule>
                <rbnfrule value="2000000000000">←%%spellout-ordinal-ablative-larger←­biljoonannelta[ →→];</rbnfrule>
                <rbnfrule value="1000000000000000000">=#,##0=;</rbnfrule>
            </ruleset>
            <ruleset type="spellout-ordinal-allative-larger" access="private">
                <rbnfrule value="0">;</rbnfrule>
                <rbnfrule value="2">kahdennelle;</rbnfrule>
                <rbnfrule value="3">=%spellout-ordinal-allative=;</rbnfrule>
            </ruleset>
            <ruleset type="spellout-ordinal-allative">
                <rbnfrule value="-x">miinus →→;</rbnfrule>
                <rbnfrule value="x.x">=#,##0.#=;</rbnfrule>
                <rbnfrule value="0">nollannelle;</rbnfrule>
                <rbnfrule value="1">ensimmäiselle;</rbnfrule>
                <rbnfrule value="2">toiselle;</rbnfrule>
                <rbnfrule value="3">kolmannelle;</rbnfrule>
                <rbnfrule value="4">neljännelle;</rbnfrule>
                <rbnfrule value="5">viidennelle;</rbnfrule>
                <rbnfrule value="6">kuudennelle;</rbnfrule>
                <rbnfrule value="7">seitsemännelle;</rbnfrule>
                <rbnfrule value="8">kahdeksannelle;</rbnfrule>
                <rbnfrule value="9">yhdeksännelle;</rbnfrule>
                <rbnfrule value="10">kymmenennelle;</rbnfrule>
                <rbnfrule value="11">yhdennelletoista;</rbnfrule>
                <rbnfrule value="12">kahdennelletoista;</rbnfrule>
                <rbnfrule value="13">→→toista;</rbnfrule>
                <rbnfrule value="20">←%%spellout-ordinal-allative-larger←­kymmenennelle[­→→];</rbnfrule>
                <rbnfrule value="100">sadannelle[­→→];</rbnfrule>
                <rbnfrule value="200">←%%spellout-ordinal-allative-larger←­sadannelle[­→→];</rbnfrule>
                <rbnfrule value="1000">tuhannennelle[­→→];</rbnfrule>
                <rbnfrule value="2000">←%%spellout-ordinal-allative-larger←­tuhannennelle[­→→];</rbnfrule>
                <rbnfrule value="1000000">miljoonannelle[­→→];</rbnfrule>
                <rbnfrule value="2000000">←%%spellout-ordinal-allative-larger←­miljoonannelle[­→→];</rbnfrule>
                <rbnfrule value="1000000000">miljardinnelle[­→→];</rbnfrule>
                <rbnfrule value="2000000000">←%%spellout-ordinal-allative-larger←­miljardinnelle[­→→];</rbnfrule>
                <rbnfrule value="1000000000000">biljoonannelle[ →→];</rbnfrule>
                <rbnfrule value="2000000000000">←%%spellout-ordinal-allative-larger←­biljoonannelle[ →→];</rbnfrule>
                <rbnfrule value="1000000000000000000">=#,##0=;</rbnfrule>
            </ruleset>
            <ruleset type="spellout-ordinal-genitive-plural-larger" access="private">
                <rbnfrule value="0">;</rbnfrule>
                <rbnfrule value="2">kahdensien;</rbnfrule>
                <rbnfrule value="3">=%spellout-ordinal-genitive-plural=;</rbnfrule>
            </ruleset>
            <ruleset type="spellout-ordinal-genitive-plural">
                <rbnfrule value="-x">miinus →→;</rbnfrule>
                <rbnfrule value="x.x">=#,##0.#=;</rbnfrule>
                <rbnfrule value="0">nollansien;</rbnfrule>
                <rbnfrule value="1">ensimmäisten;</rbnfrule>
                <rbnfrule value="2">toisten;</rbnfrule>
                <rbnfrule value="3">kolmansien;</rbnfrule>
                <rbnfrule value="4">neljänsien;</rbnfrule>
                <rbnfrule value="5">viidensien;</rbnfrule>
                <rbnfrule value="6">kuudensien;</rbnfrule>
                <rbnfrule value="7">seitsemänsien;</rbnfrule>
                <rbnfrule value="8">kahdeksansien;</rbnfrule>
                <rbnfrule value="9">yhdeksänsien;</rbnfrule>
                <rbnfrule value="10">kymmenensien;</rbnfrule>
                <rbnfrule value="11">yhdensientoista;</rbnfrule>
                <rbnfrule value="12">kahdensientoista;</rbnfrule>
                <rbnfrule value="13">→→toista;</rbnfrule>
                <rbnfrule value="20">←%%spellout-ordinal-genitive-plural-larger←­kymmenensien[­→→];</rbnfrule>
                <rbnfrule value="100">sadansien[­→→];</rbnfrule>
                <rbnfrule value="200">←%%spellout-ordinal-genitive-plural-larger←­sadansien[­→→];</rbnfrule>
                <rbnfrule value="1000">tuhannensien[­→→];</rbnfrule>
                <rbnfrule value="2000">←%%spellout-ordinal-genitive-plural-larger←­tuhannensien[­→→];</rbnfrule>
                <rbnfrule value="1000000">miljoonansien[­→→];</rbnfrule>
                <rbnfrule value="2000000">←%%spellout-ordinal-genitive-plural-larger←­miljoonansien[­→→];</rbnfrule>
                <rbnfrule value="1000000000">miljardinsien[­→→];</rbnfrule>
                <rbnfrule value="2000000000">←%%spellout-ordinal-genitive-plural-larger←­miljardinsien[­→→];</rbnfrule>
                <rbnfrule value="1000000000000">biljoonansien[ →→];</rbnfrule>
                <rbnfrule value="2000000000000">←%%spellout-ordinal-genitive-plural-larger←­biljoonansien[ →→];</rbnfrule>
                <rbnfrule value="1000000000000000000">=#,##0=;</rbnfrule>
            </ruleset>
            <ruleset type="spellout-ordinal-partitive-plural-larger" access="private">
                <rbnfrule value="0">;</rbnfrule>
                <rbnfrule value="2">kahdensia;</rbnfrule>
                <rbnfrule value="3">=%spellout-ordinal-partitive-plural=;</rbnfrule>
            </ruleset>
            <ruleset type="spellout-ordinal-partitive-plural">
                <rbnfrule value="-x">miinus →→;</rbnfrule>
                <rbnfrule value="x.x">=#,##0.#=;</rbnfrule>
                <rbnfrule value="0">nollansia;</rbnfrule>
                <rbnfrule value="1">ensimmäisiä;</rbnfrule>
                <rbnfrule value="2">toisia;</rbnfrule>
                <rbnfrule value="3">kolmansia;</rbnfrule>
                <rbnfrule value="4">neljänsiä;</rbnfrule>
                <rbnfrule value="5">viidensiä;</rbnfrule>
                <rbnfrule value="6">kuudensia;</rbnfrule>
                <rbnfrule value="7">seitsemänsiä;</rbnfrule>
                <rbnfrule value="8">kahdeksansia;</rbnfrule>
                <rbnfrule value="9">yhdeksänsiä;</rbnfrule>
                <rbnfrule value="10">kymmenensiä;</rbnfrule>
                <rbnfrule value="11">yhdensiätoista;</rbnfrule>
                <rbnfrule value="12">kahdensiatoista;</rbnfrule>
                <rbnfrule value="13">→→toista;</rbnfrule>
                <rbnfrule value="20">←%%spellout-ordinal-partitive-plural-larger←­kymmenensiä[­→→];</rbnfrule>
                <rbnfrule value="100">sadansia[­→→];</rbnfrule>
                <rbnfrule value="200">←%%spellout-ordinal-partitive-plural-larger←­sadansia[­→→];</rbnfrule>
                <rbnfrule value="1000">tuhannensia[­→→];</rbnfrule>
                <rbnfrule value="2000">←%%spellout-ordinal-partitive-plural-larger←­tuhannensia[­→→];</rbnfrule>
                <rbnfrule value="1000000">miljoonansia[­→→];</rbnfrule>
                <rbnfrule value="2000000">←%%spellout-ordinal-partitive-plural-larger←­miljoonansia[­→→];</rbnfrule>
                <rbnfrule value="1000000000">miljardinsia[­→→];</rbnfrule>
                <rbnfrule value="2000000000">←%%spellout-ordinal-partitive-plural-larger←­miljardinsia[­→→];</rbnfrule>
                <rbnfrule value="1000000000000">biljoonansia[ →→];</rbnfrule>
                <rbnfrule value="2000000000000">←%%spellout-ordinal-partitive-plural-larger←­biljoonansia[ →→];</rbnfrule>
                <rbnfrule value="1000000000000000000">=#,##0=;</rbnfrule>
            </ruleset>
            <ruleset type="spellout-ordinal-essive-plural-larger" access="private">
                <rbnfrule value="0">;</rbnfrule>
                <rbnfrule value="2">kahdensina;</rbnfrule>
                <rbnfrule value="3">=%spellout-ordinal-essive-plural=;</rbnfrule>
            </ruleset>
            <ruleset type="spellout-ordinal-essive-plural">
                <rbnfrule value="-x">miinus →→;</rbnfrule>
                <rbnfrule value="x.x">=#,##0.#=;</rbnfrule>
                <rbnfrule value="0">nollansina;</rbnfrule>
                <rbnfrule value="1">ensimmäisinä;</rbnfrule>
                <rbnfrule value="2">toisina;</rbnfrule>
                <rbnfrule value="3">kolmansina;</rbnfrule>
                <rbnfrule value="4">neljänsinä;</rbnfrule>
                <rbnfrule value="5">viidensinä;</rbnfrule>
                <rbnfrule value="6">kuudensina;</rbnfrule>
                <rbnfrule value="7">seitsemänsinä;</rbnfrule>
                <rbnfrule value="8">kahdeksansina;</rbnfrule>
                <rbnfrule value="9">yhdeksänsinä;</rbnfrule>
                <rbnfrule value="10">kymmenensinä;</rbnfrule>
                <rbnfrule value="11">yhdensinätoista;</rbnfrule>
                <rbnfrule value="12">kahdensinatoista;</rbnfrule>
                <rbnfrule value="13">→→toista;</rbnfrule>
                <rbnfrule value="20">←%%spellout-ordinal-essive-plural-larger←­kymmenensinä[­→→];</rbnfrule>
                <rbnfrule value="100">sadansina[­→→];</rbnfrule>
                <rbnfrule value="200">←%%spellout-ordinal-essive-plural-larger←­sadansina[­→→];</rbnfrule>
                <rbnfrule value="1000">tuhannensina[­→→];</rbnfrule>
                <rbnfrule value="2000">←%%spellout-ordinal-essive-plural-larger←­tuhannensina[­→→];</rbnfrule>
                <rbnfrule value="1000000">miljoonansina[­→→];</rbnfrule>
                <rbnfrule value="2000000">←%%spellout-ordinal-essive-plural-larger←­miljoonansina[­→→];</rbnfrule>
                <rbnfrule value="1000000000">miljardinsina[­→→];</rbnfrule>
                <rbnfrule value="2000000000">←%%spellout-ordinal-essive-plural-larger←­miljardinsina[­→→];</rbnfrule>
                <rbnfrule value="1000000000000">biljoonansina[ →→];</rbnfrule>
                <rbnfrule value="2000000000000">←%%spellout-ordinal-essive-plural-larger←­biljoonansina[ →→];</rbnfrule>
                <rbnfrule value="1000000000000000000">=#,##0=;</rbnfrule>
            </ruleset>
            <ruleset type="spellout-ordinal-translative-plural-larger" access="private">
                <rbnfrule value="0">;</rbnfrule>
                <rbnfrule value="2">kahdensiksi;</rbnfrule>
                <rbnfrule value="3">=%spellout-ordinal-translative-plural=;</rbnfrule>
            </ruleset>
            <ruleset type="spellout-ordinal-translative-plural">
                <rbnfrule value="-x">miinus →→;</rbnfrule>
                <rbnfrule value="x.x">=#,##0.#=;</rbnfrule>
                <rbnfrule value="0">nollansiksi;</rbnfrule>
                <rbnfrule value="1">ensimmäisiksi;</rbnfrule>
                <rbnfrule value="2">toisiksi;</rbnfrule>
                <rbnfrule value="3">kolmansiksi;</rbnfrule>
                <rbnfrule value="4">neljänsiksi;</rbnfrule>
                <rbnfrule value="5">viidensiksi;</rbnfrule>
                <rbnfrule value="6">kuudensiksi;</rbnfrule>
                <rbnfrule value="7">seitsemänsiksi;</rbnfrule>
                <rbnfrule value="8">kahdeksansiksi;</rbnfrule>
                <rbnfrule value="9">yhdeksänsiksi;</rbnfrule>
                <rbnfrule value="10">kymmenensiksi;</rbnfrule>
                <rbnfrule value="11">yhdensiksitoista;</rbnfrule>
                <rbnfrule value="12">kahdensiksitoista;</rbnfrule>
                <rbnfrule value="13">→→toista;</rbnfrule>
                <rbnfrule value="20">←%%spellout-ordinal-translative-plural-larger←­kymmenensiksi[­→→];</rbnfrule>
                <rbnfrule value="100">sadansiksi[­→→];</rbnfrule>
                <rbnfrule value="200">←%%spellout-ordinal-translative-plural-larger←­sadansiksi[­→→];</rbnfrule>
                <rbnfrule value="1000">tuhannensiksi[­→→];</rbnfrule>
                <rbnfrule value="2000">←%%spellout-ordinal-translative-plural-larger←­tuhannensiksi[­→→];</rbnfrule>
                <rbnfrule value="1000000">miljoonansiksi[­→→];</rbnfrule>
                <rbnfrule value="2000000">←%%spellout-ordinal-translative-plural-larger←­miljoonansiksi[­→→];</rbnfrule>
                <rbnfrule value="1000000000">miljardinsiksi[­→→];</rbnfrule>
                <rbnfrule value="2000000000">←%%spellout-ordinal-translative-plural-larger←­miljardinsiksi[­→→];</rbnfrule>
                <rbnfrule value="1000000000000">biljoonansiksi[ →→];</rbnfrule>
                <rbnfrule value="2000000000000">←%%spellout-ordinal-translative-plural-larger←­biljoonansiksi[ →→];</rbnfrule>
                <rbnfrule value="1000000000000000000">=#,##0=;</rbnfrule>
            </ruleset>
            <ruleset type="spellout-ordinal-inessive-plural-larger" access="private">
                <rbnfrule value="0">;</rbnfrule>
                <rbnfrule value="2">kahdensissa;</rbnfrule>
                <rbnfrule value="3">=%spellout-ordinal-inessive-plural=;</rbnfrule>
            </ruleset>
            <ruleset type="spellout-ordinal-inessive-plural">
                <rbnfrule value="-x">miinus →→;</rbnfrule>
                <rbnfrule value="x.x">=#,##0.#=;</rbnfrule>
                <rbnfrule value="0">nollansissa;</rbnfrule>
                <rbnfrule value="1">ensimmäisissä;</rbnfrule>
                <rbnfrule value="2">toisissa;</rbnfrule>
                <rbnfrule value="3">kolmansissa;</rbnfrule>
                <rbnfrule value="4">neljänsissä;</rbnfrule>
                <rbnfrule value="5">viidensissä;</rbnfrule>
                <rbnfrule value="6">kuudensissa;</rbnfrule>
                <rbnfrule value="7">seitsemänsissä;</rbnfrule>
                <rbnfrule value="8">kahdeksansissa;</rbnfrule>
                <rbnfrule value="9">yhdeksänsissä;</rbnfrule>
                <rbnfrule value="10">kymmenensissä;</rbnfrule>
                <rbnfrule value="11">yhdensissätoista;</rbnfrule>
                <rbnfrule value="12">kahdensissatoista;</rbnfrule>
                <rbnfrule value="13">→→toista;</rbnfrule>
                <rbnfrule value="20">←%%spellout-ordinal-inessive-plural-larger←­kymmenensissä[­→→];</rbnfrule>
                <rbnfrule value="100">sadansissa[­→→];</rbnfrule>
                <rbnfrule value="200">←%%spellout-ordinal-inessive-plural-larger←­sadansissa[­→→];</rbnfrule>
                <rbnfrule value="1000">tuhannensissa[­→→];</rbnfrule>
                <rbnfrule value="2000">←%%spellout-ordinal-inessive-plural-larger←­tuhannensissa[­→→];</rbnfrule>
                <rbnfrule value="1000000">miljoonansissa[­→→];</rbnfrule>
                <rbnfrule value="2000000">←%%spellout-ordinal-inessive-plural-larger←­miljoonansissa[­→→];</rbnfrule>
                <rbnfrule value="1000000000">miljardinsissa[­→→];</rbnfrule>
                <rbnfrule value="2000000000">←%%spellout-ordinal-inessive-plural-larger←­miljardinsissa[­→→];</rbnfrule>
                <rbnfrule value="1000000000000">biljoonansissa[ →→];</rbnfrule>
                <rbnfrule value="2000000000000">←%%spellout-ordinal-inessive-plural-larger←­biljoonansissa[ →→];</rbnfrule>
                <rbnfrule value="1000000000000000000">=#,##0=;</rbnfrule>
            </ruleset>
            <ruleset type="spellout-ordinal-elative-plural-larger" access="private">
                <rbnfrule value="0">;</rbnfrule>
                <rbnfrule value="2">kahdensista;</rbnfrule>
                <rbnfrule value="3">=%spellout-ordinal-elative-plural=;</rbnfrule>
            </ruleset>
            <ruleset type="spellout-ordinal-elative-plural">
                <rbnfrule value="-x">miinus →→;</rbnfrule>
                <rbnfrule value="x.x">=#,##0.#=;</rbnfrule>
                <rbnfrule value="0">nollansista;</rbnfrule>
                <rbnfrule value="1">ensimmäisistä;</rbnfrule>
                <rbnfrule value="2">toisista;</rbnfrule>
                <rbnfrule value="3">kolmansista;</rbnfrule>
                <rbnfrule value="4">neljänsistä;</rbnfrule>
                <rbnfrule value="5">viidensistä;</rbnfrule>
                <rbnfrule value="6">kuudensista;</rbnfrule>
                <rbnfrule value="7">seitsemänsistä;</rbnfrule>
                <rbnfrule value="8">kahdeksansista;</rbnfrule>
                <rbnfrule value="9">yhdeksänsistä;</rbnfrule>
                <rbnfrule value="10">kymmenensistä;</rbnfrule>
                <rbnfrule value="11">yhdensistätoista;</rbnfrule>
                <rbnfrule value="12">kahdensistatoista;</rbnfrule>
                <rbnfrule value="13">→→toista;</rbnfrule>
                <rbnfrule value="20">←%%spellout-ordinal-elative-plural-larger←­kymmenensistä[­→→];</rbnfrule>
                <rbnfrule value="100">sadansista[­→→];</rbnfrule>
                <rbnfrule value="200">←%%spellout-ordinal-elative-plural-larger←­sadansista[­→→];</rbnfrule>
                <rbnfrule value="1000">tuhannensista[­→→];</rbnfrule>
                <rbnfrule value="2000">←%%spellout-ordinal-elative-plural-larger←­tuhannensista[­→→];</rbnfrule>
                <rbnfrule value="1000000">miljoonansista[­→→];</rbnfrule>
                <rbnfrule value="2000000">←%%spellout-ordinal-elative-plural-larger←­miljoonansista[­→→];</rbnfrule>
                <rbnfrule value="1000000000">miljardinsista[­→→];</rbnfrule>
                <rbnfrule value="2000000000">←%%spellout-ordinal-elative-plural-larger←­miljardinsista[­→→];</rbnfrule>
                <rbnfrule value="1000000000000">biljoonansista[ →→];</rbnfrule>
                <rbnfrule value="2000000000000">←%%spellout-ordinal-elative-plural-larger←­biljoonansista[ →→];</rbnfrule>
                <rbnfrule value="1000000000000000000">=#,##0=;</rbnfrule>
            </ruleset>
            <ruleset type="spellout-ordinal-illative-plural-larger" access="private">
                <rbnfrule value="0">;</rbnfrule>
                <rbnfrule value="2">kahdensiin;</rbnfrule>
                <rbnfrule value="3">=%spellout-ordinal-illative-plural=;</rbnfrule>
            </ruleset>
            <ruleset type="spellout-ordinal-illative-plural">
                <rbnfrule value="-x">miinus →→;</rbnfrule>
                <rbnfrule value="x.x">=#,##0.#=;</rbnfrule>
                <rbnfrule value="0">nollansiin;</rbnfrule>
                <rbnfrule value="1">ensimmäisiin;</rbnfrule>
                <rbnfrule value="2">toisiin;</rbnfrule>
                <rbnfrule value="3">kolmansiin;</rbnfrule>
                <rbnfrule value="4">neljänsiin;</rbnfrule>
                <rbnfrule value="5">viidensiin;</rbnfrule>
                <rbnfrule value="6">kuudensiin;</rbnfrule>
                <rbnfrule value="7">seitsemänsiin;</rbnfrule>
                <rbnfrule value="8">kahdeksansiin;</rbnfrule>
                <rbnfrule value="9">yhdeksänsiin;</rbnfrule>
                <rbnfrule value="10">kymmenensiin;</rbnfrule>
                <rbnfrule value="11">yhdensiintoista;</rbnfrule>
                <rbnfrule value="12">kahdensiintoista;</rbnfrule>
                <rbnfrule value="13">→→toista;</rbnfrule>
                <rbnfrule value="20">←%%spellout-ordinal-illative-plural-larger←­kymmenensiin[­→→];</rbnfrule>
                <rbnfrule value="100">sadansiin[­→→];</rbnfrule>
                <rbnfrule value="200">←%%spellout-ordinal-illative-plural-larger←­sadansiin[­→→];</rbnfrule>
                <rbnfrule value="1000">tuhannensiin[­→→];</rbnfrule>
                <rbnfrule value="2000">←%%spellout-ordinal-illative-plural-larger←­tuhannensiin[­→→];</rbnfrule>
                <rbnfrule value="1000000">miljoonansiin[­→→];</rbnfrule>
                <rbnfrule value="2000000">←%%spellout-ordinal-illative-plural-larger←­miljoonansiin[­→→];</rbnfrule>
                <rbnfrule value="1000000000">miljardinsiin[­→→];</rbnfrule>
                <rbnfrule value="2000000000">←%%spellout-ordinal-illative-plural-larger←­miljardinsiin[­→→];</rbnfrule>
                <rbnfrule value="1000000000000">biljoonansiin[ →→];</rbnfrule>
                <rbnfrule value="2000000000000">←%%spellout-ordinal-illative-plural-larger←­biljoonansiin[ →→];</rbnfrule>
                <rbnfrule value="1000000000000000000">=#,##0=;</rbnfrule>
            </ruleset>
            <ruleset type="spellout-ordinal-adessive-plural-larger" access="private">
                <rbnfrule value="0">;</rbnfrule>
                <rbnfrule value="2">kahdennilla;</rbnfrule>
                <rbnfrule value="3">=%spellout-ordinal-adessive-plural=;</rbnfrule>
            </ruleset>
            <ruleset type="spellout-ordinal-adessive-plural">
                <rbnfrule value="-x">miinus →→;</rbnfrule>
                <rbnfrule value="x.x">=#,##0.#=;</rbnfrule>
                <rbnfrule value="0">nollannilla;</rbnfrule>
                <rbnfrule value="1">ensimmäisillä;</rbnfrule>
                <rbnfrule value="2">toisilla;</rbnfrule>
                <rbnfrule value="3">kolmannilla;</rbnfrule>
                <rbnfrule value="4">neljännillä;</rbnfrule>
                <rbnfrule value="5">viidennillä;</rbnfrule>
                <rbnfrule value="6">kuudennilla;</rbnfrule>
                <rbnfrule value="7">seitsemännillä;</rbnfrule>
                <rbnfrule value="8">kahdeksannilla;</rbnfrule>
                <rbnfrule value="9">yhdeksännillä;</rbnfrule>
                <rbnfrule value="10">kymmenennillä;</rbnfrule>
                <rbnfrule value="11">yhdennillätoista;</rbnfrule>
                <rbnfrule value="12">kahdennillatoista;</rbnfrule>
                <rbnfrule value="13">→→toista;</rbnfrule>
                <rbnfrule value="20">←%%spellout-ordinal-adessive-plural-larger←­kymmenennillä[­→→];</rbnfrule>
                <rbnfrule value="100">sadannilla[­→→];</rbnfrule>
                <rbnfrule value="200">←%%spellout-ordinal-adessive-plural-larger←­sadannilla[­→→];</rbnfrule>
                <rbnfrule value="1000">tuhannennilla[­→→];</rbnfrule>
                <rbnfrule value="2000">←%%spellout-ordinal-adessive-plural-larger←­tuhannennilla[­→→];</rbnfrule>
                <rbnfrule value="1000000">miljoonannilla[­→→];</rbnfrule>
                <rbnfrule value="2000000">←%%spellout-ordinal-adessive-plural-larger←­miljoonannilla[­→→];</rbnfrule>
                <rbnfrule value="1000000000">miljardinnilla[­→→];</rbnfrule>
                <rbnfrule value="2000000000">←%%spellout-ordinal-adessive-plural-larger←­miljardinnilla[­→→];</rbnfrule>
                <rbnfrule value="1000000000000">biljoonannilla[ →→];</rbnfrule>
                <rbnfrule value="2000000000000">←%%spellout-ordinal-adessive-plural-larger←­biljoonannilla[ →→];</rbnfrule>
                <rbnfrule value="1000000000000000000">=#,##0=;</rbnfrule>
            </ruleset>
            <ruleset type="spellout-ordinal-ablative-plural-larger" access="private">
                <rbnfrule value="0">;</rbnfrule>
                <rbnfrule value="2">kahdennilta;</rbnfrule>
                <rbnfrule value="3">=%spellout-ordinal-ablative-plural=;</rbnfrule>
            </ruleset>
            <ruleset type="spellout-ordinal-ablative-plural">
                <rbnfrule value="-x">miinus →→;</rbnfrule>
                <rbnfrule value="x.x">=#,##0.#=;</rbnfrule>
                <rbnfrule value="0">nollannilta;</rbnfrule>
                <rbnfrule value="1">ensimmäisiltä;</rbnfrule>
                <rbnfrule value="2">toisilta;</rbnfrule>
                <rbnfrule value="3">kolmannilta;</rbnfrule>
                <rbnfrule value="4">neljänniltä;</rbnfrule>
                <rbnfrule value="5">viidenniltä;</rbnfrule>
                <rbnfrule value="6">kuudennilta;</rbnfrule>
                <rbnfrule value="7">seitsemänniltä;</rbnfrule>
                <rbnfrule value="8">kahdeksannilta;</rbnfrule>
                <rbnfrule value="9">yhdeksänniltä;</rbnfrule>
                <rbnfrule value="10">kymmenenniltä;</rbnfrule>
                <rbnfrule value="11">yhdenniltätoista;</rbnfrule>
                <rbnfrule value="12">kahdenniltatoista;</rbnfrule>
                <rbnfrule value="13">→→toista;</rbnfrule>
                <rbnfrule value="20">←%%spellout-ordinal-ablative-plural-larger←­kymmenenniltä[­→→];</rbnfrule>
                <rbnfrule value="100">sadannilta[­→→];</rbnfrule>
                <rbnfrule value="200">←%%spellout-ordinal-ablative-plural-larger←­sadannilta[­→→];</rbnfrule>
                <rbnfrule value="1000">tuhannennilta[­→→];</rbnfrule>
                <rbnfrule value="2000">←%%spellout-ordinal-ablative-plural-larger←­tuhannennilta[­→→];</rbnfrule>
                <rbnfrule value="1000000">miljoonannilta[­→→];</rbnfrule>
                <rbnfrule value="2000000">←%%spellout-ordinal-ablative-plural-larger←­miljoonannilta[­→→];</rbnfrule>
                <rbnfrule value="1000000000">miljardinnilta[­→→];</rbnfrule>
                <rbnfrule value="2000000000">←%%spellout-ordinal-ablative-plural-larger←­miljardinnilta[­→→];</rbnfrule>
                <rbnfrule value="1000000000000">biljoonannilta[ →→];</rbnfrule>
                <rbnfrule value="2000000000000">←%%spellout-ordinal-ablative-plural-larger←­biljoonannilta[ →→];</rbnfrule>
                <rbnfrule value="1000000000000000000">=#,##0=;</rbnfrule>
            </ruleset>
            <ruleset type="spellout-ordinal-allative-plural-larger" access="private">
                <rbnfrule value="0">;</rbnfrule>
                <rbnfrule value="2">kahdennille;</rbnfrule>
                <rbnfrule value="3">=%spellout-ordinal-allative-plural=;</rbnfrule>
            </ruleset>
            <ruleset type="spellout-ordinal-allative-plural">
                <rbnfrule value="-x">miinus →→;</rbnfrule>
                <rbnfrule value="x.x">=#,##0.#=;</rbnfrule>
                <rbnfrule value="0">nollannille;</rbnfrule>
                <rbnfrule value="1">ensimmäisille;</rbnfrule>
                <rbnfrule value="2">toisille;</rbnfrule>
                <rbnfrule value="3">kolmannille;</rbnfrule>
                <rbnfrule value="4">neljännille;</rbnfrule>
                <rbnfrule value="5">viidennille;</rbnfrule>
                <rbnfrule value="6">kuudennille;</rbnfrule>
                <rbnfrule value="7">seitsemännille;</rbnfrule>
                <rbnfrule value="8">kahdeksannille;</rbnfrule>
                <rbnfrule value="9">yhdeksännille;</rbnfrule>
                <rbnfrule value="10">kymmenennille;</rbnfrule>
                <rbnfrule value="11">yhdennilletoista;</rbnfrule>
                <rbnfrule value="12">kahdennilletoista;</rbnfrule>
                <rbnfrule value="13">→→toista;</rbnfrule>
                <rbnfrule value="20">←%%spellout-ordinal-allative-plural-larger←­kymmenennille[­→→];</rbnfrule>
                <rbnfrule value="100">sadannille[­→→];</rbnfrule>
                <rbnfrule value="200">←%%spellout-ordinal-allative-plural-larger←­sadannille[­→→];</rbnfrule>
                <rbnfrule value="1000">tuhannennille[­→→];</rbnfrule>
                <rbnfrule value="2000">←%%spellout-ordinal-allative-plural-larger←­tuhannennille[­→→];</rbnfrule>
                <rbnfrule value="1000000">miljoonannille[­→→];</rbnfrule>
                <rbnfrule value="2000000">←%%spellout-ordinal-allative-plural-larger←­miljoonannille[­→→];</rbnfrule>
                <rbnfrule value="1000000000">miljardinnille[­→→];</rbnfrule>
                <rbnfrule value="2000000000">←%%spellout-ordinal-allative-plural-larger←­miljardinnille[­→→];</rbnfrule>
                <rbnfrule value="1000000000000">biljoonannille[ →→];</rbnfrule>
                <rbnfrule value="2000000000000">←%%spellout-ordinal-allative-plural-larger←­biljoonannille[ →→];</rbnfrule>
                <rbnfrule value="1000000000000000000">=#,##0=;</rbnfrule>
            </ruleset>
        </rulesetGrouping>
    </rbnf>
</ldml>
