<?xml version="1.0" encoding="UTF-8" ?>
<!DOCTYPE ldml SYSTEM "../../common/dtd/ldml.dtd">
<!--
Copyright © 1991-2013 Unicode, Inc.
CLDR data files are interpreted according to the LDML specification (http://unicode.org/reports/tr35/)
For terms of use, see http://www.unicode.org/copyright.html
-->
<ldml>
    <identity>
        <version number="$Revision$"/>
        <language type="fo"/>
    </identity>
    <rbnf>
        <rulesetGrouping type="SpelloutRules">
            <ruleset type="spellout-numbering-year">
                <rbnfrule value="-x">mínus →→;</rbnfrule>
                <rbnfrule value="x.x">=0.0=;</rbnfrule>
                <rbnfrule value="0">=%spellout-numbering=;</rbnfrule>
                <rbnfrule value="1100" radix="100">←←­hundrað[­og­→→];</rbnfrule>
                <rbnfrule value="10000">=%spellout-numbering=;</rbnfrule>
            </ruleset>
            <ruleset type="spellout-numbering">
                <rbnfrule value="0">=%spellout-cardinal-masculine=;</rbnfrule>
            </ruleset>
            <ruleset type="spellout-cardinal-masculine">
                <rbnfrule value="-x">minus →→;</rbnfrule>
                <rbnfrule value="x.x">←← komma →→;</rbnfrule>
                <rbnfrule value="0">null;</rbnfrule>
                <rbnfrule value="1">ein;</rbnfrule>
                <rbnfrule value="2">tveir;</rbnfrule>
                <rbnfrule value="3">tríggir;</rbnfrule>
                <rbnfrule value="4">fýre;</rbnfrule>
                <rbnfrule value="5">fimm;</rbnfrule>
                <rbnfrule value="6">seks;</rbnfrule>
                <rbnfrule value="7">sjey;</rbnfrule>
                <rbnfrule value="8">átta;</rbnfrule>
                <rbnfrule value="9">níggju;</rbnfrule>
                <rbnfrule value="10">tíggju;</rbnfrule>
                <rbnfrule value="11">ellivu;</rbnfrule>
                <rbnfrule value="12">tólv;</rbnfrule>
                <rbnfrule value="13">trettan;</rbnfrule>
                <rbnfrule value="14">fjúrtan;</rbnfrule>
                <rbnfrule value="15">fímtan;</rbnfrule>
                <rbnfrule value="16">sekstan;</rbnfrule>
                <rbnfrule value="17">seytan;</rbnfrule>
                <rbnfrule value="18">átjan;</rbnfrule>
                <rbnfrule value="19">nítjan;</rbnfrule>
                <rbnfrule value="20">tjúgo[­→→];</rbnfrule>
                <rbnfrule value="30">tríati[­→→];</rbnfrule>
                <rbnfrule value="40">fýrati[­→→];</rbnfrule>
                <rbnfrule value="50">fimmti[­→→];</rbnfrule>
                <rbnfrule value="60">seksti[­→→];</rbnfrule>
                <rbnfrule value="70">sjeyti[­→→];</rbnfrule>
                <rbnfrule value="80">áttati[­→→];</rbnfrule>
                <rbnfrule value="90">níti[­→→];</rbnfrule>
                <rbnfrule value="100">←%spellout-cardinal-neuter←­hundrað[­og­→→];</rbnfrule>
                <rbnfrule value="1000">←%spellout-cardinal-neuter← tusin[ og →→];</rbnfrule>
                <rbnfrule value="1000000">ein millión[ og →→];</rbnfrule>
                <rbnfrule value="2000000">←%spellout-cardinal-feminine← millióner[ og →→];</rbnfrule>
                <rbnfrule value="1000000000">ein milliard[ og →→];</rbnfrule>
                <rbnfrule value="2000000000">←%spellout-cardinal-feminine← milliarder[ og →→];</rbnfrule>
                <rbnfrule value="1000000000000">ein billión[ og →→];</rbnfrule>
                <rbnfrule value="2000000000000">←%spellout-cardinal-feminine← billióner[ og →→];</rbnfrule>
                <rbnfrule value="1000000000000000">ein billiard[ og →→];</rbnfrule>
                <rbnfrule value="2000000000000000">←%spellout-cardinal-feminine← billiarder[ og →→];</rbnfrule>
                <rbnfrule value="1000000000000000000">=#,##0=;</rbnfrule>
            </ruleset>
            <ruleset type="spellout-cardinal-neuter">
                <rbnfrule value="-x">minus →→;</rbnfrule>
                <rbnfrule value="x.x">←← komma →→;</rbnfrule>
                <rbnfrule value="0">null;</rbnfrule>
                <rbnfrule value="1">eitt;</rbnfrule>
                <rbnfrule value="2">tvey;</rbnfrule>
                <rbnfrule value="3">trý;</rbnfrule>
                <rbnfrule value="4">fýre;</rbnfrule>
                <rbnfrule value="5">=%spellout-cardinal-masculine=;</rbnfrule>
                <rbnfrule value="20">tjúgo[­→→];</rbnfrule>
                <rbnfrule value="30">tríati[­→→];</rbnfrule>
                <rbnfrule value="40">fýrati[­→→];</rbnfrule>
                <rbnfrule value="50">fimmti[­→→];</rbnfrule>
                <rbnfrule value="60">seksti[­→→];</rbnfrule>
                <rbnfrule value="70">sjeyti[­→→];</rbnfrule>
                <rbnfrule value="80">áttati[­→→];</rbnfrule>
                <rbnfrule value="90">níti[­→→];</rbnfrule>
                <rbnfrule value="100">←%spellout-cardinal-neuter←­hundrað[­og­→→];</rbnfrule>
                <rbnfrule value="1000">←%spellout-cardinal-neuter← tusin[ og →→];</rbnfrule>
                <rbnfrule value="1000000">ein millión[ og →→];</rbnfrule>
                <rbnfrule value="2000000">←%spellout-cardinal-feminine← millióner[ og →→];</rbnfrule>
                <rbnfrule value="1000000000">ein milliard[ og →→];</rbnfrule>
                <rbnfrule value="2000000000">←%spellout-cardinal-feminine← milliarder[ og →→];</rbnfrule>
                <rbnfrule value="1000000000000">ein billión[ og →→];</rbnfrule>
                <rbnfrule value="2000000000000">←%spellout-cardinal-feminine← billióner[ og →→];</rbnfrule>
                <rbnfrule value="1000000000000000">ein billiard[ og →→];</rbnfrule>
                <rbnfrule value="2000000000000000">←%spellout-cardinal-feminine← billiarder[ og →→];</rbnfrule>
                <rbnfrule value="1000000000000000000">=#,##0=;</rbnfrule>
            </ruleset>
            <ruleset type="spellout-cardinal-feminine">
                <rbnfrule value="-x">minus →→;</rbnfrule>
                <rbnfrule value="x.x">←← komma →→;</rbnfrule>
                <rbnfrule value="0">null;</rbnfrule>
                <rbnfrule value="1">ein;</rbnfrule>
                <rbnfrule value="2">tvær;</rbnfrule>
                <rbnfrule value="3">tríggjar;</rbnfrule>
                <rbnfrule value="4">fýre;</rbnfrule>
                <rbnfrule value="5">=%spellout-cardinal-masculine=;</rbnfrule>
                <rbnfrule value="20">tjúgo[­→→];</rbnfrule>
                <rbnfrule value="30">tríati[­→→];</rbnfrule>
                <rbnfrule value="40">fýrati[­→→];</rbnfrule>
                <rbnfrule value="50">fimmti[­→→];</rbnfrule>
                <rbnfrule value="60">seksti[­→→];</rbnfrule>
                <rbnfrule value="70">sjeyti[­→→];</rbnfrule>
                <rbnfrule value="80">áttati[­→→];</rbnfrule>
                <rbnfrule value="90">níti[­→→];</rbnfrule>
                <rbnfrule value="100">←%spellout-cardinal-neuter←­hundrað[­og­→→];</rbnfrule>
                <rbnfrule value="1000">←%spellout-cardinal-neuter← tusin[ og →→];</rbnfrule>
                <rbnfrule value="1000000">ein millión[ og →→];</rbnfrule>
                <rbnfrule value="2000000">←%spellout-cardinal-feminine← millióner[ og →→];</rbnfrule>
                <rbnfrule value="1000000000">ein milliard[ og →→];</rbnfrule>
                <rbnfrule value="2000000000">←%spellout-cardinal-feminine← milliarder[ og →→];</rbnfrule>
                <rbnfrule value="1000000000000">ein billión[ og →→];</rbnfrule>
                <rbnfrule value="2000000000000">←%spellout-cardinal-feminine← billióner[ og →→];</rbnfrule>
                <rbnfrule value="1000000000000000">ein billiard[ og →→];</rbnfrule>
                <rbnfrule value="2000000000000000">←%spellout-cardinal-feminine← billiarder[ og →→];</rbnfrule>
                <rbnfrule value="1000000000000000000">=#,##0=;</rbnfrule>
            </ruleset>
        </rulesetGrouping>
    </rbnf>
</ldml>
