<?xml version="1.0" encoding="UTF-8" ?>
<!DOCTYPE ldml SYSTEM "../../common/dtd/ldml.dtd">
<!--
Copyright © 1991-2013 Unicode, Inc.
CLDR data files are interpreted according to the LDML specification (http://unicode.org/reports/tr35/)
For terms of use, see http://www.unicode.org/copyright.html
-->
<ldml>
    <identity>
        <version number="$Revision$"/>
        <language type="hi"/>
    </identity>
    <rbnf>
        <rulesetGrouping type="SpelloutRules">
            <ruleset type="spellout-numbering-year">
                <rbnfrule value="x.x">=0.0=;</rbnfrule>
                <rbnfrule value="0">=%spellout-numbering=;</rbnfrule>
            </ruleset>
            <ruleset type="spellout-numbering">
                <rbnfrule value="0">=%spellout-cardinal=;</rbnfrule>
            </ruleset>
            <ruleset type="spellout-cardinal">
                <rbnfrule value="-x">ऋण →→;</rbnfrule>
                <rbnfrule value="x.x">←← दशमलव →→;</rbnfrule>
                <rbnfrule value="0">शून्य;</rbnfrule>
                <rbnfrule value="1">एक;</rbnfrule>
                <rbnfrule value="2">दो;</rbnfrule>
                <rbnfrule value="3">तीन;</rbnfrule>
                <rbnfrule value="4">चार;</rbnfrule>
                <rbnfrule value="5">पाँच;</rbnfrule>
                <rbnfrule value="6">छह;</rbnfrule>
                <rbnfrule value="7">सात;</rbnfrule>
                <rbnfrule value="8">आठ;</rbnfrule>
                <rbnfrule value="9">नौ;</rbnfrule>
                <rbnfrule value="10">दस;</rbnfrule>
                <rbnfrule value="11">ग्यारह;</rbnfrule>
                <rbnfrule value="12">बारह;</rbnfrule>
                <rbnfrule value="13">तेरह;</rbnfrule>
                <rbnfrule value="14">चौदह;</rbnfrule>
                <rbnfrule value="15">पन्द्रह;</rbnfrule>
                <rbnfrule value="16">सोलह;</rbnfrule>
                <rbnfrule value="17">सत्रह;</rbnfrule>
                <rbnfrule value="18">अठारह;</rbnfrule>
                <rbnfrule value="19">उन्नीस;</rbnfrule>
                <rbnfrule value="20">बीस;</rbnfrule>
                <rbnfrule value="21">इक्कीस;</rbnfrule>
                <rbnfrule value="22">बाईस;</rbnfrule>
                <rbnfrule value="23">तेईस;</rbnfrule>
                <rbnfrule value="24">चौबीस;</rbnfrule>
                <rbnfrule value="25">पच्चीस;</rbnfrule>
                <rbnfrule value="26">छब्बीस;</rbnfrule>
                <rbnfrule value="27">सत्ताईस;</rbnfrule>
                <rbnfrule value="28">अट्ठाईस;</rbnfrule>
                <rbnfrule value="29">उनतीस;</rbnfrule>
                <rbnfrule value="30">तीस;</rbnfrule>
                <rbnfrule value="31">इकतीस;</rbnfrule>
                <rbnfrule value="32">बत्तीस;</rbnfrule>
                <rbnfrule value="33">तैंतीस;</rbnfrule>
                <rbnfrule value="34">चौंतीस;</rbnfrule>
                <rbnfrule value="35">पैंतीस;</rbnfrule>
                <rbnfrule value="36">छत्तीस;</rbnfrule>
                <rbnfrule value="37">सैंतीस;</rbnfrule>
                <rbnfrule value="38">अड़तीस;</rbnfrule>
                <rbnfrule value="39">उनतालीस;</rbnfrule>
                <rbnfrule value="40">चालीस;</rbnfrule>
                <rbnfrule value="41">इकतालीस;</rbnfrule>
                <rbnfrule value="42">बयालीस;</rbnfrule>
                <rbnfrule value="43">तैंतालीस;</rbnfrule>
                <rbnfrule value="44">चौवालीस;</rbnfrule>
                <rbnfrule value="45">पैंतालीस;</rbnfrule>
                <rbnfrule value="46">छियालीस;</rbnfrule>
                <rbnfrule value="47">सैंतालीस;</rbnfrule>
                <rbnfrule value="48">अड़तालीस;</rbnfrule>
                <rbnfrule value="49">उनचास;</rbnfrule>
                <rbnfrule value="50">पचास;</rbnfrule>
                <rbnfrule value="51">इक्यावन;</rbnfrule>
                <rbnfrule value="52">बावन;</rbnfrule>
                <rbnfrule value="53">तिरेपन;</rbnfrule>
                <rbnfrule value="54">चौवन;</rbnfrule>
                <rbnfrule value="55">पचपन;</rbnfrule>
                <rbnfrule value="56">छप्पन;</rbnfrule>
                <rbnfrule value="57">सत्तावन;</rbnfrule>
                <rbnfrule value="58">अट्ठावन;</rbnfrule>
                <rbnfrule value="59">उनसठ;</rbnfrule>
                <rbnfrule value="60">साठ;</rbnfrule>
                <rbnfrule value="61">इकसठ;</rbnfrule>
                <rbnfrule value="62">बासठ;</rbnfrule>
                <rbnfrule value="63">तिरेसठ;</rbnfrule>
                <rbnfrule value="64">चौंसठ;</rbnfrule>
                <rbnfrule value="65">पैंसठ;</rbnfrule>
                <rbnfrule value="66">छियासठ;</rbnfrule>
                <rbnfrule value="67">सड़सठ;</rbnfrule>
                <rbnfrule value="68">अड़सठ;</rbnfrule>
                <rbnfrule value="69">उनहत्तर;</rbnfrule>
                <rbnfrule value="70">सत्तर;</rbnfrule>
                <rbnfrule value="71">इकहत्तर;</rbnfrule>
                <rbnfrule value="72">बहत्तर;</rbnfrule>
                <rbnfrule value="73">तिहत्तर;</rbnfrule>
                <rbnfrule value="74">चौहत्तर;</rbnfrule>
                <rbnfrule value="75">पचहत्तर;</rbnfrule>
                <rbnfrule value="76">छिहत्तर;</rbnfrule>
                <rbnfrule value="77">सतहत्तर;</rbnfrule>
                <rbnfrule value="78">अठहत्तर;</rbnfrule>
                <rbnfrule value="79">उनासी;</rbnfrule>
                <rbnfrule value="80">अस्सी;</rbnfrule>
                <rbnfrule value="81">इक्यासी;</rbnfrule>
                <rbnfrule value="82">बयासी;</rbnfrule>
                <rbnfrule value="83">तिरासी;</rbnfrule>
                <rbnfrule value="84">चौरासी;</rbnfrule>
                <rbnfrule value="85">पचासी;</rbnfrule>
                <rbnfrule value="86">छियासी;</rbnfrule>
                <rbnfrule value="87">सत्तासी;</rbnfrule>
                <rbnfrule value="88">अट्ठासी;</rbnfrule>
                <rbnfrule value="89">नवासी;</rbnfrule>
                <rbnfrule value="90">नब्बे;</rbnfrule>
                <rbnfrule value="91">इक्यानबे;</rbnfrule>
                <rbnfrule value="92">बानबे;</rbnfrule>
                <rbnfrule value="93">तिरानबे;</rbnfrule>
                <rbnfrule value="94">चौरानबे;</rbnfrule>
                <rbnfrule value="95">पंचानबे;</rbnfrule>
                <rbnfrule value="96">छियानबे;</rbnfrule>
                <rbnfrule value="97">सत्तानबे;</rbnfrule>
                <rbnfrule value="98">अट्ठानबे;</rbnfrule>
                <rbnfrule value="99">निन्यानबे;</rbnfrule>
                <rbnfrule value="100">←← सौ[ →→];</rbnfrule>
                <rbnfrule value="1000">←← हज़ार[ →→];</rbnfrule>
                <rbnfrule value="100000">←← लाख[ →→];</rbnfrule>
                <rbnfrule value="10000000">←← करोड़[ →→];</rbnfrule>
                <rbnfrule value="1000000000">←← अरब[ →→];</rbnfrule>
                <rbnfrule value="100000000000">←← खरब[ →→];</rbnfrule>
                <rbnfrule value="1000000000000000000">=#,##,##0=;</rbnfrule>
            </ruleset>
            <ruleset type="spellout-ordinal-masculine">
                <rbnfrule value="-x">ऋण →→;</rbnfrule>
                <rbnfrule value="x.x">=#,##,##0.0=;</rbnfrule>
                <rbnfrule value="0">शून्यवाँ;</rbnfrule>
                <rbnfrule value="1">पहला;</rbnfrule>
                <rbnfrule value="2">दूसरा;</rbnfrule>
                <rbnfrule value="3">तीसरा;</rbnfrule>
                <rbnfrule value="4">चौथा;</rbnfrule>
                <rbnfrule value="5">पाँचवाँ;</rbnfrule>
                <rbnfrule value="6">छठा;</rbnfrule>
                <rbnfrule value="7">=%spellout-cardinal=वाँ;</rbnfrule>
            </ruleset>
            <ruleset type="spellout-ordinal-feminine">
                <rbnfrule value="-x">ऋण →→;</rbnfrule>
                <rbnfrule value="x.x">=#,##,##0.0=;</rbnfrule>
                <rbnfrule value="0">शून्यवी;</rbnfrule>
                <rbnfrule value="1">पहली;</rbnfrule>
                <rbnfrule value="2">दूसरी;</rbnfrule>
                <rbnfrule value="3">तीसरी;</rbnfrule>
                <rbnfrule value="4">चौथी;</rbnfrule>
                <rbnfrule value="5">पाँचवी;</rbnfrule>
                <rbnfrule value="6">छठी;</rbnfrule>
                <rbnfrule value="7">=%spellout-cardinal=वी;</rbnfrule>
            </ruleset>
        </rulesetGrouping>
        <rulesetGrouping type="OrdinalRules">
            <ruleset type="digits-ordinal-masculine">
                <rbnfrule value="-x">−→→;</rbnfrule>
                <rbnfrule value="x.x">=#,##,##0.0=;</rbnfrule>
                <rbnfrule value="0">0;</rbnfrule>
                <rbnfrule value="1">=0=ला;</rbnfrule>
                <rbnfrule value="2">=0=रा;</rbnfrule>
                <rbnfrule value="4">=0=था;</rbnfrule>
                <rbnfrule value="5">=0=वाँ;</rbnfrule>
                <rbnfrule value="6">=0=ठा;</rbnfrule>
                <rbnfrule value="7">=#,##,##0=वाँ;</rbnfrule>
            </ruleset>
            <ruleset type="digits-ordinal-masculine-oblique">
                <rbnfrule value="-x">−→→;</rbnfrule>
                <rbnfrule value="x.x">=#,##,##0.0=;</rbnfrule>
                <rbnfrule value="0">0;</rbnfrule>
                <rbnfrule value="1">=0=ले;</rbnfrule>
                <rbnfrule value="2">=0=रे;</rbnfrule>
                <rbnfrule value="4">=0=थे;</rbnfrule>
                <rbnfrule value="5">=0=वें;</rbnfrule>
                <rbnfrule value="6">=0=ठे;</rbnfrule>
                <rbnfrule value="7">=#,##,##0=वें;</rbnfrule>
            </ruleset>
            <ruleset type="digits-ordinal-feminine">
                <rbnfrule value="-x">−→→;</rbnfrule>
                <rbnfrule value="x.x">=#,##,##0.0=;</rbnfrule>
                <rbnfrule value="0">0;</rbnfrule>
                <rbnfrule value="1">=0=ली;</rbnfrule>
                <rbnfrule value="2">=0=री;</rbnfrule>
                <rbnfrule value="4">=0=थी;</rbnfrule>
                <rbnfrule value="5">=0=वीँ;</rbnfrule>
                <rbnfrule value="6">=0=ठी;</rbnfrule>
                <rbnfrule value="7">=#,##,##0=वीँ;</rbnfrule>
            </ruleset>
            <ruleset type="digits-ordinal">
                <rbnfrule value="0">=%digits-ordinal-masculine=;</rbnfrule>
            </ruleset>
        </rulesetGrouping>
    </rbnf>
</ldml>
