<?xml version="1.0" encoding="UTF-8" ?>
<!DOCTYPE ldml SYSTEM "../../common/dtd/ldml.dtd">
<!--
Copyright © 1991-2013 Unicode, Inc.
CLDR data files are interpreted according to the LDML specification (http://unicode.org/reports/tr35/)
For terms of use, see http://www.unicode.org/copyright.html
-->
<ldml>
    <identity>
        <version number="$Revision$"/>
        <language type="hr"/>
    </identity>
    <rbnf>
        <rulesetGrouping type="SpelloutRules">
            <ruleset type="spellout-numbering-year">
                <rbnfrule value="x.x">=0.0=;</rbnfrule>
                <rbnfrule value="0">=%spellout-numbering=;</rbnfrule>
            </ruleset>
            <ruleset type="spellout-numbering">
                <rbnfrule value="0">=%spellout-cardinal-masculine=;</rbnfrule>
            </ruleset>
            <ruleset type="spellout-cardinal-masculine">
                <rbnfrule value="-x">minus →→;</rbnfrule>
                <rbnfrule value="x.x">←← zarez →→;</rbnfrule>
                <rbnfrule value="0">nula;</rbnfrule>
                <rbnfrule value="1">jedan;</rbnfrule>
                <rbnfrule value="2">dva;</rbnfrule>
                <rbnfrule value="3">tri;</rbnfrule>
                <rbnfrule value="4">četiri;</rbnfrule>
                <rbnfrule value="5">pet;</rbnfrule>
                <rbnfrule value="6">šest;</rbnfrule>
                <rbnfrule value="7">sedam;</rbnfrule>
                <rbnfrule value="8">osam;</rbnfrule>
                <rbnfrule value="9">devet;</rbnfrule>
                <rbnfrule value="10">deset;</rbnfrule>
                <rbnfrule value="11">jedanaest;</rbnfrule>
                <rbnfrule value="12">dvanaest;</rbnfrule>
                <rbnfrule value="13">trinaest;</rbnfrule>
                <rbnfrule value="14">četrnaest;</rbnfrule>
                <rbnfrule value="15">petnaest;</rbnfrule>
                <rbnfrule value="16">šesnaest;</rbnfrule>
                <rbnfrule value="17">sedamnaest;</rbnfrule>
                <rbnfrule value="18">osamnaest;</rbnfrule>
                <rbnfrule value="19">devetnaest;</rbnfrule>
                <rbnfrule value="20">dvadeset[ i →→];</rbnfrule>
                <rbnfrule value="30">trideset[ i →→];</rbnfrule>
                <rbnfrule value="40">četrdeset[ i →→];</rbnfrule>
                <rbnfrule value="50">pedeset[ i →→];</rbnfrule>
                <rbnfrule value="60">šezdeset[ i →→];</rbnfrule>
                <rbnfrule value="70">sedamdeset[ i →→];</rbnfrule>
                <rbnfrule value="80">osamdeset[ i →→];</rbnfrule>
                <rbnfrule value="90">devedeset[ i →→];</rbnfrule>
                <rbnfrule value="100">sto[ →→];</rbnfrule>
                <rbnfrule value="200">dvjesto[ →→];</rbnfrule>
                <rbnfrule value="300">tristo[ →→];</rbnfrule>
                <rbnfrule value="400">četiristo[ →→];</rbnfrule>
                <rbnfrule value="500">petsto[ →→];</rbnfrule>
                <rbnfrule value="600">šeststo[ →→];</rbnfrule>
                <rbnfrule value="700">sedamsto[ →→];</rbnfrule>
                <rbnfrule value="800">osamsto[ →→];</rbnfrule>
                <rbnfrule value="900">devetsto[ →→];</rbnfrule>
                <rbnfrule value="1000">tisuću[ →→];</rbnfrule>
                <rbnfrule value="2000">←%spellout-cardinal-feminine← tisuće[ →→];</rbnfrule>
                <rbnfrule value="5000">←%spellout-cardinal-feminine← tisuća[ →→];</rbnfrule>
                <rbnfrule value="1000000">←%spellout-cardinal-masculine← milijun[ →→];</rbnfrule>
                <rbnfrule value="2000000">←%spellout-cardinal-masculine← milijuna[ →→];</rbnfrule>
                <rbnfrule value="5000000">←%spellout-cardinal-masculine← milijuna[ →→];</rbnfrule>
                <rbnfrule value="1000000000">←%spellout-cardinal-feminine← milijarda[ →→];</rbnfrule>
                <rbnfrule value="2000000000">←%spellout-cardinal-feminine← milijarde[ →→];</rbnfrule>
                <rbnfrule value="5000000000">←%spellout-cardinal-feminine← milijardi[ →→];</rbnfrule>
                <rbnfrule value="1000000000000">←%spellout-cardinal-masculine← bilijun[ →→];</rbnfrule>
                <rbnfrule value="2000000000000">←%spellout-cardinal-masculine← bilijuna[ →→];</rbnfrule>
                <rbnfrule value="5000000000000">←%spellout-cardinal-masculine← bilijuna[ →→];</rbnfrule>
                <rbnfrule value="1000000000000000">←%spellout-cardinal-feminine← bilijarda[ →→];</rbnfrule>
                <rbnfrule value="2000000000000000">←%spellout-cardinal-feminine← bilijarde[ →→];</rbnfrule>
                <rbnfrule value="5000000000000000">←%spellout-cardinal-feminine← bilijardi[ →→];</rbnfrule>
                <rbnfrule value="1000000000000000000">=#,##0=;</rbnfrule>
            </ruleset>
            <ruleset type="spellout-cardinal-neuter">
                <rbnfrule value="-x">minus →→;</rbnfrule>
                <rbnfrule value="x.x">←← zarez →→;</rbnfrule>
                <rbnfrule value="0">nula;</rbnfrule>
                <rbnfrule value="1">jedno;</rbnfrule>
                <rbnfrule value="2">dva;</rbnfrule>
                <rbnfrule value="3">=%spellout-cardinal-masculine=;</rbnfrule>
                <rbnfrule value="20">dvadeset[ i →→];</rbnfrule>
                <rbnfrule value="30">trideset[ i →→];</rbnfrule>
                <rbnfrule value="40">četrdeset[ i →→];</rbnfrule>
                <rbnfrule value="50">pedeset[ i →→];</rbnfrule>
                <rbnfrule value="60">šezdeset[ i →→];</rbnfrule>
                <rbnfrule value="70">sedamdeset[ i →→];</rbnfrule>
                <rbnfrule value="80">osamdeset[ i →→];</rbnfrule>
                <rbnfrule value="90">devedeset[ i →→];</rbnfrule>
                <rbnfrule value="100">sto[ →→];</rbnfrule>
                <rbnfrule value="200">dvjesto[ →→];</rbnfrule>
                <rbnfrule value="300">tristo[ →→];</rbnfrule>
                <rbnfrule value="400">četiristo[ →→];</rbnfrule>
                <rbnfrule value="500">petsto[ →→];</rbnfrule>
                <rbnfrule value="600">šeststo[ →→];</rbnfrule>
                <rbnfrule value="700">sedamsto[ →→];</rbnfrule>
                <rbnfrule value="800">osamsto[ →→];</rbnfrule>
                <rbnfrule value="900">devetsto[ →→];</rbnfrule>
                <rbnfrule value="1000">tisuću[ →→];</rbnfrule>
                <rbnfrule value="2000">←%spellout-cardinal-feminine← tisuće[ →→];</rbnfrule>
                <rbnfrule value="5000">←%spellout-cardinal-feminine← tisuća[ →→];</rbnfrule>
                <rbnfrule value="1000000">←%spellout-cardinal-masculine← milijun[ →→];</rbnfrule>
                <rbnfrule value="2000000">←%spellout-cardinal-masculine← milijuna[ →→];</rbnfrule>
                <rbnfrule value="5000000">←%spellout-cardinal-masculine← milijuna[ →→];</rbnfrule>
                <rbnfrule value="1000000000">←%spellout-cardinal-feminine← milijarda[ →→];</rbnfrule>
                <rbnfrule value="2000000000">←%spellout-cardinal-feminine← milijarde[ →→];</rbnfrule>
                <rbnfrule value="5000000000">←%spellout-cardinal-feminine← milijardi[ →→];</rbnfrule>
                <rbnfrule value="1000000000000">←%spellout-cardinal-masculine← bilijun[ →→];</rbnfrule>
                <rbnfrule value="2000000000000">←%spellout-cardinal-masculine← bilijuna[ →→];</rbnfrule>
                <rbnfrule value="5000000000000">←%spellout-cardinal-masculine← bilijuna[ →→];</rbnfrule>
                <rbnfrule value="1000000000000000">←%spellout-cardinal-feminine← bilijarda[ →→];</rbnfrule>
                <rbnfrule value="2000000000000000">←%spellout-cardinal-feminine← bilijarde[ →→];</rbnfrule>
                <rbnfrule value="5000000000000000">←%spellout-cardinal-feminine← bilijardi[ →→];</rbnfrule>
                <rbnfrule value="1000000000000000000">=#,##0=;</rbnfrule>
            </ruleset>
            <ruleset type="spellout-cardinal-feminine">
                <rbnfrule value="-x">minus →→;</rbnfrule>
                <rbnfrule value="x.x">←← zarez →→;</rbnfrule>
                <rbnfrule value="0">nula;</rbnfrule>
                <rbnfrule value="1">jedna;</rbnfrule>
                <rbnfrule value="2">dvije;</rbnfrule>
                <rbnfrule value="3">=%spellout-cardinal-masculine=;</rbnfrule>
                <rbnfrule value="20">dvadeset[ i →→];</rbnfrule>
                <rbnfrule value="30">trideset[ i →→];</rbnfrule>
                <rbnfrule value="40">četrdeset[ i →→];</rbnfrule>
                <rbnfrule value="50">pedeset[ i →→];</rbnfrule>
                <rbnfrule value="60">šezdeset[ i →→];</rbnfrule>
                <rbnfrule value="70">sedamdeset[ i →→];</rbnfrule>
                <rbnfrule value="80">osamdeset[ i →→];</rbnfrule>
                <rbnfrule value="90">devedeset[ i →→];</rbnfrule>
                <rbnfrule value="100">sto[ →→];</rbnfrule>
                <rbnfrule value="200">dvjesto[ →→];</rbnfrule>
                <rbnfrule value="300">tristo[ →→];</rbnfrule>
                <rbnfrule value="400">četiristo[ →→];</rbnfrule>
                <rbnfrule value="500">petsto[ →→];</rbnfrule>
                <rbnfrule value="600">šeststo[ →→];</rbnfrule>
                <rbnfrule value="700">sedamsto[ →→];</rbnfrule>
                <rbnfrule value="800">osamsto[ →→];</rbnfrule>
                <rbnfrule value="900">devetsto[ →→];</rbnfrule>
                <rbnfrule value="1000">tisuću[ →→];</rbnfrule>
                <rbnfrule value="2000">←%spellout-cardinal-feminine← tisuće[ →→];</rbnfrule>
                <rbnfrule value="5000">←%spellout-cardinal-feminine← tisuća[ →→];</rbnfrule>
                <rbnfrule value="1000000">←%spellout-cardinal-masculine← milijun[ →→];</rbnfrule>
                <rbnfrule value="2000000">←%spellout-cardinal-masculine← milijuna[ →→];</rbnfrule>
                <rbnfrule value="5000000">←%spellout-cardinal-masculine← milijuna[ →→];</rbnfrule>
                <rbnfrule value="1000000000">←%spellout-cardinal-feminine← milijarda[ →→];</rbnfrule>
                <rbnfrule value="2000000000">←%spellout-cardinal-feminine← milijarde[ →→];</rbnfrule>
                <rbnfrule value="5000000000">←%spellout-cardinal-feminine← milijardi[ →→];</rbnfrule>
                <rbnfrule value="1000000000000">←%spellout-cardinal-masculine← bilijun[ →→];</rbnfrule>
                <rbnfrule value="2000000000000">←%spellout-cardinal-masculine← bilijuna[ →→];</rbnfrule>
                <rbnfrule value="5000000000000">←%spellout-cardinal-masculine← bilijuna[ →→];</rbnfrule>
                <rbnfrule value="1000000000000000">←%spellout-cardinal-feminine← bilijarda[ →→];</rbnfrule>
                <rbnfrule value="2000000000000000">←%spellout-cardinal-feminine← bilijarde[ →→];</rbnfrule>
                <rbnfrule value="5000000000000000">←%spellout-cardinal-feminine← bilijardi[ →→];</rbnfrule>
                <rbnfrule value="1000000000000000000">=#,##0=;</rbnfrule>
            </ruleset>
            <ruleset type="spellout-ordinal-base" access="private">
                <rbnfrule value="-x">minus →→;</rbnfrule>
                <rbnfrule value="x.x">=#,##0.#=;</rbnfrule>
                <rbnfrule value="0">nula;</rbnfrule>
                <rbnfrule value="1">prv;</rbnfrule>
                <rbnfrule value="2">drug;</rbnfrule>
                <rbnfrule value="3">treć;</rbnfrule>
                <rbnfrule value="4">četvrt;</rbnfrule>
                <rbnfrule value="5">pet;</rbnfrule>
                <rbnfrule value="6">šest;</rbnfrule>
                <rbnfrule value="7">sedm;</rbnfrule>
                <rbnfrule value="8">osm;</rbnfrule>
                <rbnfrule value="9">devet;</rbnfrule>
                <rbnfrule value="10">deset;</rbnfrule>
                <rbnfrule value="11">=%spellout-numbering=;</rbnfrule>
                <rbnfrule value="20">dvadeset[ →→];</rbnfrule>
                <rbnfrule value="30">trideset[ →→];</rbnfrule>
                <rbnfrule value="40">četrdeset[ →→];</rbnfrule>
                <rbnfrule value="50">pedeset[ →→];</rbnfrule>
                <rbnfrule value="60">šezdeset[ →→];</rbnfrule>
                <rbnfrule value="70">sedamdeset[ →→];</rbnfrule>
                <rbnfrule value="80">osamdeset[ →→];</rbnfrule>
                <rbnfrule value="90">devedeset[ →→];</rbnfrule>
                <rbnfrule value="100">st[ →→];</rbnfrule>
                <rbnfrule value="200">dvest[ →→];</rbnfrule>
                <rbnfrule value="300">trist[ →→];</rbnfrule>
                <rbnfrule value="400">četrist[ →→];</rbnfrule>
                <rbnfrule value="500">petst[ →→];</rbnfrule>
                <rbnfrule value="600">šest[ →→];</rbnfrule>
                <rbnfrule value="700">sedamst[ →→];</rbnfrule>
                <rbnfrule value="800">osamst[ →→];</rbnfrule>
                <rbnfrule value="900">devetst[ →→];</rbnfrule>
                <rbnfrule value="1000">tisuću[ →→];</rbnfrule>
                <rbnfrule value="2000">←%spellout-cardinal-feminine← tisuće[ →→];</rbnfrule>
                <rbnfrule value="5000">←%spellout-cardinal-feminine← tisuću[ →→];</rbnfrule>
                <rbnfrule value="1000000">←%spellout-cardinal-masculine← milijun[ →→];</rbnfrule>
                <rbnfrule value="2000000">←%spellout-cardinal-masculine← milijuny[ →→];</rbnfrule>
                <rbnfrule value="5000000">←%spellout-cardinal-masculine← milijun[ →→];</rbnfrule>
                <rbnfrule value="1000000000">←%spellout-cardinal-masculine← miliarda[ →→];</rbnfrule>
                <rbnfrule value="2000000000">←%spellout-cardinal-masculine← miliardy[ →→];</rbnfrule>
                <rbnfrule value="5000000000">←%spellout-cardinal-masculine← miliarda[ →→];</rbnfrule>
                <rbnfrule value="1000000000000">←%spellout-cardinal-masculine← bilijun[ →→];</rbnfrule>
                <rbnfrule value="2000000000000">←%spellout-cardinal-masculine← bilijuny[ →→];</rbnfrule>
                <rbnfrule value="5000000000000">←%spellout-cardinal-masculine← bilijun[ →→];</rbnfrule>
                <rbnfrule value="1000000000000000">←%spellout-cardinal-masculine← biliarda[ →→];</rbnfrule>
                <rbnfrule value="2000000000000000">←%spellout-cardinal-masculine← biliardy[ →→];</rbnfrule>
                <rbnfrule value="5000000000000000">←%spellout-cardinal-masculine← biliarda[ →→];</rbnfrule>
                <rbnfrule value="1000000000000000000">=#,##0=;</rbnfrule>
            </ruleset>
            <ruleset type="spellout-ordinal-masculine">
                <rbnfrule value="0">=%%spellout-ordinal-base=i;</rbnfrule>
            </ruleset>
            <ruleset type="spellout-ordinal-neuter">
                <rbnfrule value="0">=%%spellout-ordinal-base=o;</rbnfrule>
                <rbnfrule value="3">=%%spellout-ordinal-base=e;</rbnfrule>
                <rbnfrule value="4">=%%spellout-ordinal-base=o;</rbnfrule>
            </ruleset>
            <ruleset type="spellout-ordinal-feminine">
                <rbnfrule value="0">=%%spellout-ordinal-base=a;</rbnfrule>
            </ruleset>
        </rulesetGrouping>
    </rbnf>
</ldml>
