<?xml version="1.0" encoding="UTF-8" ?>
<!DOCTYPE ldml SYSTEM "../../common/dtd/ldml.dtd">
<!--
Copyright © 1991-2013 Unicode, Inc.
CLDR data files are interpreted according to the LDML specification (http://unicode.org/reports/tr35/)
For terms of use, see http://www.unicode.org/copyright.html
-->
<ldml>
    <identity>
        <version number="$Revision$"/>
        <language type="is"/>
    </identity>
    <rbnf>
        <rulesetGrouping type="SpelloutRules">
            <ruleset type="spellout-numbering-year">
                <rbnfrule value="-x">mínus →→;</rbnfrule>
                <rbnfrule value="x.x">=0.0=;</rbnfrule>
                <rbnfrule value="0">=%spellout-numbering=;</rbnfrule>
                <rbnfrule value="1100" radix="100">←← hundrað[ og →→];</rbnfrule>
                <rbnfrule value="10000">=%spellout-numbering=;</rbnfrule>
            </ruleset>
            <ruleset type="spellout-numbering">
                <rbnfrule value="0">=%spellout-cardinal-masculine=;</rbnfrule>
            </ruleset>
            <ruleset type="spellout-cardinal-masculine">
                <rbnfrule value="-x">mínus →→;</rbnfrule>
                <rbnfrule value="x.x">←← komma →→;</rbnfrule>
                <rbnfrule value="0">núll;</rbnfrule>
                <rbnfrule value="1">einn;</rbnfrule>
                <rbnfrule value="2">tveir;</rbnfrule>
                <rbnfrule value="3">þrír;</rbnfrule>
                <rbnfrule value="4">fjórir;</rbnfrule>
                <rbnfrule value="5">fimm;</rbnfrule>
                <rbnfrule value="6">sex;</rbnfrule>
                <rbnfrule value="7">sjó;</rbnfrule>
                <rbnfrule value="8">átta;</rbnfrule>
                <rbnfrule value="9">níu;</rbnfrule>
                <rbnfrule value="10">tíu;</rbnfrule>
                <rbnfrule value="11">ellefu;</rbnfrule>
                <rbnfrule value="12">tólf;</rbnfrule>
                <rbnfrule value="13">þrettán;</rbnfrule>
                <rbnfrule value="14">fjórtán;</rbnfrule>
                <rbnfrule value="15">fimmtán;</rbnfrule>
                <rbnfrule value="16">sextán;</rbnfrule>
                <rbnfrule value="17">sautján;</rbnfrule>
                <rbnfrule value="18">átján;</rbnfrule>
                <rbnfrule value="19">nítján;</rbnfrule>
                <rbnfrule value="20">tuttugu[ og →→];</rbnfrule>
                <rbnfrule value="30">þrjátíu[ og →→];</rbnfrule>
                <rbnfrule value="40">fjörutíu[ og →→];</rbnfrule>
                <rbnfrule value="50">fimmtíu[ og →→];</rbnfrule>
                <rbnfrule value="60">sextíu[ og →→];</rbnfrule>
                <rbnfrule value="70">sjötíu[ og →→];</rbnfrule>
                <rbnfrule value="80">áttatíu[ og →→];</rbnfrule>
                <rbnfrule value="90">níutíu[ og →→];</rbnfrule>
                <rbnfrule value="100">←%spellout-cardinal-neuter←­hundrað[ og →→];</rbnfrule>
                <rbnfrule value="1000">←%spellout-cardinal-neuter← þúsund[ og →→];</rbnfrule>
                <rbnfrule value="1000000">ein millión[ og →→];</rbnfrule>
                <rbnfrule value="2000000">←%spellout-cardinal-feminine← milliónur[ og →→];</rbnfrule>
                <rbnfrule value="1000000000">ein milliarð[ og →→];</rbnfrule>
                <rbnfrule value="2000000000">←%spellout-cardinal-feminine← milliarður[ og →→];</rbnfrule>
                <rbnfrule value="1000000000000">ein billión[ og →→];</rbnfrule>
                <rbnfrule value="2000000000000">←%spellout-cardinal-feminine← billiónur[ og →→];</rbnfrule>
                <rbnfrule value="1000000000000000">ein billiarð[ og →→];</rbnfrule>
                <rbnfrule value="2000000000000000">←%spellout-cardinal-feminine← billiarður[ og →→];</rbnfrule>
                <rbnfrule value="1000000000000000000">=#,##0=;</rbnfrule>
            </ruleset>
            <ruleset type="spellout-cardinal-neuter">
                <rbnfrule value="-x">mínus →→;</rbnfrule>
                <rbnfrule value="x.x">←← komma →→;</rbnfrule>
                <rbnfrule value="0">núll;</rbnfrule>
                <rbnfrule value="1">eitt;</rbnfrule>
                <rbnfrule value="2">tvö;</rbnfrule>
                <rbnfrule value="3">þrjú;</rbnfrule>
                <rbnfrule value="4">fjögur;</rbnfrule>
                <rbnfrule value="5">=%spellout-cardinal-masculine=;</rbnfrule>
                <rbnfrule value="20">tuttugu[ og →→];</rbnfrule>
                <rbnfrule value="30">þrjátíu[ og →→];</rbnfrule>
                <rbnfrule value="40">fjörutíu[ og →→];</rbnfrule>
                <rbnfrule value="50">fimmtíu[ og →→];</rbnfrule>
                <rbnfrule value="60">sextíu[ og →→];</rbnfrule>
                <rbnfrule value="70">sjötíu[ og →→];</rbnfrule>
                <rbnfrule value="80">áttatíu[ og →→];</rbnfrule>
                <rbnfrule value="90">níutíu[ og →→];</rbnfrule>
                <rbnfrule value="100">←%spellout-cardinal-neuter←­hundrað[ og →→];</rbnfrule>
                <rbnfrule value="1000">←%spellout-cardinal-neuter← þúsund[ og →→];</rbnfrule>
                <rbnfrule value="1000000">ein millión[ og →→];</rbnfrule>
                <rbnfrule value="2000000">←%spellout-cardinal-feminine← milliónur[ og →→];</rbnfrule>
                <rbnfrule value="1000000000">ein milliarð[ og →→];</rbnfrule>
                <rbnfrule value="2000000000">←%spellout-cardinal-feminine← milliarður[ og →→];</rbnfrule>
                <rbnfrule value="1000000000000">ein billión[ og →→];</rbnfrule>
                <rbnfrule value="2000000000000">←%spellout-cardinal-feminine← billiónur[ og →→];</rbnfrule>
                <rbnfrule value="1000000000000000">ein billiarð[ og →→];</rbnfrule>
                <rbnfrule value="2000000000000000">←%spellout-cardinal-feminine← billiarður[ og →→];</rbnfrule>
                <rbnfrule value="1000000000000000000">=#,##0=;</rbnfrule>
            </ruleset>
            <ruleset type="spellout-cardinal-feminine">
                <rbnfrule value="-x">mínus →→;</rbnfrule>
                <rbnfrule value="x.x">←← komma →→;</rbnfrule>
                <rbnfrule value="0">núll;</rbnfrule>
                <rbnfrule value="1">ein;</rbnfrule>
                <rbnfrule value="2">tvær;</rbnfrule>
                <rbnfrule value="3">þrjár;</rbnfrule>
                <rbnfrule value="4">fjórar;</rbnfrule>
                <rbnfrule value="5">=%spellout-cardinal-masculine=;</rbnfrule>
                <rbnfrule value="20">tuttugu[ og →→];</rbnfrule>
                <rbnfrule value="30">þrjátíu[ og →→];</rbnfrule>
                <rbnfrule value="40">fjörutíu[ og →→];</rbnfrule>
                <rbnfrule value="50">fimmtíu[ og →→];</rbnfrule>
                <rbnfrule value="60">sextíu[ og →→];</rbnfrule>
                <rbnfrule value="70">sjötíu[ og →→];</rbnfrule>
                <rbnfrule value="80">áttatíu[ og →→];</rbnfrule>
                <rbnfrule value="90">níutíu[ og →→];</rbnfrule>
                <rbnfrule value="100">←%spellout-cardinal-neuter←­hundrað[ og →→];</rbnfrule>
                <rbnfrule value="1000">←%spellout-cardinal-neuter← þúsund[ og →→];</rbnfrule>
                <rbnfrule value="1000000">ein millión[ og →→];</rbnfrule>
                <rbnfrule value="2000000">←%spellout-cardinal-feminine← milliónur[ og →→];</rbnfrule>
                <rbnfrule value="1000000000">ein milliarð[ og →→];</rbnfrule>
                <rbnfrule value="2000000000">←%spellout-cardinal-feminine← milliarður[ og →→];</rbnfrule>
                <rbnfrule value="1000000000000">ein billión[ og →→];</rbnfrule>
                <rbnfrule value="2000000000000">←%spellout-cardinal-feminine← billiónur[ og →→];</rbnfrule>
                <rbnfrule value="1000000000000000">ein billiarð[ og →→];</rbnfrule>
                <rbnfrule value="2000000000000000">←%spellout-cardinal-feminine← billiarður[ og →→];</rbnfrule>
                <rbnfrule value="1000000000000000000">=#,##0.#=;</rbnfrule>
            </ruleset>
        </rulesetGrouping>
    </rbnf>
</ldml>
