<?xml version="1.0" encoding="UTF-8" ?>
<!DOCTYPE ldml SYSTEM "../../common/dtd/ldml.dtd">
<!--
Copyright © 1991-2013 Unicode, Inc.
CLDR data files are interpreted according to the LDML specification (http://unicode.org/reports/tr35/)
For terms of use, see http://www.unicode.org/copyright.html
-->
<ldml>
    <identity>
        <version number="$Revision$"/>
        <language type="ka"/>
    </identity>
    <rbnf>
        <rulesetGrouping type="SpelloutRules">
            <ruleset type="spellout-numbering-year">
                <rbnfrule value="x.x">=0.0=;</rbnfrule>
                <rbnfrule value="0">=%spellout-numbering=;</rbnfrule>
            </ruleset>
            <ruleset type="spellout-numbering">
                <rbnfrule value="0">=%spellout-cardinal=;</rbnfrule>
            </ruleset>
            <ruleset type="spellout-cardinal">
                <rbnfrule value="-x">მინუს →→;</rbnfrule>
                <rbnfrule value="x.x">←← მძიმე →→;</rbnfrule>
                <rbnfrule value="0">ნული;</rbnfrule>
                <rbnfrule value="1">ერთი;</rbnfrule>
                <rbnfrule value="2">ორი;</rbnfrule>
                <rbnfrule value="3">სამი;</rbnfrule>
                <rbnfrule value="4">ოთხი;</rbnfrule>
                <rbnfrule value="5">ხუთი;</rbnfrule>
                <rbnfrule value="6">ექვსი;</rbnfrule>
                <rbnfrule value="7">შვიდი;</rbnfrule>
                <rbnfrule value="8">რვა;</rbnfrule>
                <rbnfrule value="9">ცხრა;</rbnfrule>
                <rbnfrule value="10">ათი;</rbnfrule>
                <rbnfrule value="11">თერთმეტი;</rbnfrule>
                <rbnfrule value="12">თორმეტი;</rbnfrule>
                <rbnfrule value="13">ცამეტი;</rbnfrule>
                <rbnfrule value="14">თოთხმეტი;</rbnfrule>
                <rbnfrule value="15">თხუთმეტი;</rbnfrule>
                <rbnfrule value="16">თექვსმეტი;</rbnfrule>
                <rbnfrule value="17">ჩვიდმეტი;</rbnfrule>
                <rbnfrule value="18">თრვამეტი;</rbnfrule>
                <rbnfrule value="19">ცხრამეტი;</rbnfrule>
                <rbnfrule value="20" radix="20">ოცი;</rbnfrule>
                <rbnfrule value="21" radix="20">ოცდა­→→;</rbnfrule>
                <rbnfrule value="40" radix="20">ორმოცი;</rbnfrule>
                <rbnfrule value="41" radix="20">ორმოცდა­→→;</rbnfrule>
                <rbnfrule value="60" radix="20">სამოცი;</rbnfrule>
                <rbnfrule value="61" radix="20">სამოცდა­→→;</rbnfrule>
                <rbnfrule value="80" radix="20">ოთხმოცი;</rbnfrule>
                <rbnfrule value="81" radix="20">ოთხმოცდა­→→;</rbnfrule>
                <rbnfrule value="100">ას→%%hundred→;</rbnfrule>
                <rbnfrule value="200">ორას→%%hundred→;</rbnfrule>
                <rbnfrule value="300">სამას→%%hundred→;</rbnfrule>
                <rbnfrule value="400">ოთხას→%%hundred→;</rbnfrule>
                <rbnfrule value="500">ხუთას→%%hundred→;</rbnfrule>
                <rbnfrule value="600">ექვსას→%%hundred→;</rbnfrule>
                <rbnfrule value="700">შვიდას→%%hundred→;</rbnfrule>
                <rbnfrule value="800">რვაას→%%hundred→;</rbnfrule>
                <rbnfrule value="900">ცხრაას→%%hundred→;</rbnfrule>
                <rbnfrule value="1000">ათას→%%th→;</rbnfrule>
                <rbnfrule value="2000">←← ათას→%%th→;</rbnfrule>
                <rbnfrule value="1000000">←← მილიონ→%%th→;</rbnfrule>
                <rbnfrule value="1000000000">←← მილიარდ→%%th→;</rbnfrule>
                <rbnfrule value="1000000000000">←← ბილიონ→%%th→;</rbnfrule>
                <rbnfrule value="1000000000000000">←← ბილიარდ→%%th→;</rbnfrule>
                <rbnfrule value="1000000000000000000">=#,##0=;</rbnfrule>
            </ruleset>
            <ruleset type="hundred" access="private">
                <rbnfrule value="0">ი;</rbnfrule>
                <rbnfrule value="1">­=%spellout-cardinal=;</rbnfrule>
            </ruleset>
            <ruleset type="th" access="private">
                <rbnfrule value="0">ი;</rbnfrule>
                <rbnfrule value="1">' =%spellout-cardinal=;</rbnfrule>
            </ruleset>
        </rulesetGrouping>
    </rbnf>
</ldml>
