<?xml version="1.0" encoding="UTF-8" ?>
<!DOCTYPE ldml SYSTEM "../../common/dtd/ldml.dtd">
<!--
Copyright © 1991-2013 Unicode, Inc.
CLDR data files are interpreted according to the LDML specification (http://unicode.org/reports/tr35/)
For terms of use, see http://www.unicode.org/copyright.html
-->
<ldml>
    <identity>
        <version number="$Revision$"/>
        <language type="kl"/>
    </identity>
    <rbnf>
        <rulesetGrouping type="SpelloutRules">
            <ruleset type="spellout-numbering-year">
                <rbnfrule value="x.x">=0.0=;</rbnfrule>
                <rbnfrule value="0">=%spellout-numbering=;</rbnfrule>
            </ruleset>
            <ruleset type="spellout-numbering">
                <rbnfrule value="0">=%spellout-cardinal=;</rbnfrule>
            </ruleset>
            <ruleset type="numbertimes" access="private">
                <rbnfrule value="1">ataaseq;</rbnfrule>
                <rbnfrule value="2">marlunnik;</rbnfrule>
                <rbnfrule value="3">pingasunik;</rbnfrule>
                <rbnfrule value="4">sisamanik;</rbnfrule>
                <rbnfrule value="5">tallimanik;</rbnfrule>
                <rbnfrule value="6">arfinilinnik;</rbnfrule>
                <rbnfrule value="7">arfineq-marlunnik;</rbnfrule>
                <rbnfrule value="8">arfineq-pingasunik;</rbnfrule>
                <rbnfrule value="9">arfineq-sisamanik;</rbnfrule>
                <rbnfrule value="10">qulinik;</rbnfrule>
                <rbnfrule value="11">aqqanilinik;</rbnfrule>
                <rbnfrule value="12">aqqaneq-marlunnik;</rbnfrule>
                <rbnfrule value="13">aqqaneq-pingasunik;</rbnfrule>
                <rbnfrule value="14">aqqaneq-sisamanik;</rbnfrule>
                <rbnfrule value="15">aqqaneq-tallimanik;</rbnfrule>
                <rbnfrule value="16">arfersanilinnik;</rbnfrule>
                <rbnfrule value="17">arfersaneq-marlunnik;</rbnfrule>
                <rbnfrule value="18">arfersaneq-pingasunik;</rbnfrule>
                <rbnfrule value="19">arfersaneq-sisamanik;</rbnfrule>
                <rbnfrule value="20">←%%numbertimes← qulillit[ →→];</rbnfrule>
                <rbnfrule value="100">uutritit[ →→];</rbnfrule>
                <rbnfrule value="200">←%%numbertimes← uutritillit[ →→];</rbnfrule>
            </ruleset>
            <ruleset type="spellout-cardinal">
                <rbnfrule value="-x">minus →→;</rbnfrule>
                <rbnfrule value="x.x">←← komma →→;</rbnfrule>
                <rbnfrule value="0">nuulu;</rbnfrule>
                <rbnfrule value="1">ataaseq;</rbnfrule>
                <rbnfrule value="2">marluk;</rbnfrule>
                <rbnfrule value="3">pingasut;</rbnfrule>
                <rbnfrule value="4">sisamat;</rbnfrule>
                <rbnfrule value="5">tallimat;</rbnfrule>
                <rbnfrule value="6">arfinillit;</rbnfrule>
                <rbnfrule value="7">arfineq-marluk;</rbnfrule>
                <rbnfrule value="8">arfineq-pingasut;</rbnfrule>
                <rbnfrule value="9">arfineq-sisamat;</rbnfrule>
                <rbnfrule value="10">qulit;</rbnfrule>
                <rbnfrule value="11">aqqanilit;</rbnfrule>
                <rbnfrule value="12">aqqaneq-marluk;</rbnfrule>
                <rbnfrule value="13">aqqaneq-pingasut;</rbnfrule>
                <rbnfrule value="14">aqqaneq-sisamat;</rbnfrule>
                <rbnfrule value="15">aqqaneq-tallimat;</rbnfrule>
                <rbnfrule value="16">arfersanillit;</rbnfrule>
                <rbnfrule value="17">arfersaneq-marluk;</rbnfrule>
                <rbnfrule value="18">arfersaneq-pingasut;</rbnfrule>
                <rbnfrule value="19">arfersaneq-sisamat;</rbnfrule>
                <rbnfrule value="20">←%%numbertimes← qulillit[ →→];</rbnfrule>
                <rbnfrule value="100">uutritit[ →→];</rbnfrule>
                <rbnfrule value="200">←%%numbertimes← uutritillit[ →→];</rbnfrule>
                <rbnfrule value="1000">tuusintit[ →→];</rbnfrule>
                <rbnfrule value="2000">←%%numbertimes← tuusintillit[ →→];</rbnfrule>
                <rbnfrule value="1000000">millionit[ →→];</rbnfrule>
                <rbnfrule value="2000000">←%%numbertimes← millionillit[ →→];</rbnfrule>
                <rbnfrule value="1000000000">milliardit[ →→];</rbnfrule>
                <rbnfrule value="2000000000">←%%numbertimes← milliardillit[ →→];</rbnfrule>
                <rbnfrule value="1000000000000">billionit[ →→];</rbnfrule>
                <rbnfrule value="2000000000000">←%%numbertimes← billioniillit[ →→];</rbnfrule>
                <rbnfrule value="1000000000000000">billiardit[ →→];</rbnfrule>
                <rbnfrule value="2000000000000000">←%%numbertimes← billiardillit[ →→];</rbnfrule>
                <rbnfrule value="1000000000000000000">=#,##0=;</rbnfrule>
            </ruleset>
        </rulesetGrouping>
    </rbnf>
</ldml>
