<?xml version="1.0" encoding="UTF-8" ?>
<!DOCTYPE ldml SYSTEM "../../common/dtd/ldml.dtd">
<!--
Copyright © 1991-2013 Unicode, Inc.
CLDR data files are interpreted according to the LDML specification (http://unicode.org/reports/tr35/)
For terms of use, see http://www.unicode.org/copyright.html
-->
<ldml>
    <identity>
        <version number="$Revision$"/>
        <language type="ko"/>
    </identity>
    <rbnf>
        <rulesetGrouping type="SpelloutRules">
            <ruleset type="spellout-numbering-year">
                <rbnfrule value="x.x">=0.0=;</rbnfrule>
                <rbnfrule value="0">=%spellout-numbering=;</rbnfrule>
            </ruleset>
            <ruleset type="spellout-numbering">
                <rbnfrule value="0.x">←%spellout-cardinal-sinokorean←점→→→;</rbnfrule>
                <rbnfrule value="x.x">←←점→→→;</rbnfrule>
                <rbnfrule value="0">공;</rbnfrule>
                <rbnfrule value="1">=%spellout-cardinal-sinokorean=;</rbnfrule>
            </ruleset>
            <ruleset type="spellout-cardinal-sinokorean">
                <rbnfrule value="-x">마이너스 →→;</rbnfrule>
                <rbnfrule value="x.x">←←점→→→;</rbnfrule>
                <rbnfrule value="0">영;</rbnfrule>
                <rbnfrule value="1">일;</rbnfrule>
                <rbnfrule value="2">이;</rbnfrule>
                <rbnfrule value="3">삼;</rbnfrule>
                <rbnfrule value="4">사;</rbnfrule>
                <rbnfrule value="5">오;</rbnfrule>
                <rbnfrule value="6">육;</rbnfrule>
                <rbnfrule value="7">칠;</rbnfrule>
                <rbnfrule value="8">팔;</rbnfrule>
                <rbnfrule value="9">구;</rbnfrule>
                <rbnfrule value="10">십[→→];</rbnfrule>
                <rbnfrule value="20">←←십[→→];</rbnfrule>
                <rbnfrule value="100">백[→→];</rbnfrule>
                <rbnfrule value="200">←←백[→→];</rbnfrule>
                <rbnfrule value="1000">천[→→];</rbnfrule>
                <rbnfrule value="2000">←←천[→→];</rbnfrule>
                <rbnfrule value="10000">만[ →→];</rbnfrule>
                <rbnfrule value="20000">←←만[ →→];</rbnfrule>
                <rbnfrule value="100000000">←←억[ →→];</rbnfrule>
                <rbnfrule value="1000000000000">←←조[ →→];</rbnfrule>
                <rbnfrule value="10000000000000000">←←경[ →→];</rbnfrule>
                <rbnfrule value="1000000000000000000">=#,##0=;</rbnfrule>
            </ruleset>
            <ruleset type="spellout-cardinal-native-attributive">
                <rbnfrule value="-x">마이너스 →→;</rbnfrule>
                <rbnfrule value="x.x">=%spellout-cardinal-sinokorean=;</rbnfrule>
                <rbnfrule value="0">영;</rbnfrule>
                <rbnfrule value="1">한;</rbnfrule>
                <rbnfrule value="2">두;</rbnfrule>
                <rbnfrule value="3">세;</rbnfrule>
                <rbnfrule value="4">네;</rbnfrule>
                <rbnfrule value="5">다섯;</rbnfrule>
                <rbnfrule value="6">여섯;</rbnfrule>
                <rbnfrule value="7">일곱;</rbnfrule>
                <rbnfrule value="8">여덟;</rbnfrule>
                <rbnfrule value="9">아홉;</rbnfrule>
                <rbnfrule value="10">열[→→];</rbnfrule>
                <rbnfrule value="20">스무;</rbnfrule>
                <rbnfrule value="21">스물[→→];</rbnfrule>
                <rbnfrule value="30">서른[→→];</rbnfrule>
                <rbnfrule value="40">마흔[→→];</rbnfrule>
                <rbnfrule value="50">쉰[→→];</rbnfrule>
                <rbnfrule value="60">예순[→→];</rbnfrule>
                <rbnfrule value="70">일흔[→→];</rbnfrule>
                <rbnfrule value="80">여든[→→];</rbnfrule>
                <rbnfrule value="90">아흔[→→];</rbnfrule>
                <rbnfrule value="100">백[→→];</rbnfrule>
                <rbnfrule value="200">←%spellout-cardinal-sinokorean←백[→→];</rbnfrule>
                <rbnfrule value="1000">천[→→];</rbnfrule>
                <rbnfrule value="2000">←%spellout-cardinal-sinokorean←천[→→];</rbnfrule>
                <rbnfrule value="10000">만[ →→];</rbnfrule>
                <rbnfrule value="20000">←%spellout-cardinal-sinokorean←만[ →→];</rbnfrule>
                <rbnfrule value="100000000">←%spellout-cardinal-sinokorean←억[ →→];</rbnfrule>
                <rbnfrule value="1000000000000">←%spellout-cardinal-sinokorean←조[ →→];</rbnfrule>
                <rbnfrule value="10000000000000000">←%spellout-cardinal-sinokorean←경[ →→];</rbnfrule>
                <rbnfrule value="1000000000000000000">=#,##0=;</rbnfrule>
            </ruleset>
            <ruleset type="spellout-cardinal-native">
                <rbnfrule value="-x">마이너스 →→;</rbnfrule>
                <rbnfrule value="x.x">=%spellout-cardinal-sinokorean=;</rbnfrule>
                <rbnfrule value="0">영;</rbnfrule>
                <rbnfrule value="1">하나;</rbnfrule>
                <rbnfrule value="2">둘;</rbnfrule>
                <rbnfrule value="3">셋;</rbnfrule>
                <rbnfrule value="4">넷;</rbnfrule>
                <rbnfrule value="5">다섯;</rbnfrule>
                <rbnfrule value="6">여섯;</rbnfrule>
                <rbnfrule value="7">일곱;</rbnfrule>
                <rbnfrule value="8">여덟;</rbnfrule>
                <rbnfrule value="9">아홉;</rbnfrule>
                <rbnfrule value="10">열[ →→];</rbnfrule>
                <rbnfrule value="20">스물[→→];</rbnfrule>
                <rbnfrule value="30">서른[→→];</rbnfrule>
                <rbnfrule value="40">마흔[→→];</rbnfrule>
                <rbnfrule value="50">쉰[→→];</rbnfrule>
                <rbnfrule value="60">예순[→→];</rbnfrule>
                <rbnfrule value="70">일흔[→→];</rbnfrule>
                <rbnfrule value="80">여든[→→];</rbnfrule>
                <rbnfrule value="90">아흔[→→];</rbnfrule>
                <rbnfrule value="100">=%spellout-cardinal-sinokorean=;</rbnfrule>
            </ruleset>
            <ruleset type="spellout-cardinal-financial">
                <rbnfrule value="-x">마이너스 →→;</rbnfrule>
                <rbnfrule value="x.x">=%spellout-cardinal-sinokorean=;</rbnfrule>
                <rbnfrule value="0">영;</rbnfrule>
                <rbnfrule value="1">일;</rbnfrule>
                <rbnfrule value="2">이;</rbnfrule>
                <rbnfrule value="3">삼;</rbnfrule>
                <rbnfrule value="4">사;</rbnfrule>
                <rbnfrule value="5">오;</rbnfrule>
                <rbnfrule value="6">육;</rbnfrule>
                <rbnfrule value="7">칠;</rbnfrule>
                <rbnfrule value="8">팔;</rbnfrule>
                <rbnfrule value="9">구;</rbnfrule>
                <rbnfrule value="10">←←십[→→];</rbnfrule>
                <rbnfrule value="100">←←백[→→];</rbnfrule>
                <rbnfrule value="1000">←←천[→→];</rbnfrule>
                <rbnfrule value="10000">←←만[→→];</rbnfrule>
                <rbnfrule value="100000000">←←억[→→];</rbnfrule>
                <rbnfrule value="1000000000000">←←조[→→];</rbnfrule>
                <rbnfrule value="10000000000000000">←←경[→→];</rbnfrule>
                <rbnfrule value="1000000000000000000">=#,##0=;</rbnfrule>
            </ruleset>
            <ruleset type="spellout-ordinal-sinokorean-count">
                <rbnfrule value="-x">마이너스 →→;</rbnfrule>
                <rbnfrule value="x.x">=#,##0.#=;</rbnfrule>
                <rbnfrule value="0">=%%spellout-ordinal-native-count-smaller= 번째;</rbnfrule>
                <rbnfrule value="10">=%%spellout-ordinal-sinokorean-count-smaller= 번째;</rbnfrule>
            </ruleset>
            <ruleset type="spellout-ordinal-sinokorean-count-smaller" access="private">
                <rbnfrule value="0">영;</rbnfrule>
                <rbnfrule value="1">한;</rbnfrule>
                <rbnfrule value="2">두;</rbnfrule>
                <rbnfrule value="3">세;</rbnfrule>
                <rbnfrule value="4">네;</rbnfrule>
                <rbnfrule value="5">다섯;</rbnfrule>
                <rbnfrule value="6">여섯;</rbnfrule>
                <rbnfrule value="7">일곱;</rbnfrule>
                <rbnfrule value="8">여덟;</rbnfrule>
                <rbnfrule value="9">아홉;</rbnfrule>
                <rbnfrule value="10">열[→→];</rbnfrule>
                <rbnfrule value="20">스무;</rbnfrule>
                <rbnfrule value="21">스물[→→];</rbnfrule>
                <rbnfrule value="30">서른[→→];</rbnfrule>
                <rbnfrule value="40">마흔[→→];</rbnfrule>
                <rbnfrule value="50">=%%spellout-ordinal-sinokorean-count-larger=;</rbnfrule>
            </ruleset>
            <ruleset type="spellout-ordinal-sinokorean-count-larger" access="private">
                <rbnfrule value="1">일;</rbnfrule>
                <rbnfrule value="2">이;</rbnfrule>
                <rbnfrule value="3">삼;</rbnfrule>
                <rbnfrule value="4">사;</rbnfrule>
                <rbnfrule value="5">오;</rbnfrule>
                <rbnfrule value="6">육;</rbnfrule>
                <rbnfrule value="7">칠;</rbnfrule>
                <rbnfrule value="8">팔;</rbnfrule>
                <rbnfrule value="9">구;</rbnfrule>
                <rbnfrule value="10">십[→→];</rbnfrule>
                <rbnfrule value="20">←←십[→→];</rbnfrule>
                <rbnfrule value="50">오십[→→];</rbnfrule>
                <rbnfrule value="60">육십[→→];</rbnfrule>
                <rbnfrule value="70">칠십[→→];</rbnfrule>
                <rbnfrule value="80">팔십[→→];</rbnfrule>
                <rbnfrule value="90">구십[→→];</rbnfrule>
                <rbnfrule value="100">백[→→];</rbnfrule>
                <rbnfrule value="200">←←백[→→];</rbnfrule>
                <rbnfrule value="1000">천[→→];</rbnfrule>
                <rbnfrule value="2000">←←천[→→];</rbnfrule>
                <rbnfrule value="10000">만[ →→];</rbnfrule>
                <rbnfrule value="20000">←←만[ →→];</rbnfrule>
                <rbnfrule value="100000000">←←억[ →→];</rbnfrule>
                <rbnfrule value="1000000000000">←←조[ →→];</rbnfrule>
                <rbnfrule value="10000000000000000">←←경[ →→];</rbnfrule>
            </ruleset>
            <ruleset type="spellout-ordinal-native-count">
                <rbnfrule value="-x">마이너스 →→;</rbnfrule>
                <rbnfrule value="x.x">=#,##0.#=;</rbnfrule>
                <rbnfrule value="0">=%%spellout-ordinal-native-count-smaller= 번째;</rbnfrule>
            </ruleset>
            <ruleset type="spellout-ordinal-native-count-smaller" access="private">
                <rbnfrule value="0">영;</rbnfrule>
                <rbnfrule value="1">첫;</rbnfrule>
                <rbnfrule value="2">=%spellout-cardinal-native-attributive=;</rbnfrule>
                <rbnfrule value="50">=%%spellout-ordinal-native-count-larger=;</rbnfrule>
            </ruleset>
            <ruleset type="spellout-ordinal-native-count-larger" access="private">
                <rbnfrule value="0">영;</rbnfrule>
                <rbnfrule value="1">한;</rbnfrule>
                <rbnfrule value="2">=%spellout-cardinal-native-attributive=;</rbnfrule>
                <rbnfrule value="30">서른[→→];</rbnfrule>
                <rbnfrule value="40">마흔[→→];</rbnfrule>
                <rbnfrule value="50">쉰[→%spellout-cardinal-native-attributive→];</rbnfrule>
                <rbnfrule value="60">예순[→%spellout-cardinal-native-attributive→];</rbnfrule>
                <rbnfrule value="70">일흔[→%spellout-cardinal-native-attributive→];</rbnfrule>
                <rbnfrule value="80">여든[→%spellout-cardinal-native-attributive→];</rbnfrule>
                <rbnfrule value="90">아흔[→%spellout-cardinal-native-attributive→];</rbnfrule>
                <rbnfrule value="100">백[→→];</rbnfrule>
                <rbnfrule value="200">←%spellout-cardinal-sinokorean←백[→→];</rbnfrule>
                <rbnfrule value="1000">천[→→];</rbnfrule>
                <rbnfrule value="2000">←%spellout-cardinal-sinokorean←천[→→];</rbnfrule>
                <rbnfrule value="10000">만[ →→];</rbnfrule>
                <rbnfrule value="20000">←%spellout-cardinal-sinokorean←만[ →→];</rbnfrule>
                <rbnfrule value="100000000">←%spellout-cardinal-sinokorean←억[ →→];</rbnfrule>
                <rbnfrule value="1000000000000">←%spellout-cardinal-sinokorean←조[ →→];</rbnfrule>
                <rbnfrule value="10000000000000000">←%spellout-cardinal-sinokorean←경[ →→];</rbnfrule>
                <rbnfrule value="1000000000000000000">=#,##0=;</rbnfrule>
            </ruleset>
            <ruleset type="spellout-ordinal-sinokorean">
                <rbnfrule value="0">=%spellout-ordinal-native=;</rbnfrule>
                <rbnfrule value="50">=%spellout-cardinal-sinokorean=째;</rbnfrule>
                <rbnfrule value="100">=%%spellout-ordinal-sinokorean-count-larger=째;</rbnfrule>
            </ruleset>
            <ruleset type="spellout-ordinal-native">
                <rbnfrule value="x.x">=#,##0.#=;</rbnfrule>
                <rbnfrule value="-x">마이너스 →→;</rbnfrule>
                <rbnfrule value="0">=%%spellout-ordinal-native-priv=째;</rbnfrule>
            </ruleset>
            <ruleset type="spellout-ordinal-native-priv" access="private">
                <rbnfrule value="0">영;</rbnfrule>
                <rbnfrule value="1">첫;</rbnfrule>
                <rbnfrule value="2">둘;</rbnfrule>
                <rbnfrule value="3">=%%spellout-ordinal-native-smaller=;</rbnfrule>
            </ruleset>
            <ruleset type="spellout-ordinal-native-smaller" access="private">
                <rbnfrule value="0">;</rbnfrule>
                <rbnfrule value="1">한;</rbnfrule>
                <rbnfrule value="2">두;</rbnfrule>
                <rbnfrule value="3">셋;</rbnfrule>
                <rbnfrule value="4">넷;</rbnfrule>
                <rbnfrule value="5">다섯;</rbnfrule>
                <rbnfrule value="6">여섯;</rbnfrule>
                <rbnfrule value="7">일곱;</rbnfrule>
                <rbnfrule value="8">여덟;</rbnfrule>
                <rbnfrule value="9">아홉;</rbnfrule>
                <rbnfrule value="10">열[→→];</rbnfrule>
                <rbnfrule value="20">스무;</rbnfrule>
                <rbnfrule value="21">스물[→→];</rbnfrule>
                <rbnfrule value="30">서른[→→];</rbnfrule>
                <rbnfrule value="40">마흔[→→];</rbnfrule>
                <rbnfrule value="50">쉰[→→];</rbnfrule>
                <rbnfrule value="60">예순[→→];</rbnfrule>
                <rbnfrule value="70">일흔[→→];</rbnfrule>
                <rbnfrule value="80">여든[→→];</rbnfrule>
                <rbnfrule value="90">아흔[→→];</rbnfrule>
                <rbnfrule value="100">백[→%%spellout-ordinal-native-smaller-x02→];</rbnfrule>
                <rbnfrule value="200">←%spellout-cardinal-sinokorean←백[→%%spellout-ordinal-native-smaller-x02→];</rbnfrule>
                <rbnfrule value="1000">천[→%%spellout-ordinal-native-smaller-x02→];</rbnfrule>
                <rbnfrule value="2000">←%spellout-cardinal-sinokorean←천[→%%spellout-ordinal-native-smaller-x02→];</rbnfrule>
                <rbnfrule value="10000">만[ →%%spellout-ordinal-native-smaller-x02→];</rbnfrule>
                <rbnfrule value="20000">←%spellout-cardinal-sinokorean←만[ →%%spellout-ordinal-native-smaller-x02→];</rbnfrule>
                <rbnfrule value="100000000">←%spellout-cardinal-sinokorean←억[ →%%spellout-ordinal-native-smaller-x02→];</rbnfrule>
                <rbnfrule value="1000000000000">←%spellout-cardinal-sinokorean←조[ →%%spellout-ordinal-native-smaller-x02→];</rbnfrule>
                <rbnfrule value="10000000000000000">←%spellout-cardinal-sinokorean←경[ →%%spellout-ordinal-native-smaller-x02→];</rbnfrule>
                <rbnfrule value="1000000000000000000">=#,##0=;</rbnfrule>
            </ruleset>
            <ruleset type="spellout-ordinal-native-smaller-x02" access="private">
                <rbnfrule value="0">=%%spellout-ordinal-native-smaller=;</rbnfrule>
                <rbnfrule value="2">둘;</rbnfrule>
                <rbnfrule value="3">=%%spellout-ordinal-native-smaller=;</rbnfrule>
            </ruleset>
        </rulesetGrouping>
        <rulesetGrouping type="OrdinalRules">
            <ruleset type="digits-ordinal">
                <rbnfrule value="-x">−→→;</rbnfrule>
                <rbnfrule value="0">=#,##0=번째;</rbnfrule>
            </ruleset>
        </rulesetGrouping>
    </rbnf>
</ldml>
