<?xml version="1.0" encoding="UTF-8" ?>
<!DOCTYPE ldml SYSTEM "../../common/dtd/ldml.dtd">
<!--
Copyright © 1991-2013 Unicode, Inc.
CLDR data files are interpreted according to the LDML specification (http://unicode.org/reports/tr35/)
For terms of use, see http://www.unicode.org/copyright.html
-->
<ldml>
    <identity>
        <version number="$Revision$"/>
        <language type="ky"/>
    </identity>
    <rbnf>
        <rulesetGrouping type="SpelloutRules">
            <ruleset type="spellout-numbering-year">
                <rbnfrule value="x.x">=0.0=;</rbnfrule>
                <rbnfrule value="0">=%spellout-numbering=;</rbnfrule>
            </ruleset>
            <ruleset type="spellout-numbering">
                <rbnfrule value="0">=%spellout-cardinal=;</rbnfrule>
            </ruleset>
            <ruleset type="spellout-cardinal">
                <rbnfrule value="-x">минус →→;</rbnfrule>
                <rbnfrule value="x.x">←← бүтүн →%%z-spellout-fraction→;</rbnfrule>
                <rbnfrule value="0">нөл;</rbnfrule>
                <rbnfrule value="1">бир;</rbnfrule>
                <rbnfrule value="2">эки;</rbnfrule>
                <rbnfrule value="3">үч;</rbnfrule>
                <rbnfrule value="4">төрт;</rbnfrule>
                <rbnfrule value="5">беш;</rbnfrule>
                <rbnfrule value="6">алты;</rbnfrule>
                <rbnfrule value="7">жети;</rbnfrule>
                <rbnfrule value="8">сегиз;</rbnfrule>
                <rbnfrule value="9">тогуз;</rbnfrule>
                <rbnfrule value="10">он[ →→];</rbnfrule>
                <rbnfrule value="20">жыйырма[ →→];</rbnfrule>
                <rbnfrule value="30">отуз[ →→];</rbnfrule>
                <rbnfrule value="40">кырк[ →→];</rbnfrule>
                <rbnfrule value="50">элүү[ →→];</rbnfrule>
                <rbnfrule value="60">алтымыш[ →→];</rbnfrule>
                <rbnfrule value="70">жетимиш[ →→];</rbnfrule>
                <rbnfrule value="80">сексен[ →→];</rbnfrule>
                <rbnfrule value="90">токсон[ →→];</rbnfrule>
                <rbnfrule value="100">жүз;</rbnfrule>
                <rbnfrule value="101">←← жүз[ →→];</rbnfrule>
                <rbnfrule value="200">←← жүз[ →→];</rbnfrule>
                <rbnfrule value="1000">миң;</rbnfrule>
                <rbnfrule value="1001">←← миң[ →→];</rbnfrule>
                <rbnfrule value="2000">←← миң[ →→];</rbnfrule>
                <rbnfrule value="1000000">миллион;</rbnfrule>
                <rbnfrule value="1000001">←← миллион[ →→];</rbnfrule>
                <rbnfrule value="2000000">←← миллион[ →→];</rbnfrule>
                <rbnfrule value="1000000000">миллиард;</rbnfrule>
                <rbnfrule value="1000000001">←← миллиард[ →→];</rbnfrule>
                <rbnfrule value="2000000000">←← миллиард[ →→];</rbnfrule>
                <rbnfrule value="1000000000000">триллион;</rbnfrule>
                <rbnfrule value="1000000000001">←← триллион[ →→];</rbnfrule>
                <rbnfrule value="2000000000000">←← триллион[ →→];</rbnfrule>
                <rbnfrule value="1000000000000000">квадриллион;</rbnfrule>
                <rbnfrule value="1000000000000001">←← квадриллион[ →→];</rbnfrule>
                <rbnfrule value="2000000000000000">←← квадриллион[ →→];</rbnfrule>
                <rbnfrule value="1000000000000000000">=#,##0=;</rbnfrule>
            </ruleset>
            <ruleset type="and" access="private">
                <rbnfrule value="0">' жана =%spellout-cardinal-verbose=;</rbnfrule>
                <rbnfrule value="100">' =%spellout-cardinal-verbose=;</rbnfrule>
            </ruleset>
            <ruleset type="commas" access="private">
                <rbnfrule value="0">' жана =%spellout-cardinal-verbose=;</rbnfrule>
                <rbnfrule value="100">, =%spellout-cardinal-verbose=;</rbnfrule>
                <rbnfrule value="1000">, ←%spellout-cardinal-verbose← миң[→%%commas→];</rbnfrule>
                <rbnfrule value="1000000">, =%spellout-cardinal-verbose=;</rbnfrule>
            </ruleset>
            <ruleset type="spellout-cardinal-verbose">
                <rbnfrule value="-x">минус →→;</rbnfrule>
                <rbnfrule value="x.x">←← бүтүн →%%z-spellout-fraction→;</rbnfrule>
                <rbnfrule value="0">=%spellout-cardinal=;</rbnfrule>
                <rbnfrule value="100">жүз;</rbnfrule>
                <rbnfrule value="101">←← жүз[→%%and→];</rbnfrule>
                <rbnfrule value="200">←← жүз[→%%and→];</rbnfrule>
                <rbnfrule value="1000">миң;</rbnfrule>
                <rbnfrule value="1001">←← миң[→%%and→];</rbnfrule>
                <rbnfrule value="2000">←← миң[→%%and→];</rbnfrule>
                <rbnfrule value="100000">←← миң[→%%commas→];</rbnfrule>
                <rbnfrule value="1000000">миллион;</rbnfrule>
                <rbnfrule value="1000001">←← миллион[→%%commas→];</rbnfrule>
                <rbnfrule value="2000000">←← миллион[→%%commas→];</rbnfrule>
                <rbnfrule value="1000000000">миллиард;</rbnfrule>
                <rbnfrule value="1000000001">←← миллиард[→%%commas→];</rbnfrule>
                <rbnfrule value="2000000000">←← миллиард[→%%commas→];</rbnfrule>
                <rbnfrule value="1000000000000">триллион;</rbnfrule>
                <rbnfrule value="1000000000001">←← триллион[→%%commas→];</rbnfrule>
                <rbnfrule value="2000000000000">←← триллион[→%%commas→];</rbnfrule>
                <rbnfrule value="1000000000000000">квадриллион;</rbnfrule>
                <rbnfrule value="1000000000000001">←← квадриллион[→%%commas→];</rbnfrule>
                <rbnfrule value="2000000000000000">←← квадриллион[→%%commas→];</rbnfrule>
                <rbnfrule value="1000000000000000000">=#,##0=;</rbnfrule>
            </ruleset>
            <ruleset type="inci" access="private">
                <rbnfrule value="0">инчи;</rbnfrule>
                <rbnfrule value="1">' =%spellout-ordinal=;</rbnfrule>
            </ruleset>
            <ruleset type="ingci" access="private">
                <rbnfrule value="0">иңчи;</rbnfrule>
                <rbnfrule value="1">' =%spellout-ordinal=;</rbnfrule>
            </ruleset>
            <ruleset type="uncu" access="private">
                <rbnfrule value="0">ынчы;</rbnfrule>
                <rbnfrule value="1">' =%spellout-ordinal=;</rbnfrule>
            </ruleset>
            <ruleset type="ncu" access="private">
                <rbnfrule value="0">нчы;</rbnfrule>
                <rbnfrule value="1">' =%spellout-ordinal=;</rbnfrule>
            </ruleset>
            <ruleset type="yncy2" access="private">
                <rbnfrule value="0">үнчү;</rbnfrule>
                <rbnfrule value="1">' =%spellout-ordinal=;</rbnfrule>
            </ruleset>
            <ruleset type="ncy" access="private">
                <rbnfrule value="0">нчү;</rbnfrule>
                <rbnfrule value="1">' =%spellout-ordinal=;</rbnfrule>
            </ruleset>
            <ruleset type="yncy" access="private">
                <rbnfrule value="0">унчу;</rbnfrule>
                <rbnfrule value="1">' =%spellout-ordinal=;</rbnfrule>
            </ruleset>
            <ruleset type="spellout-ordinal">
                <rbnfrule value="-x">минус →→;</rbnfrule>
                <rbnfrule value="x.x">=#,##0.#=;</rbnfrule>
                <rbnfrule value="0">нөлүнчү;</rbnfrule>
                <rbnfrule value="1">биринчи;</rbnfrule>
                <rbnfrule value="2">экинчи;</rbnfrule>
                <rbnfrule value="3">үчүнчү;</rbnfrule>
                <rbnfrule value="4">төртүнчү;</rbnfrule>
                <rbnfrule value="5">бешинчи;</rbnfrule>
                <rbnfrule value="6">алтынчы;</rbnfrule>
                <rbnfrule value="7">жетинчи;</rbnfrule>
                <rbnfrule value="8">сегизинчи;</rbnfrule>
                <rbnfrule value="9">тогузунчу;</rbnfrule>
                <rbnfrule value="10">он→%%yncy→;</rbnfrule>
                <rbnfrule value="20">жыйырма→%%ncu→;</rbnfrule>
                <rbnfrule value="30">отуз→%%yncy→;</rbnfrule>
                <rbnfrule value="40">кырк→%%uncu→;</rbnfrule>
                <rbnfrule value="50">элүү→%%ncy→;</rbnfrule>
                <rbnfrule value="60">алтымыш→%%uncu→;</rbnfrule>
                <rbnfrule value="70">жетимиш→%%inci→;</rbnfrule>
                <rbnfrule value="80">сексен→%%inci→;</rbnfrule>
                <rbnfrule value="90">токсон→%%yncy→;</rbnfrule>
                <rbnfrule value="100">жүзүнчү;</rbnfrule>
                <rbnfrule value="101">←%spellout-numbering← жүз→%%yncy2→;</rbnfrule>
                <rbnfrule value="200">←%spellout-numbering← жүз→%%yncy2→;</rbnfrule>
                <rbnfrule value="1000">миңиңчи;</rbnfrule>
                <rbnfrule value="1001">←%spellout-numbering← миң→%%ingci→;</rbnfrule>
                <rbnfrule value="2000">←%spellout-numbering← миң→%%ingci→;</rbnfrule>
                <rbnfrule value="1000000">миллионунчу;</rbnfrule>
                <rbnfrule value="1000001">←%spellout-numbering← миллион→%%yncy→;</rbnfrule>
                <rbnfrule value="2000000">←%spellout-numbering← миллион→%%yncy→;</rbnfrule>
                <rbnfrule value="1000000000">миллиардынчы;</rbnfrule>
                <rbnfrule value="1000000001">←%spellout-numbering← миллиард→%%uncu→;</rbnfrule>
                <rbnfrule value="2000000000">←%spellout-numbering← миллиард→%%uncu→;</rbnfrule>
                <rbnfrule value="1000000000000">триллионунчу;</rbnfrule>
                <rbnfrule value="1000000000001">←%spellout-numbering← триллион→%%yncy→;</rbnfrule>
                <rbnfrule value="2000000000000">←%spellout-numbering← триллион→%%yncy→;</rbnfrule>
                <rbnfrule value="1000000000000000">квадриллионунчу;</rbnfrule>
                <rbnfrule value="1000000000000001">←%spellout-numbering← квадриллион→%%yncy→;</rbnfrule>
                <rbnfrule value="2000000000000000">←%spellout-numbering← квадриллион→%%yncy→;</rbnfrule>
                <rbnfrule value="1000000000000000000">=#,##0='inci;</rbnfrule>
            </ruleset>
            <ruleset type="z-spellout-fraction" access="private">
                <rbnfrule value="10">ондон ←%spellout-numbering←;</rbnfrule>
                <rbnfrule value="100">жүздөн ←%spellout-numbering←;</rbnfrule>
                <rbnfrule value="1000">миңден ←%spellout-numbering←;</rbnfrule>
                <rbnfrule value="10000">он миңден ←%spellout-numbering←;</rbnfrule>
                <rbnfrule value="100000">жүз миңден ←%spellout-numbering←;</rbnfrule>
                <rbnfrule value="1000000">миллиондон ←%spellout-numbering←;</rbnfrule>
                <rbnfrule value="10000000">он миллиондон ←%spellout-numbering←;</rbnfrule>
                <rbnfrule value="100000000">жүз миллиондон ←%spellout-numbering←;</rbnfrule>
                <rbnfrule value="1000000000">миллиарддан ←%spellout-numbering←;</rbnfrule>
                <rbnfrule value="10000000000">он миллиарддан ←%spellout-numbering←;</rbnfrule>
                <rbnfrule value="100000000000">жүз миллиарддан ←%spellout-numbering←;</rbnfrule>
                <rbnfrule value="1000000000000">0* ←#,##0←←;</rbnfrule>
            </ruleset>
        </rulesetGrouping>
        <rulesetGrouping type="OrdinalRules">
            <ruleset type="digits-ordinal-indicator" access="private">
                <rbnfrule value="0">''инчи;</rbnfrule>
            </ruleset>
            <ruleset type="digits-ordinal">
                <rbnfrule value="-x">−→→;</rbnfrule>
                <rbnfrule value="0">=#,##0==%%digits-ordinal-indicator=;</rbnfrule>
            </ruleset>
        </rulesetGrouping>
    </rbnf>
</ldml>
