<?xml version="1.0" encoding="UTF-8" ?>
<!DOCTYPE ldml SYSTEM "../../common/dtd/ldml.dtd">
<!--
Copyright © 1991-2013 Unicode, Inc.
CLDR data files are interpreted according to the LDML specification (http://unicode.org/reports/tr35/)
For terms of use, see http://www.unicode.org/copyright.html
-->
<ldml>
    <identity>
        <version number="$Revision$"/>
        <language type="sl"/>
    </identity>
    <rbnf>
        <rulesetGrouping type="SpelloutRules">
            <ruleset type="spellout-numbering-year">
                <rbnfrule value="x.x">=0.0=;</rbnfrule>
                <rbnfrule value="0">=%spellout-numbering=;</rbnfrule>
            </ruleset>
            <ruleset type="spellout-numbering">
                <rbnfrule value="0">=%spellout-cardinal-masculine=;</rbnfrule>
            </ruleset>
            <ruleset type="spellout-cardinal-masculine">
                <rbnfrule value="-x">minus →→;</rbnfrule>
                <rbnfrule value="x.x">←← vejica →→;</rbnfrule>
                <rbnfrule value="0">nič;</rbnfrule>
                <rbnfrule value="1">ena;</rbnfrule>
                <rbnfrule value="2">dva;</rbnfrule>
                <rbnfrule value="3">tri;</rbnfrule>
                <rbnfrule value="4">štiri;</rbnfrule>
                <rbnfrule value="5">pet;</rbnfrule>
                <rbnfrule value="6">šest;</rbnfrule>
                <rbnfrule value="7">sedem;</rbnfrule>
                <rbnfrule value="8">osem;</rbnfrule>
                <rbnfrule value="9">devet;</rbnfrule>
                <rbnfrule value="10">deset;</rbnfrule>
                <rbnfrule value="11">enajst;</rbnfrule>
                <rbnfrule value="12">dvanajst;</rbnfrule>
                <rbnfrule value="13">trinajst;</rbnfrule>
                <rbnfrule value="14">štrinajst;</rbnfrule>
                <rbnfrule value="15">petnajst;</rbnfrule>
                <rbnfrule value="16">šestnajst;</rbnfrule>
                <rbnfrule value="17">sedemnajst;</rbnfrule>
                <rbnfrule value="18">asemnajst;</rbnfrule>
                <rbnfrule value="19">devetnajst;</rbnfrule>
                <rbnfrule value="20">dvaset[ →→];</rbnfrule>
                <rbnfrule value="30">←←deset[ →→];</rbnfrule>
                <rbnfrule value="100">sto[ →→];</rbnfrule>
                <rbnfrule value="200">dvjesto[ →→];</rbnfrule>
                <rbnfrule value="300">tristo[ →→];</rbnfrule>
                <rbnfrule value="400">štiristo[ →→];</rbnfrule>
                <rbnfrule value="500">petsto[ →→];</rbnfrule>
                <rbnfrule value="600">šesto[ →→];</rbnfrule>
                <rbnfrule value="700">sedemsto[ →→];</rbnfrule>
                <rbnfrule value="800">osemsto[ →→];</rbnfrule>
                <rbnfrule value="900">devetsto[ →→];</rbnfrule>
                <rbnfrule value="1000">tisuću[ →→];</rbnfrule>
                <rbnfrule value="2000">←%spellout-cardinal-feminine← tisuće[ →→];</rbnfrule>
                <rbnfrule value="5000">←%spellout-cardinal-feminine← tisuću[ →→];</rbnfrule>
                <rbnfrule value="1000000">←%spellout-cardinal-masculine← milijun[ →→];</rbnfrule>
                <rbnfrule value="2000000">←%spellout-cardinal-masculine← milijuny[ →→];</rbnfrule>
                <rbnfrule value="5000000">←%spellout-cardinal-masculine← milijun[ →→];</rbnfrule>
                <rbnfrule value="1000000000">←%spellout-cardinal-masculine← miliarda[ →→];</rbnfrule>
                <rbnfrule value="2000000000">←%spellout-cardinal-masculine← miliardy[ →→];</rbnfrule>
                <rbnfrule value="5000000000">←%spellout-cardinal-masculine← miliarda[ →→];</rbnfrule>
                <rbnfrule value="1000000000000">←%spellout-cardinal-masculine← bilijun[ →→];</rbnfrule>
                <rbnfrule value="2000000000000">←%spellout-cardinal-masculine← bilijuny[ →→];</rbnfrule>
                <rbnfrule value="5000000000000">←%spellout-cardinal-masculine← bilijun[ →→];</rbnfrule>
                <rbnfrule value="1000000000000000">←%spellout-cardinal-masculine← biliarda[ →→];</rbnfrule>
                <rbnfrule value="2000000000000000">←%spellout-cardinal-masculine← biliardy[ →→];</rbnfrule>
                <rbnfrule value="5000000000000000">←%spellout-cardinal-masculine← biliarda[ →→];</rbnfrule>
                <rbnfrule value="1000000000000000000">=#,##0=;</rbnfrule>
            </ruleset>
            <ruleset type="spellout-cardinal-neuter">
                <rbnfrule value="-x">minus →→;</rbnfrule>
                <rbnfrule value="x.x">←← vejica →→;</rbnfrule>
                <rbnfrule value="0">nič;</rbnfrule>
                <rbnfrule value="1">ena;</rbnfrule>
                <rbnfrule value="2">dve;</rbnfrule>
                <rbnfrule value="3">=%spellout-cardinal-masculine=;</rbnfrule>
                <rbnfrule value="20">dvaset[ →→];</rbnfrule>
                <rbnfrule value="30">←←deset[ →→];</rbnfrule>
                <rbnfrule value="100">sto[ →→];</rbnfrule>
                <rbnfrule value="200">dvjesto[ →→];</rbnfrule>
                <rbnfrule value="300">tristo[ →→];</rbnfrule>
                <rbnfrule value="400">štiristo[ →→];</rbnfrule>
                <rbnfrule value="500">petsto[ →→];</rbnfrule>
                <rbnfrule value="600">šesto[ →→];</rbnfrule>
                <rbnfrule value="700">sedemsto[ →→];</rbnfrule>
                <rbnfrule value="800">osemsto[ →→];</rbnfrule>
                <rbnfrule value="900">devetsto[ →→];</rbnfrule>
                <rbnfrule value="1000">tisuću[ →→];</rbnfrule>
                <rbnfrule value="2000">←%spellout-cardinal-feminine← tisuće[ →→];</rbnfrule>
                <rbnfrule value="5000">←%spellout-cardinal-feminine← tisuću[ →→];</rbnfrule>
                <rbnfrule value="1000000">←%spellout-cardinal-masculine← milijun[ →→];</rbnfrule>
                <rbnfrule value="2000000">←%spellout-cardinal-masculine← milijuny[ →→];</rbnfrule>
                <rbnfrule value="5000000">←%spellout-cardinal-masculine← milijun[ →→];</rbnfrule>
                <rbnfrule value="1000000000">←%spellout-cardinal-masculine← miliarda[ →→];</rbnfrule>
                <rbnfrule value="2000000000">←%spellout-cardinal-masculine← miliardy[ →→];</rbnfrule>
                <rbnfrule value="5000000000">←%spellout-cardinal-masculine← miliarda[ →→];</rbnfrule>
                <rbnfrule value="1000000000000">←%spellout-cardinal-masculine← bilijun[ →→];</rbnfrule>
                <rbnfrule value="2000000000000">←%spellout-cardinal-masculine← bilijuny[ →→];</rbnfrule>
                <rbnfrule value="5000000000000">←%spellout-cardinal-masculine← bilijun[ →→];</rbnfrule>
                <rbnfrule value="1000000000000000">←%spellout-cardinal-masculine← biliarda[ →→];</rbnfrule>
                <rbnfrule value="2000000000000000">←%spellout-cardinal-masculine← biliardy[ →→];</rbnfrule>
                <rbnfrule value="5000000000000000">←%spellout-cardinal-masculine← biliarda[ →→];</rbnfrule>
                <rbnfrule value="1000000000000000000">=#,##0=;</rbnfrule>
            </ruleset>
            <ruleset type="spellout-cardinal-feminine">
                <rbnfrule value="-x">minus →→;</rbnfrule>
                <rbnfrule value="x.x">←← vejica →→;</rbnfrule>
                <rbnfrule value="0">nič;</rbnfrule>
                <rbnfrule value="1">ena;</rbnfrule>
                <rbnfrule value="2">dvije;</rbnfrule>
                <rbnfrule value="3">=%spellout-cardinal-masculine=;</rbnfrule>
                <rbnfrule value="20">dvaset[ →→];</rbnfrule>
                <rbnfrule value="30">←←deset[ →→];</rbnfrule>
                <rbnfrule value="100">sto[ →→];</rbnfrule>
                <rbnfrule value="200">dvjesto[ →→];</rbnfrule>
                <rbnfrule value="300">tristo[ →→];</rbnfrule>
                <rbnfrule value="400">štiristo[ →→];</rbnfrule>
                <rbnfrule value="500">petsto[ →→];</rbnfrule>
                <rbnfrule value="600">šesto[ →→];</rbnfrule>
                <rbnfrule value="700">sedemsto[ →→];</rbnfrule>
                <rbnfrule value="800">osemsto[ →→];</rbnfrule>
                <rbnfrule value="900">devetsto[ →→];</rbnfrule>
                <rbnfrule value="1000">tisuću[ →→];</rbnfrule>
                <rbnfrule value="2000">←%spellout-cardinal-feminine← tisuće[ →→];</rbnfrule>
                <rbnfrule value="5000">←%spellout-cardinal-feminine← tisuću[ →→];</rbnfrule>
                <rbnfrule value="1000000">←%spellout-cardinal-masculine← milijun[ →→];</rbnfrule>
                <rbnfrule value="2000000">←%spellout-cardinal-masculine← milijuny[ →→];</rbnfrule>
                <rbnfrule value="5000000">←%spellout-cardinal-masculine← milijun[ →→];</rbnfrule>
                <rbnfrule value="1000000000">←%spellout-cardinal-masculine← miliarda[ →→];</rbnfrule>
                <rbnfrule value="2000000000">←%spellout-cardinal-masculine← miliardy[ →→];</rbnfrule>
                <rbnfrule value="5000000000">←%spellout-cardinal-masculine← miliarda[ →→];</rbnfrule>
                <rbnfrule value="1000000000000">←%spellout-cardinal-masculine← bilijun[ →→];</rbnfrule>
                <rbnfrule value="2000000000000">←%spellout-cardinal-masculine← bilijuny[ →→];</rbnfrule>
                <rbnfrule value="5000000000000">←%spellout-cardinal-masculine← bilijun[ →→];</rbnfrule>
                <rbnfrule value="1000000000000000">←%spellout-cardinal-masculine← biliarda[ →→];</rbnfrule>
                <rbnfrule value="2000000000000000">←%spellout-cardinal-masculine← biliardy[ →→];</rbnfrule>
                <rbnfrule value="5000000000000000">←%spellout-cardinal-masculine← biliarda[ →→];</rbnfrule>
                <rbnfrule value="1000000000000000000">=#,##0=;</rbnfrule>
            </ruleset>
        </rulesetGrouping>
    </rbnf>
</ldml>
