<?xml version="1.0" encoding="UTF-8" ?>
<!DOCTYPE ldml SYSTEM "../../common/dtd/ldml.dtd">
<!--
Copyright © 1991-2013 Unicode, Inc.
CLDR data files are interpreted according to the LDML specification (http://unicode.org/reports/tr35/)
For terms of use, see http://www.unicode.org/copyright.html
-->
<ldml>
    <identity>
        <version number="$Revision$"/>
        <language type="sq"/>
    </identity>
    <rbnf>
        <rulesetGrouping type="SpelloutRules">
            <ruleset type="spellout-numbering-year">
                <rbnfrule value="x.x">=0.0=;</rbnfrule>
                <rbnfrule value="0">=%spellout-numbering=;</rbnfrule>
            </ruleset>
            <ruleset type="spellout-numbering">
                <rbnfrule value="0">=%spellout-cardinal-masculine=;</rbnfrule>
            </ruleset>
            <ruleset type="spellout-cardinal-masculine">
                <rbnfrule value="-x">minus →→;</rbnfrule>
                <rbnfrule value="x.x">←← presje →→;</rbnfrule>
                <rbnfrule value="0">zero;</rbnfrule>
                <rbnfrule value="1">një;</rbnfrule>
                <rbnfrule value="2">dy;</rbnfrule>
                <rbnfrule value="3">tre;</rbnfrule>
                <rbnfrule value="4">katër;</rbnfrule>
                <rbnfrule value="5">pesë;</rbnfrule>
                <rbnfrule value="6">gjashtë;</rbnfrule>
                <rbnfrule value="7">shtatë;</rbnfrule>
                <rbnfrule value="8">tetë;</rbnfrule>
                <rbnfrule value="9">nëntë;</rbnfrule>
                <rbnfrule value="10">dhjetë;</rbnfrule>
                <rbnfrule value="11">→%spellout-cardinal-masculine→mbëdhjetë;</rbnfrule>
                <rbnfrule value="20">njëzet[ e →→];</rbnfrule>
                <rbnfrule value="30">tridhjetë[ e →→];</rbnfrule>
                <rbnfrule value="40">dyzet[ e →→];</rbnfrule>
                <rbnfrule value="50">←%spellout-cardinal-feminine←dhjetë[ e →→];</rbnfrule>
                <rbnfrule value="100">←%spellout-cardinal-masculine←qind[ e →→];</rbnfrule>
                <rbnfrule value="1000">←%spellout-cardinal-masculine← mijë[ e →→];</rbnfrule>
                <rbnfrule value="1000000">një milion[ e →→];</rbnfrule>
                <rbnfrule value="2000000">←%spellout-cardinal-feminine← milionë[ e →→];</rbnfrule>
                <rbnfrule value="1000000000">një miliar[ e →→];</rbnfrule>
                <rbnfrule value="2000000000">←%spellout-cardinal-feminine← miliarë[ e →→];</rbnfrule>
                <rbnfrule value="1000000000000">një bilion[ e →→];</rbnfrule>
                <rbnfrule value="2000000000000">←%spellout-cardinal-feminine← bilionë[ e →→];</rbnfrule>
                <rbnfrule value="1000000000000000">një biliar[ e →→];</rbnfrule>
                <rbnfrule value="2000000000000000">←%spellout-cardinal-feminine← biliarë[ e →→];</rbnfrule>
                <rbnfrule value="1000000000000000000">=#,##0=;</rbnfrule>
            </ruleset>
            <ruleset type="spellout-cardinal-feminine">
                <rbnfrule value="-x">minus →→;</rbnfrule>
                <rbnfrule value="x.x">←← presje →→;</rbnfrule>
                <rbnfrule value="0">zero;</rbnfrule>
                <rbnfrule value="1">një;</rbnfrule>
                <rbnfrule value="2">dy;</rbnfrule>
                <rbnfrule value="3">tri;</rbnfrule>
                <rbnfrule value="4">=%spellout-cardinal-masculine=;</rbnfrule>
                <rbnfrule value="20">njëzet[ e →→];</rbnfrule>
                <rbnfrule value="30">tridhjetë[ e →→];</rbnfrule>
                <rbnfrule value="40">dyzet[ e →→];</rbnfrule>
                <rbnfrule value="50">←%spellout-cardinal-feminine←dhjetë[ e →→];</rbnfrule>
                <rbnfrule value="100">←%spellout-cardinal-masculine←qind[ e →→];</rbnfrule>
                <rbnfrule value="1000">←%spellout-cardinal-masculine← mijë[ e →→];</rbnfrule>
                <rbnfrule value="1000000">një milion[ e →→];</rbnfrule>
                <rbnfrule value="2000000">←%spellout-cardinal-feminine← milionë[ e →→];</rbnfrule>
                <rbnfrule value="1000000000">një miliar[ e →→];</rbnfrule>
                <rbnfrule value="2000000000">←%spellout-cardinal-feminine← miliarë[ e →→];</rbnfrule>
                <rbnfrule value="1000000000000">një bilion[ e →→];</rbnfrule>
                <rbnfrule value="2000000000000">←%spellout-cardinal-feminine← bilionë[ e →→];</rbnfrule>
                <rbnfrule value="1000000000000000">një biliar[ e →→];</rbnfrule>
                <rbnfrule value="2000000000000000">←%spellout-cardinal-feminine← biliarë[ e →→];</rbnfrule>
                <rbnfrule value="1000000000000000000">=#,##0=;</rbnfrule>
            </ruleset>
        </rulesetGrouping>
    </rbnf>
</ldml>
