<?xml version="1.0" encoding="UTF-8" ?>
<!DOCTYPE ldml SYSTEM "../../common/dtd/ldml.dtd">
<!-- Copyright © 1991-2020 Unicode, Inc.
For terms of use, see http://www.unicode.org/copyright.html
Unicode and the Unicode Logo are registered trademarks of Unicode, Inc. in the U.S. and other countries.
CLDR data files are interpreted according to the LDML specification (http://unicode.org/reports/tr35/)
-->
<ldml>
	<identity>
		<version number="$Revision$"/>
		<language type="sr"/>
		<script type="Latn"/>
	</identity>
	<rbnf>
		<rulesetGrouping type="SpelloutRules">
			<ruleset type="spellout-numbering-year">
				<rbnfrule value="x.x">=0.0=;</rbnfrule>
				<rbnfrule value="0">=%spellout-numbering=;</rbnfrule>
			</ruleset>
			<ruleset type="spellout-numbering">
				<rbnfrule value="0">=%spellout-cardinal-masculine=;</rbnfrule>
			</ruleset>
			<ruleset type="spellout-cardinal-masculine">
				<rbnfrule value="-x">minus →→;</rbnfrule>
				<rbnfrule value="x.x">←← koma →→;</rbnfrule>
				<rbnfrule value="0">nula;</rbnfrule>
				<rbnfrule value="1">jedan;</rbnfrule>
				<rbnfrule value="2">dva;</rbnfrule>
				<rbnfrule value="3">tri;</rbnfrule>
				<rbnfrule value="4">četiri;</rbnfrule>
				<rbnfrule value="5">pet;</rbnfrule>
				<rbnfrule value="6">šest;</rbnfrule>
				<rbnfrule value="7">sedam;</rbnfrule>
				<rbnfrule value="8">osam;</rbnfrule>
				<rbnfrule value="9">devet;</rbnfrule>
				<rbnfrule value="10">deset;</rbnfrule>
				<rbnfrule value="11">jedanaest;</rbnfrule>
				<rbnfrule value="12">dvanaest;</rbnfrule>
				<rbnfrule value="13">trinaest;</rbnfrule>
				<rbnfrule value="14">četrnaest;</rbnfrule>
				<rbnfrule value="15">petnaest;</rbnfrule>
				<rbnfrule value="16">šesnaest;</rbnfrule>
				<rbnfrule value="17">sedamnaest;</rbnfrule>
				<rbnfrule value="18">osamnaest;</rbnfrule>
				<rbnfrule value="19">devetnaest;</rbnfrule>
				<rbnfrule value="20">dvadeset[ i →→];</rbnfrule>
				<rbnfrule value="30">trideset[ i →→];</rbnfrule>
				<rbnfrule value="40">četrdeset[ i →→];</rbnfrule>
				<rbnfrule value="50">pedeset[ i →→];</rbnfrule>
				<rbnfrule value="60">šezdeset[ i →→];</rbnfrule>
				<rbnfrule value="70">sedamdeset[ i →→];</rbnfrule>
				<rbnfrule value="80">osamdeset[ i →→];</rbnfrule>
				<rbnfrule value="90">devedeset[ i →→];</rbnfrule>
				<rbnfrule value="100">sto[ →→];</rbnfrule>
				<rbnfrule value="200">dvesta[ →→];</rbnfrule>
				<rbnfrule value="300">trista[ →→];</rbnfrule>
				<rbnfrule value="400">←%spellout-cardinal-feminine←sto[ →→];</rbnfrule>
				<rbnfrule value="1000">←%spellout-cardinal-feminine← hiljadu[ →→];</rbnfrule>
				<rbnfrule value="2000">←%spellout-cardinal-feminine← hiljada[ →→];</rbnfrule>
				<rbnfrule value="1000000">←%spellout-cardinal-masculine← milion[ →→];</rbnfrule>
				<rbnfrule value="1000000000">←%spellout-cardinal-masculine← milijarda[ →→];</rbnfrule>
				<rbnfrule value="1000000000000">←%spellout-cardinal-masculine← bilion[ →→];</rbnfrule>
				<rbnfrule value="1000000000000000">←%spellout-cardinal-masculine← bilijarda[ →→];</rbnfrule>
				<rbnfrule value="1000000000000000000">=#,##0=;</rbnfrule>
			</ruleset>
			<ruleset type="spellout-cardinal-neuter">
				<rbnfrule value="-x">minus →→;</rbnfrule>
				<rbnfrule value="x.x">←← koma →→;</rbnfrule>
				<rbnfrule value="0">nula;</rbnfrule>
				<rbnfrule value="1">jedno;</rbnfrule>
				<rbnfrule value="2">dva;</rbnfrule>
				<rbnfrule value="3">=%spellout-cardinal-masculine=;</rbnfrule>
				<rbnfrule value="20">dvadeset[ i →→];</rbnfrule>
				<rbnfrule value="30">trideset[ i →→];</rbnfrule>
				<rbnfrule value="40">četrdeset[ i →→];</rbnfrule>
				<rbnfrule value="50">pedeset[ i →→];</rbnfrule>
				<rbnfrule value="60">šezdeset[ i →→];</rbnfrule>
				<rbnfrule value="70">sedamdeset[ i →→];</rbnfrule>
				<rbnfrule value="80">osamdeset[ i →→];</rbnfrule>
				<rbnfrule value="90">devedeset[ i →→];</rbnfrule>
				<rbnfrule value="100">sto[ →→];</rbnfrule>
				<rbnfrule value="200">dvesta[ →→];</rbnfrule>
				<rbnfrule value="300">trista[ →→];</rbnfrule>
				<rbnfrule value="400">←%spellout-cardinal-feminine←sto[ →→];</rbnfrule>
				<rbnfrule value="1000">←%spellout-cardinal-feminine← hiljadu[ →→];</rbnfrule>
				<rbnfrule value="2000">←%spellout-cardinal-feminine← hiljada[ →→];</rbnfrule>
				<rbnfrule value="1000000">←%spellout-cardinal-masculine← milion[ →→];</rbnfrule>
				<rbnfrule value="1000000000">←%spellout-cardinal-masculine← milijarda[ →→];</rbnfrule>
				<rbnfrule value="1000000000000">←%spellout-cardinal-masculine← bilion[ →→];</rbnfrule>
				<rbnfrule value="1000000000000000">←%spellout-cardinal-masculine← bilijarda[ →→];</rbnfrule>
				<rbnfrule value="1000000000000000000">=#,##0=;</rbnfrule>
			</ruleset>
			<ruleset type="spellout-cardinal-feminine">
				<rbnfrule value="-x">minus →→;</rbnfrule>
				<rbnfrule value="x.x">←← koma →→;</rbnfrule>
				<rbnfrule value="0">nula;</rbnfrule>
				<rbnfrule value="1">jedna;</rbnfrule>
				<rbnfrule value="2">dve;</rbnfrule>
				<rbnfrule value="3">=%spellout-cardinal-masculine=;</rbnfrule>
				<rbnfrule value="20">dvadeset[ i →→];</rbnfrule>
				<rbnfrule value="30">trideset[ i →→];</rbnfrule>
				<rbnfrule value="40">četrdeset[ i →→];</rbnfrule>
				<rbnfrule value="50">pedeset[ i →→];</rbnfrule>
				<rbnfrule value="60">šezdeset[ i →→];</rbnfrule>
				<rbnfrule value="70">sedamdeset[ i →→];</rbnfrule>
				<rbnfrule value="80">osamdeset[ i →→];</rbnfrule>
				<rbnfrule value="90">devedeset[ i →→];</rbnfrule>
				<rbnfrule value="100">sto[ →→];</rbnfrule>
				<rbnfrule value="200">dvesta[ →→];</rbnfrule>
				<rbnfrule value="300">trista[ →→];</rbnfrule>
				<rbnfrule value="400">←%spellout-cardinal-feminine←sto[ →→];</rbnfrule>
				<rbnfrule value="1000">←%spellout-cardinal-feminine← hiljadu[ →→];</rbnfrule>
				<rbnfrule value="2000">←%spellout-cardinal-feminine← hiljada[ →→];</rbnfrule>
				<rbnfrule value="1000000">←%spellout-cardinal-masculine← milion[ →→];</rbnfrule>
				<rbnfrule value="1000000000">←%spellout-cardinal-masculine← milijarda[ →→];</rbnfrule>
				<rbnfrule value="1000000000000">←%spellout-cardinal-masculine← bilion[ →→];</rbnfrule>
				<rbnfrule value="1000000000000000">←%spellout-cardinal-masculine← bilijarda[ →→];</rbnfrule>
				<rbnfrule value="1000000000000000000">=#,##0=;</rbnfrule>
			</ruleset>
			<ruleset type="ordi" access="private">
				<rbnfrule value="0">i;</rbnfrule>
				<rbnfrule value="1">' i =%spellout-ordinal=;</rbnfrule>
			</ruleset>
			<ruleset type="ordti" access="private">
				<rbnfrule value="0">ti;</rbnfrule>
				<rbnfrule value="1">' =%spellout-ordinal=;</rbnfrule>
			</ruleset>
			<ruleset type="spellout-ordinal">
				<rbnfrule value="-x">minus →→;</rbnfrule>
				<rbnfrule value="x.x">=#,##0.#=;</rbnfrule>
				<rbnfrule value="0">nulti;</rbnfrule>
				<rbnfrule value="1">prvi;</rbnfrule>
				<rbnfrule value="2">drugi;</rbnfrule>
				<rbnfrule value="3">treći;</rbnfrule>
				<rbnfrule value="4">četvrti;</rbnfrule>
				<rbnfrule value="5">peti;</rbnfrule>
				<rbnfrule value="6">šesti;</rbnfrule>
				<rbnfrule value="7">sedmi;</rbnfrule>
				<rbnfrule value="8">osmi;</rbnfrule>
				<rbnfrule value="9">deveti;</rbnfrule>
				<rbnfrule value="10">deseti;</rbnfrule>
				<rbnfrule value="11">jedanaesti;</rbnfrule>
				<rbnfrule value="12">dvanaesti;</rbnfrule>
				<rbnfrule value="13">trinaesti;</rbnfrule>
				<rbnfrule value="14">četrnaesti;</rbnfrule>
				<rbnfrule value="15">petnaesti;</rbnfrule>
				<rbnfrule value="16">šesnaesti;</rbnfrule>
				<rbnfrule value="17">sedamnaesti;</rbnfrule>
				<rbnfrule value="18">osamnaesti;</rbnfrule>
				<rbnfrule value="19">devetnaesti;</rbnfrule>
				<rbnfrule value="20">dvadeset→%%ordi→;</rbnfrule>
				<rbnfrule value="30">trideset→%%ordi→;</rbnfrule>
				<rbnfrule value="40">četrdeset→%%ordi→;</rbnfrule>
				<rbnfrule value="50">pedeset→%%ordi→;</rbnfrule>
				<rbnfrule value="60">šezdeset→%%ordi→;</rbnfrule>
				<rbnfrule value="70">sedamdeset→%%ordi→;</rbnfrule>
				<rbnfrule value="80">osamdeset→%%ordi→;</rbnfrule>
				<rbnfrule value="90">devedeset→%%ordi→;</rbnfrule>
				<rbnfrule value="100">sto→%%ordti→;</rbnfrule>
				<rbnfrule value="200">dvesta→%%ordti→;</rbnfrule>
				<rbnfrule value="300">trista→%%ordti→;</rbnfrule>
				<rbnfrule value="400">←%spellout-cardinal-feminine←sto→%%ordti→;</rbnfrule>
			</ruleset>
		</rulesetGrouping>
	</rbnf>
</ldml>
