<?xml version="1.0" encoding="UTF-8" ?>
<!DOCTYPE ldml SYSTEM "../../common/dtd/ldml.dtd">
<!--
Copyright © 2018 Unicode, Inc.
CLDR data files are interpreted according to the LDML specification (http://unicode.org/reports/tr35/)
For terms of use, see http://www.unicode.org/copyright.html
-->
<ldml>
    <identity>
        <version number="$Revision$"/>
        <language type="sw"/>
    </identity>
    <rbnf>
        <rulesetGrouping type="SpelloutRules">
            <ruleset type="spellout-numbering-year">
                <rbnfrule value="x.x">=0.0=;</rbnfrule>
                <rbnfrule value="0">=%spellout-numbering=;</rbnfrule>
            </ruleset>
            <ruleset type="spellout-numbering">
                <rbnfrule value="0">=%spellout-cardinal=;</rbnfrule>
            </ruleset>
            <ruleset type="spellout-cardinal">
                <rbnfrule value="NaN">si nambari;</rbnfrule>
                <rbnfrule value="Inf">usio;</rbnfrule>
                <rbnfrule value="-x">kasoro →→;</rbnfrule>
                <rbnfrule value="x.x">←← nukta →→;</rbnfrule>
                <rbnfrule value="0">sifuri;</rbnfrule>
                <rbnfrule value="1">moja;</rbnfrule>
                <rbnfrule value="2">mbili;</rbnfrule>
                <rbnfrule value="3">tatu;</rbnfrule>
                <rbnfrule value="4">nne;</rbnfrule>
                <rbnfrule value="5">tano;</rbnfrule>
                <rbnfrule value="6">sita;</rbnfrule>
                <rbnfrule value="7">saba;</rbnfrule>
                <rbnfrule value="8">nane;</rbnfrule>
                <rbnfrule value="9">tisa;</rbnfrule>
                <rbnfrule value="10">kumi[ na →→];</rbnfrule>
                <rbnfrule value="20">ishirini[ na →→];</rbnfrule>
                <rbnfrule value="30">thelathini[ na →→];</rbnfrule>
                <rbnfrule value="40">arobaini[ na →→];</rbnfrule>
                <rbnfrule value="50">hamsini[ na →→];</rbnfrule>
                <rbnfrule value="60">sitini[ na →→];</rbnfrule>
                <rbnfrule value="70">sabini[ na →→];</rbnfrule>
                <rbnfrule value="80">themanini[ na →→];</rbnfrule>
                <rbnfrule value="90">tisini[ na →→];</rbnfrule>
                <rbnfrule value="100">mia ←←[ na →→];</rbnfrule>
                <rbnfrule value="1000">elfu ←←[, →→];</rbnfrule>
                <rbnfrule value="1000000">milioni ←←[, →→];</rbnfrule>
                <rbnfrule value="1000000000">bilioni ←←[, →→];</rbnfrule>
                <rbnfrule value="1000000000000">trilioni ←←[, →→];</rbnfrule>
                <rbnfrule value="1000000000000000">kvadrilioni ←←[, →→];</rbnfrule>
                <rbnfrule value="1000000000000000000">=#,##0.#=;</rbnfrule>
            </ruleset>
            <ruleset type="spellout-ordinal">
                <rbnfrule value="-x">wa kasoro →%spellout-cardinal→;</rbnfrule>
                <rbnfrule value="x.x">=0.0=;</rbnfrule>
                <rbnfrule value="0">wa sifuri;</rbnfrule>
                <rbnfrule value="1">kwanza;</rbnfrule>
                <rbnfrule value="2">pili;</rbnfrule>
                <rbnfrule value="3">wa =%spellout-cardinal=;</rbnfrule>
            </ruleset>
        </rulesetGrouping>
    </rbnf>
</ldml>
