<?xml version="1.0" encoding="UTF-8" ?>
<!DOCTYPE ldml SYSTEM "../../common/dtd/ldml.dtd">
<!--
Copyright © 1991-2016 Unicode, Inc.
CLDR data files are interpreted according to the LDML specification (http://unicode.org/reports/tr35/)
For terms of use, see http://www.unicode.org/copyright.html
-->
<ldml>
    <identity>
        <version number="$Revision$"/>
        <language type="uk"/>
    </identity>
    <rbnf>
        <rulesetGrouping type="SpelloutRules">
            <ruleset type="spellout-numbering-year">
                <rbnfrule value="x.x">=0.0=;</rbnfrule>
                <rbnfrule value="0">=%spellout-numbering=;</rbnfrule>
            </ruleset>
            <ruleset type="spellout-numbering">
                <rbnfrule value="0">=%spellout-cardinal-masculine=;</rbnfrule>
            </ruleset>
            <ruleset type="spellout-cardinal-masculine">
                <rbnfrule value="-x">мінус →→;</rbnfrule>
                <rbnfrule value="x.x">←← кома →→;</rbnfrule>
                <rbnfrule value="0">нуль;</rbnfrule>
                <rbnfrule value="1">один;</rbnfrule>
                <rbnfrule value="2">два;</rbnfrule>
                <rbnfrule value="3">три;</rbnfrule>
                <rbnfrule value="4">чотири;</rbnfrule>
                <rbnfrule value="5">пʼять;</rbnfrule>
                <rbnfrule value="6">шість;</rbnfrule>
                <rbnfrule value="7">сім;</rbnfrule>
                <rbnfrule value="8">вісім;</rbnfrule>
                <rbnfrule value="9">девʼять;</rbnfrule>
                <rbnfrule value="10">десять;</rbnfrule>
                <rbnfrule value="11">одинадцять;</rbnfrule>
                <rbnfrule value="12">дванадцять;</rbnfrule>
                <rbnfrule value="13">тринадцять;</rbnfrule>
                <rbnfrule value="14">чотирнадцять;</rbnfrule>
                <rbnfrule value="15">пʼятнадцять;</rbnfrule>
                <rbnfrule value="16">шістнадцять;</rbnfrule>
                <rbnfrule value="17">сімнадцять;</rbnfrule>
                <rbnfrule value="18">вісімнадцять;</rbnfrule>
                <rbnfrule value="19">девʼятнадцять;</rbnfrule>
                <rbnfrule value="20">двадцять[ →→];</rbnfrule>
                <rbnfrule value="30">тридцять[ →→];</rbnfrule>
                <rbnfrule value="40">сорок[ →→];</rbnfrule>
                <rbnfrule value="50">пʼятдесят[ →→];</rbnfrule>
                <rbnfrule value="60">шістдесят[ →→];</rbnfrule>
                <rbnfrule value="70">сімдесят[ →→];</rbnfrule>
                <rbnfrule value="80">вісімдесят[ →→];</rbnfrule>
                <rbnfrule value="90">девʼяносто[ →→];</rbnfrule>
                <rbnfrule value="100">сто[ →→];</rbnfrule>
                <rbnfrule value="200">двісті[ →→];</rbnfrule>
                <rbnfrule value="300">триста[ →→];</rbnfrule>
                <rbnfrule value="400">чотириста[ →→];</rbnfrule>
                <rbnfrule value="500">пʼятсот[ →→];</rbnfrule>
                <rbnfrule value="600">шістсот[ →→];</rbnfrule>
                <rbnfrule value="700">сімсот[ →→];</rbnfrule>
                <rbnfrule value="800">вісімсот[ →→];</rbnfrule>
                <rbnfrule value="900">девʼятсот[ →→];</rbnfrule>
                <rbnfrule value="1000">←%spellout-cardinal-feminine← $(cardinal,one{тисяча}few{тисячі}other{тисяч})$[ →→];</rbnfrule>
                <rbnfrule value="1000000">←%spellout-cardinal-masculine← $(cardinal,one{мільйон}few{мільйони}other{мільйонів})$[ →→];</rbnfrule>
                <rbnfrule value="1000000000">←%spellout-cardinal-masculine← $(cardinal,one{мільярд}few{мільярди}other{мільярдів})$[ →→];</rbnfrule>
                <rbnfrule value="1000000000000">←%spellout-cardinal-masculine← $(cardinal,one{більйон}few{більйони}other{більйонів})$[ →→];</rbnfrule>
                <rbnfrule value="1000000000000000">←%spellout-cardinal-masculine← $(cardinal,one{більярд}few{більярди}other{більярдів})$[ →→];</rbnfrule>
                <rbnfrule value="1000000000000000000">=#,##0=;</rbnfrule>
            </ruleset>
            <ruleset type="spellout-cardinal-neuter">
                <rbnfrule value="-x">мінус →→;</rbnfrule>
                <rbnfrule value="x.x">←← кома →→;</rbnfrule>
                <rbnfrule value="0">нуль;</rbnfrule>
                <rbnfrule value="1">одне;</rbnfrule>
                <rbnfrule value="2">два;</rbnfrule>
                <rbnfrule value="3">=%spellout-cardinal-masculine=;</rbnfrule>
                <rbnfrule value="20">двадцять[ →→];</rbnfrule>
                <rbnfrule value="30">тридцять[ →→];</rbnfrule>
                <rbnfrule value="40">сорок[ →→];</rbnfrule>
                <rbnfrule value="50">пʼятдесят[ →→];</rbnfrule>
                <rbnfrule value="60">шістдесят[ →→];</rbnfrule>
                <rbnfrule value="70">сімдесят[ →→];</rbnfrule>
                <rbnfrule value="80">вісімдесят[ →→];</rbnfrule>
                <rbnfrule value="90">девʼяносто[ →→];</rbnfrule>
                <rbnfrule value="100">сто[ →→];</rbnfrule>
                <rbnfrule value="200">двісті[ →→];</rbnfrule>
                <rbnfrule value="300">триста[ →→];</rbnfrule>
                <rbnfrule value="400">чотириста[ →→];</rbnfrule>
                <rbnfrule value="500">пʼятсот[ →→];</rbnfrule>
                <rbnfrule value="600">шістсот[ →→];</rbnfrule>
                <rbnfrule value="700">сімсот[ →→];</rbnfrule>
                <rbnfrule value="800">вісімсот[ →→];</rbnfrule>
                <rbnfrule value="900">девʼятсот[ →→];</rbnfrule>
                <rbnfrule value="1000">←%spellout-cardinal-feminine← $(cardinal,one{тисяча}few{тисячі}other{тисяч})$[ →→];</rbnfrule>
                <rbnfrule value="1000000">←%spellout-cardinal-masculine← $(cardinal,one{мільйон}few{мільйони}other{мільйонів})$[ →→];</rbnfrule>
                <rbnfrule value="1000000000">←%spellout-cardinal-masculine← $(cardinal,one{мільярд}few{мільярди}other{мільярдів})$[ →→];</rbnfrule>
                <rbnfrule value="1000000000000">←%spellout-cardinal-masculine← $(cardinal,one{більйон}few{більйони}other{більйонів})$[ →→];</rbnfrule>
                <rbnfrule value="1000000000000000">←%spellout-cardinal-masculine← $(cardinal,one{більярд}few{більярди}other{більярдів})$[ →→];</rbnfrule>
                <rbnfrule value="1000000000000000000">=#,##0=;</rbnfrule>
            </ruleset>
            <ruleset type="spellout-cardinal-feminine">
                <rbnfrule value="-x">мінус →→;</rbnfrule>
                <rbnfrule value="x.x">←← кома →→;</rbnfrule>
                <rbnfrule value="0">нуль;</rbnfrule>
                <rbnfrule value="1">одна;</rbnfrule>
                <rbnfrule value="2">дві;</rbnfrule>
                <rbnfrule value="3">=%spellout-cardinal-masculine=;</rbnfrule>
                <rbnfrule value="20">двадцять[ →→];</rbnfrule>
                <rbnfrule value="30">тридцять[ →→];</rbnfrule>
                <rbnfrule value="40">сорок[ →→];</rbnfrule>
                <rbnfrule value="50">пʼятдесят[ →→];</rbnfrule>
                <rbnfrule value="60">шістдесят[ →→];</rbnfrule>
                <rbnfrule value="70">сімдесят[ →→];</rbnfrule>
                <rbnfrule value="80">вісімдесят[ →→];</rbnfrule>
                <rbnfrule value="90">девʼяносто[ →→];</rbnfrule>
                <rbnfrule value="100">сто[ →→];</rbnfrule>
                <rbnfrule value="200">двісті[ →→];</rbnfrule>
                <rbnfrule value="300">триста[ →→];</rbnfrule>
                <rbnfrule value="400">чотириста[ →→];</rbnfrule>
                <rbnfrule value="500">пʼятсот[ →→];</rbnfrule>
                <rbnfrule value="600">шістсот[ →→];</rbnfrule>
                <rbnfrule value="700">сімсот[ →→];</rbnfrule>
                <rbnfrule value="800">вісімсот[ →→];</rbnfrule>
                <rbnfrule value="900">девʼятсот[ →→];</rbnfrule>
                <rbnfrule value="1000">←%spellout-cardinal-feminine← $(cardinal,one{тисяча}few{тисячі}other{тисяч})$[ →→];</rbnfrule>
                <rbnfrule value="1000000">←%spellout-cardinal-masculine← $(cardinal,one{мільйон}few{мільйони}other{мільйонів})$[ →→];</rbnfrule>
                <rbnfrule value="1000000000">←%spellout-cardinal-masculine← $(cardinal,one{мільярд}few{мільярди}other{мільярдів})$[ →→];</rbnfrule>
                <rbnfrule value="1000000000000">←%spellout-cardinal-masculine← $(cardinal,one{більйон}few{більйони}other{більйонів})$[ →→];</rbnfrule>
                <rbnfrule value="1000000000000000">←%spellout-cardinal-masculine← $(cardinal,one{більярд}few{більярди}other{більярдів})$[ →→];</rbnfrule>
                <rbnfrule value="1000000000000000000">=#,##0=;</rbnfrule>
            </ruleset>
        </rulesetGrouping>
    </rbnf>
</ldml>
