<?xml version="1.0" encoding="UTF-8" ?>
<!DOCTYPE ldml SYSTEM "../../common/dtd/ldml.dtd">
<!-- Copyright © 1991-2020 Unicode, Inc.
For terms of use, see http://www.unicode.org/copyright.html
Unicode and the Unicode Logo are registered trademarks of Unicode, Inc. in the U.S. and other countries.
CLDR data files are interpreted according to the LDML specification (http://unicode.org/reports/tr35/)

Derived short names and annotations, using GenerateDerivedAnnotations.java. See warnings in /annotations/ file.
-->
<ldml>
	<identity>
		<version number="$Revision$"/>
		<language type="en"/>
		<territory type="GB"/>
	</identity>
	<annotations>
		<annotation cp="🇧🇱" type="tts">flag: St Barthélemy</annotation>
		<annotation cp="🇰🇳" type="tts">flag: St Kitts &amp; Nevis</annotation>
		<annotation cp="🇱🇨" type="tts">flag: St Lucia</annotation>
		<annotation cp="🇲🇫" type="tts">flag: St Martin</annotation>
		<annotation cp="🇵🇲" type="tts">flag: St Pierre &amp; Miquelon</annotation>
		<annotation cp="🇸🇭" type="tts">flag: St Helena</annotation>
		<annotation cp="🇻🇨" type="tts">flag: St Vincent &amp; the Grenadines</annotation>
	</annotations>
</ldml>
