<?xml version="1.0" encoding="UTF-8" ?>
<!DOCTYPE ldmlBCP47 SYSTEM "../../common/dtd/ldmlBCP47.dtd">

<ldmlBCP47>
    <version number="$Revision: 6487 $"/>
    <generation date="$Date: 2012-01-29 17:51:16 -0600 (Sun, 29 Jan 2012) $"/>
    <keyword>
        <key name="nu" alias="numbers" description="Numbering system type key">
            <type name="arab" description="Arabic-Indic digits"/>
            <type name="arabext" description="Extended Arabic-Indic digits"/>
            <type name="armn" description="Armenian upper case numerals — non-decimal"/>
            <type name="armnlow" description="Armenian lower case numerals — non-decimal"/>
            <type name="bali" description="Balinese digits" since="21"/>
            <type name="beng" description="Bengali digits"/>
            <type name="brah" description="Brahmi digits" since="21"/>
            <type name="cakm" description="Chakma digits" since="21"/>
            <type name="cham" description="Cham digits" since="21"/>
            <type name="deva" description="Devanagari digits"/>
            <type name="ethi" description="Ethiopic numerals — non-decimal"/>
            <type name="finance" description="Financial numerals — may be non-decimal" since="21"/>
            <type name="fullwide" description="Full width digits"/>
            <type name="geor" description="Georgian numerals — non-decimal"/>
            <type name="grek" description="Greek upper case numerals — non-decimal"/>
            <type name="greklow" description="Greek lower case numerals — non-decimal"/>
            <type name="gujr" description="Gujarati digits"/>
            <type name="guru" description="Gurmukhi digits"/>
            <type name="hanidec" description="Positional decimal system using Chinese number ideographs as digits" since="1.9"/>
            <type name="hans" description="Simplified Chinese numerals — non-decimal"/>
            <type name="hansfin" description="Simplified Chinese financial numerals — non-decimal"/>
            <type name="hant" description="Traditional Chinese numerals — non-decimal"/>
            <type name="hantfin" description="Traditional Chinese financial numerals — non-decimal"/>
            <type name="hebr" description="Hebrew numerals — non-decimal"/>
            <type name="java" description="Javanese digits" since="21"/>
            <type name="jpan" description="Japanese numerals — non-decimal"/>
            <type name="jpanfin" description="Japanese financial numerals — non-decimal"/>
            <type name="kali" description="Kayah Li digits" since="21"/>
            <type name="khmr" description="Khmer digits"/>
            <type name="knda" description="Kannada digits"/>
            <type name="osma" description="Osmanya digits" since="21"/>            
            <type name="lana" description="Tai Tham Hora (secular) digits" since="21"/>
            <type name="lanatham" description="Tai Tham Tham (ecclesiastical) digits" since="21"/>
            <type name="laoo" description="Lao digits"/>
            <type name="latn" description="Latin digits"/>
            <type name="lepc" description="Lepcha digits" since="21"/>
            <type name="limb" description="Limbu digits" since="21"/>
            <type name="mlym" description="Malayalam digits"/>
            <type name="mong" description="Mongolian digits"/>
            <type name="mtei" description="Meetei Mayek digits" since="21"/>
            <type name="mymr" description="Myanmar digits"/>
            <type name="mymrshan" description="Myanmar Shan digits" since="21"/>
            <type name="native" description="Native digits" since="21"/>
            <type name="nkoo" description="N'Ko digits" since="21"/>
            <type name="olck" description="Ol Chiki digits" since="21"/>
            <type name="orya" description="Oriya digits"/>
            <type name="roman" description="Roman upper case numerals — non-decimal"/>
            <type name="romanlow" description="Roman lowercase numerals — non-decimal"/>
            <type name="saur" description="Saurashtra digits" since="21"/>
            <type name="shrd" description="Sharada digits" since="21"/>
            <type name="sora" description="Sora_Sompeng digits" since="21"/>
            <type name="sund" description="Sundanese digits" since="21"/>
            <type name="talu" description="New Tai Lue digits" since="21"/>
            <type name="takr" description="Takri digits" since="21"/>
            <type name="taml" description="Tamil numerals — non-decimal"/>
            <type name="tamldec" description="Modern Tamil decimal digits" since="2.0.1"/>
            <type name="telu" description="Telugu digits"/>
            <type name="thai" description="Thai digits"/>
            <type name="tibt" description="Tibetan digits"/>
            <type name="traditio" alias="traditional" description="Traditional numerals — may be non-decimal" since="21"/>
            <type name="vaii" description="Vai digits" since="21"/>
        </key>
    </keyword>
</ldmlBCP47>
