<?xml version="1.0" encoding="UTF-8" ?>
<!DOCTYPE supplementalData SYSTEM "http://www.unicode.org/cldr/dtd/1.4/ldmlSupplemental.dtd">
<supplementalData version="1.4">
    <version number="$Revision: 1.30 $"/>
    <generation date="$Date: 2006/06/29 22:49:44 $"/>
    <metadata>
        <attributeOrder>_q type key registry source target path day date version count lines characters before from to number time casing list uri iso4217 digits rounding iso3166 hex id request direction alternate backwards caseFirst caseLevel hiraganaQuarternary hiraganaQuaternary normalization numeric strength validSubLocales standard references elements element attributes attribute alt draft</attributeOrder>
        <elementOrder>ldml identity alias localeDisplayNames layout characters delimiters measurement dates numbers collations posix segmentations references version generation language script territory variant languages scripts territories variants keys types measurementSystemNames key type measurementSystemName orientation inList exemplarCharacters mapping quotationStart quotationEnd alternateQuotationStart alternateQuotationEnd measurementSystem paperSize height width localizedPatternChars calendars timeZoneNames months monthNames monthAbbr days dayNames dayAbbr quarters week am pm eras dateFormats timeFormats dateTimeFormats fields month day quarter minDays firstDay weekendStart weekendEnd eraNames eraAbbr eraNarrow era pattern displayName dateFormatItem appendItem hourFormat hoursFormat gmtFormat regionFormat fallbackFormat abbreviationFallback preferenceOrdering singleCountries default calendar monthContext monthWidth dayContext dayWidth quarterContext quarterWidth dateFormatLength dateFormat timeFormatLength timeFormat dateTimeFormatLength availableFormats appendItems dateTimeFormat zone long short exemplarCity generic standard daylight field relative symbols decimalFormats scientificFormats percentFormats currencyFormats currencies decimalFormatLength decimalFormat scientificFormatLength scientificFormat percentFormatLength percentFormat currencySpacing currencyFormatLength beforeCurrency afterCurrency currencyMatch surroundingMatch insertBetween currencyFormat currency symbol decimal group list percentSign nativeZeroDigit patternDigit plusSign minusSign exponential perMille infinity nan collation messages yesstr nostr yesexpr noexpr segmentation variables segmentRules special variable rule comment base settings suppress_contractions optimize rules</elementOrder>
        <serialElements>variable comment tRule reset p pc s sc t tc q qc i ic x extend first_variable last_variable first_tertiary_ignorable last_tertiary_ignorable first_secondary_ignorable last_secondary_ignorable first_primary_ignorable last_primary_ignorable first_non_ignorable last_non_ignorable first_trailing last_trailing</serialElements>
        <suppress>
            <attributes attribute="_q"/>
            <attributes element="collation" attribute="type" attributeValue="standard"/>
            <attributes element="currency" attribute="type" attributeValue="standard"/>
            <attributes element="currencyFormat" attribute="type" attributeValue="standard"/>
            <attributes element="dateFormat" attribute="type" attributeValue="standard"/>
            <attributes element="dateTimeFormat" attribute="type" attributeValue="standard"/>
            <attributes element="decimalFormat" attribute="type" attributeValue="standard"/>
            <attributes element="ldml" attribute="version"/>
            <attributes element="orientation" attribute="characters" attributeValue="left-to-right"/>
            <attributes element="orientation" attribute="lines" attributeValue="top-to-bottom"/>
            <attributes element="pattern" attribute="type" attributeValue="standard"/>
            <attributes element="percentFormat" attribute="type" attributeValue="standard"/>
            <attributes element="scientificFormat" attribute="type" attributeValue="standard"/>
            <attributes element="timeFormat" attribute="type" attributeValue="standard"/>
            <attributes element="weekendEnd" attribute="time" attributeValue="24:00"/>
            <attributes element="weekendStart" attribute="time" attributeValue="00:00"/>
        </suppress>
        <validity>
            <!-- generated from language tag registry + CLDR-specific items -->
            <variable id="$grandfathered" type="choice">cel-gaulish en-GB-oed en-boont en-scouse i-ami i-bnn i-default i-enochian i-mingo i-pwn i-tao i-tay i-tsu sgn-BE-fr sgn-BE-nl sgn-CH-de zh-cmn zh-cmn-Hans zh-cmn-Hant zh-gan zh-hakka zh-min zh-min-nan zh-wuu zh-xiang zh-yue</variable>
            <variable id="$language" type="choice">anp frr frs gsw krl zxx aa ab ace ach ada ady ae af afa afh ain ak akk ale alg alt am an ang apa ar arc arn arp art arw as ast ath aus av awa ay az ba bad bai bal ban bas bat be bej bem ber bg bh bho bi bik bin bla bm bn bnt bo br bra bs btk bua bug byn ca cad cai car cau cch ce ceb cel ch chb chg chk chm chn cho chp chr chy cmc co cop cpe cpf cpp cr crh crp cs csb cu cus cv cy da dak dar day de del den dgr din doi dra dsb dua dum dv dyu dz ee efi egy eka el elx en enm eo es et eu ewo fa fan fat ff fi fil fiu fj fo fon fr frm fro fur fy ga gaa gay gba gd gem gez gil gl gmh gn goh gon gor got grb grc gu gv gwi ha hai haw he hi hil him hit hmn ho hr hsb ht hu hup hy hz ia iba id ie ig ii ijo ik ilo inc ine inh io ira iro is it iu ja jbo jpr jrb jv ka kaa kab kac kaj kam kar kaw kbd kcg kfo kg kha khi kho ki kj kk kl km kmb kn ko kok kos kpe kr krc kro kru ks ku kum kut kv kw ky la lad lah lam lb lez lg li ln lo lol loz lt lu lua lui lun luo lus lv mad mag mai mak man map mas mdf mdr men mg mga mh mi mic min mis mk mkh ml mn mnc mni mno mo moh mos mr ms mt mul mun mus mwl mwr my myn myv na nah nai nap nb nd nds ne new ng nia nic niu nl nn no nog non nr nso nub nv nwc ny nym nyn nyo nzi oc oj om or os osa ota oto pa paa pag pal pam pap pau peo phi phn pi pl pon pra pro ps pt qaa qab qac qad qae qaf qag qah qai qaj qak qal qam qan qao qap qaq qar qas qat qau qav qaw qax qay qaz qba qbb qbc qbd qbe qbf qbg qbh qbi qbj qbk qbl qbm qbn qbo qbp qbq qbr qbs qbt qbu qbv qbw qbx qby qbz qca qcb qcc qcd qce qcf qcg qch qci qcj qck qcl qcm qcn qco qcp qcq qcr qcs qct qcu qcv qcw qcx qcy qcz qda qdb qdc qdd qde qdf qdg qdh qdi qdj qdk qdl qdm qdn qdo qdp qdq qdr qds qdt qdu qdv qdw qdx qdy qdz qea qeb qec qed qee qef qeg qeh qei qej qek qel qem qen qeo qep qeq qer qes qet qeu qev qew qex qey qez qfa qfb qfc qfd qfe qff qfg qfh qfi qfj qfk qfl qfm qfn qfo qfp qfq qfr qfs qft qfu qfv qfw qfx qfy qfz qga qgb qgc qgd qge qgf qgg qgh qgi qgj qgk qgl qgm qgn qgo qgp qgq qgr qgs qgt qgu qgv qgw qgx qgy qgz qha qhb qhc qhd qhe qhf qhg qhh qhi qhj qhk qhl qhm qhn qho qhp qhq qhr qhs qht qhu qhv qhw qhx qhy qhz qia qib qic qid qie qif qig qih qii qij qik qil qim qin qio qip qiq qir qis qit qiu qiv qiw qix qiy qiz qja qjb qjc qjd qje qjf qjg qjh qji qjj qjk qjl qjm qjn qjo qjp qjq qjr qjs qjt qju qjv qjw qjx qjy qjz qka qkb qkc qkd qke qkf qkg qkh qki qkj qkk qkl qkm qkn qko qkp qkq qkr qks qkt qku qkv qkw qkx qky qkz qla qlb qlc qld qle qlf qlg qlh qli qlj qlk qll qlm qln qlo qlp qlq qlr qls qlt qlu qlv qlw qlx qly qlz qma qmb qmc qmd qme qmf qmg qmh qmi qmj qmk qml qmm qmn qmo qmp qmq qmr qms qmt qmu qmv qmw qmx qmy qmz qna qnb qnc qnd qne qnf qng qnh qni qnj qnk qnl qnm qnn qno qnp qnq qnr qns qnt qnu qnv qnw qnx qny qnz qoa qob qoc qod qoe qof qog qoh qoi qoj qok qol qom qon qoo qop qoq qor qos qot qou qov qow qox qoy qoz qpa qpb qpc qpd qpe qpf qpg qph qpi qpj qpk qpl qpm qpn qpo qpp qpq qpr qps qpt qpu qpv qpw qpx qpy qpz qqa qqb qqc qqd qqe qqf qqg qqh qqi qqj qqk qql qqm qqn qqo qqp qqq qqr qqs qqt qqu qqv qqw qqx qqy qqz qra qrb qrc qrd qre qrf qrg qrh qri qrj qrk qrl qrm qrn qro qrp qrq qrr qrs qrt qru qrv qrw qrx qry qrz qsa qsb qsc qsd qse qsf qsg qsh qsi qsj qsk qsl qsm qsn qso qsp qsq qsr qss qst qsu qsv qsw qsx qsy qsz qta qtb qtc qtd qte qtf qtg qth qti qtj qtk qtl qtm qtn qto qtp qtq qtr qts qtt qtu qtv qtw qtx qty qtz qu raj rap rar rm rn ro roa rom root ru rup rw sa sad sah sai sal sam sas sat sc scn sco sd se sel sem sg sga sgn shn si sid sio sit sk sl sla sm sma smi smj smn sms sn snk so sog son sq sr srn srr ss ssa st su suk sus sux sv sw syr ta tai te tem ter tet tg th ti tig tiv tk tkl tl tlh tli tmh tn to tog tpi tr ts tsi tt tum tup tut tvl tw ty tyv udm ug uga uk umb und ur uz vai ve vi vo vot wa wak wal war was wen wo xal xh yao yap yi yo ypk za zap zen zh znd zu zun</variable>
            <variable id="$territory" type="choice">GG IM JE QE 172 001 002 003 005 009 011 013 014 015 017 018 019 021 029 030 034 035 039 053 054 057 061 142 143 145 150 151 154 155 419 830 833 AA AD AE AF AG AI AL AM AN AO AQ AR AS AT AU AW AX AZ BA BB BD BE BF BG BH BI BJ BM BN BO BR BS BT BV BW BY BZ CA CC CD CF CG CH CI CK CL CM CN CO CR CS CU CV CX CY CZ DE DJ DK DM DO DZ EC EE EG EH ER ES ET FI FJ FK FM FO FR GA GB GD GE GF GH GI GL GM GN GP GQ GR GS GT GU GW GY HK HM HN HR HT HU ID IE IL IN IO IQ IR IS IT JM JO JP KE KG KH KI KM KN KP KR KW KY KZ LA LB LC LI LK LR LS LT LU LV LY MA MC MD MG MH MK ML MM MN MO MP MQ MR MS MT MU MV MW MX MY MZ NA NC NE NF NG NI NL NO NP NR NU NZ OM PA PE PF PG PH PK PL PM PN PR PS PT PW PY QA QM QN QO QP QQ QR QS QT QU QV QW QX QY QZ RE RO RU RW SA SB SC SD SE SG SH SI SJ SK SL SM SN SO SR ST SV SY SZ TC TD TF TG TH TJ TK TL TM TN TO TR TT TV TW TZ UA UG UM US UY UZ VA VC VE VG VI VN VU WF WS XA XB XC XD XE XF XG XH XI XJ XK XL XM XN XO XP XQ XR XS XT XU XV XW XX XY XZ YE YT ZA ZM ZW ZZ</variable>
            <variable id="$script" type="choice">Arab Armn Bali Batk Beng Blis Bopo Brah Brai Bugi Buhd Cans Cham Cher Cirt Copt Cprt Cyrl Cyrs Deva Dsrt Egyd Egyh Egyp Ethi Geok Geor Glag Goth Grek Gujr Guru Hang Hani Hano Hans Hant Hebr Hira Hmng Hrkt Hung Inds Ital Java Kali Kana Khar Khmr Knda Laoo Latf Latg Latn Lepc Limb Lina Linb Mand Maya Mero Mlym Mong Mymr Nkoo Ogam Orkh Orya Osma Perm Phag Phnx Plrd Qaaa Qaab Qaac Qaad Qaae Qaaf Qaag Qaah Qaai Qaaj Qaak Qaal Qaam Qaan Qaao Qaap Qaaq Qaar Qaas Qaat Qaau Qaav Qaaw Qaax Qaay Qaaz Qaba Qabb Qabc Qabd Qabe Qabf Qabg Qabh Qabi Qabj Qabk Qabl Qabm Qabn Qabo Qabp Qabq Qabr Qabs Qabt Qabu Qabv Qabw Qabx Roro Runr Sara Shaw Sinh Sylo Syrc Syre Syrj Syrn Tagb Tale Talu Taml Telu Teng Tfng Tglg Thaa Thai Tibt Ugar Vaii Visp Xpeo Xsux Yiii Zxxx Zyyy Zzzz</variable>
            <variable id="$variant" type="choice">1901 1996 POLYTONI REVISED SAAHO POSIX NEDIS ROZAJ</variable>
			<variable id="$tzid" type="choice">Africa/Abidjan Africa/Accra Africa/Addis_Ababa Africa/Algiers Africa/Asmera Africa/Bamako Africa/Bangui Africa/Banjul Africa/Bissau Africa/Blantyre Africa/Brazzaville Africa/Bujumbura Africa/Cairo Africa/Casablanca Africa/Ceuta Africa/Conakry Africa/Dakar Africa/Dar_es_Salaam Africa/Djibouti Africa/Douala Africa/El_Aaiun Africa/Freetown Africa/Gaborone Africa/Harare Africa/Johannesburg Africa/Kampala Africa/Khartoum Africa/Kigali Africa/Kinshasa Africa/Lagos Africa/Libreville Africa/Lome Africa/Luanda Africa/Lubumbashi Africa/Lusaka Africa/Malabo Africa/Maputo Africa/Maseru Africa/Mbabane Africa/Mogadishu Africa/Monrovia Africa/Nairobi Africa/Ndjamena Africa/Niamey Africa/Nouakchott Africa/Ouagadougou Africa/Porto-Novo Africa/Sao_Tome Africa/Timbuktu Africa/Tripoli Africa/Tunis Africa/Windhoek America/Adak America/Anchorage America/Anguilla America/Antigua America/Araguaina America/Argentina/ComodRivadavia America/Argentina/La_Rioja America/Argentina/Rio_Gallegos America/Argentina/San_Juan America/Argentina/Tucuman America/Argentina/Ushuaia America/Aruba America/Asuncion America/Bahia America/Barbados America/Belem America/Belize America/Boa_Vista America/Bogota America/Boise America/Buenos_Aires America/Cambridge_Bay America/Campo_Grande America/Cancun America/Caracas America/Catamarca America/Cayenne America/Cayman America/Chicago America/Chihuahua America/Coral_Harbour America/Cordoba America/Costa_Rica America/Cuiaba America/Curacao America/Danmarkshavn America/Dawson America/Dawson_Creek America/Denver America/Detroit America/Dominica America/Edmonton America/Eirunepe America/El_Salvador America/Fortaleza America/Glace_Bay America/Godthab America/Goose_Bay America/Grand_Turk America/Grenada America/Guadeloupe America/Guatemala America/Guayaquil America/Guyana America/Halifax America/Havana America/Hermosillo America/Indiana/Knox America/Indiana/Marengo America/Indiana/Petersburg America/Indiana/Vevay America/Indiana/Vincennes America/Indianapolis America/Inuvik America/Iqaluit America/Jamaica America/Jujuy America/Juneau America/Kentucky/Monticello America/La_Paz America/Lima America/Los_Angeles America/Louisville America/Maceio America/Managua America/Manaus America/Martinique America/Mazatlan America/Mendoza America/Menominee America/Merida America/Mexico_City America/Miquelon America/Moncton America/Monterrey America/Montevideo America/Montreal America/Montserrat America/Nassau America/New_York America/Nipigon America/Nome America/Noronha America/North_Dakota/Center America/North_Dakota/New_Salem America/Panama America/Pangnirtung America/Paramaribo America/Phoenix America/Port_of_Spain America/Port-au-Prince America/Porto_Velho America/Puerto_Rico America/Rainy_River America/Rankin_Inlet America/Recife America/Regina America/Rio_Branco America/Santiago America/Santo_Domingo America/Sao_Paulo America/Scoresbysund America/Shiprock America/St_Johns America/St_Kitts America/St_Lucia America/St_Thomas America/St_Vincent America/Swift_Current America/Tegucigalpa America/Thule America/Thunder_Bay America/Tijuana America/Toronto America/Tortola America/Vancouver America/Whitehorse America/Winnipeg America/Yakutat America/Yellowknife Antarctica/Casey Antarctica/Davis Antarctica/DumontDUrville Antarctica/Mawson Antarctica/McMurdo Antarctica/Palmer Antarctica/Rothera Antarctica/South_Pole Antarctica/Syowa Antarctica/Vostok Arctic/Longyearbyen Asia/Aden Asia/Almaty Asia/Amman Asia/Anadyr Asia/Aqtau Asia/Aqtobe Asia/Ashgabat Asia/Baghdad Asia/Bahrain Asia/Baku Asia/Bangkok Asia/Beirut Asia/Bishkek Asia/Brunei Asia/Calcutta Asia/Choibalsan Asia/Chongqing Asia/Colombo Asia/Damascus Asia/Dhaka Asia/Dili Asia/Dubai Asia/Dushanbe Asia/Gaza Asia/Harbin Asia/Hong_Kong Asia/Hovd Asia/Irkutsk Asia/Jakarta Asia/Jayapura Asia/Jerusalem Asia/Kabul Asia/Kamchatka Asia/Karachi Asia/Kashgar Asia/Katmandu Asia/Krasnoyarsk Asia/Kuala_Lumpur Asia/Kuching Asia/Kuwait Asia/Macau Asia/Magadan Asia/Makassar Asia/Manila Asia/Muscat Asia/Nicosia Asia/Novosibirsk Asia/Omsk Asia/Oral Asia/Phnom_Penh Asia/Pontianak Asia/Pyongyang Asia/Qatar Asia/Qyzylorda Asia/Rangoon Asia/Riyadh Asia/Saigon Asia/Sakhalin Asia/Samarkand Asia/Seoul Asia/Shanghai Asia/Singapore Asia/Taipei Asia/Tashkent Asia/Tbilisi Asia/Tehran Asia/Thimphu Asia/Tokyo Asia/Ulaanbaatar Asia/Urumqi Asia/Vientiane Asia/Vladivostok Asia/Yakutsk Asia/Yekaterinburg Asia/Yerevan Atlantic/Azores Atlantic/Bermuda Atlantic/Canary Atlantic/Cape_Verde Atlantic/Faeroe Atlantic/Jan_Mayen Atlantic/Madeira Atlantic/Reykjavik Atlantic/South_Georgia Atlantic/St_Helena Atlantic/Stanley Australia/Adelaide Australia/Brisbane Australia/Broken_Hill Australia/Currie Australia/Darwin Australia/Hobart Australia/Lindeman Australia/Lord_Howe Australia/Melbourne Australia/Perth Australia/Sydney Etc/GMT Etc/GMT-1 Etc/GMT-2 Etc/GMT-3 Etc/GMT-4 Etc/GMT-5 Etc/GMT-6 Etc/GMT-7 Etc/GMT-8 Etc/GMT-9 Etc/GMT-10 Etc/GMT-11 Etc/GMT-12 Etc/GMT-13 Etc/GMT-14 Etc/GMT+1 Etc/GMT+2 Etc/GMT+3 Etc/GMT+4 Etc/GMT+5 Etc/GMT+6 Etc/GMT+7 Etc/GMT+8 Etc/GMT+9 Etc/GMT+10 Etc/GMT+11 Etc/GMT+12 Etc/Unknown Europe/Amsterdam Europe/Andorra Europe/Athens Europe/Belfast Europe/Belgrade Europe/Berlin Europe/Bratislava Europe/Brussels Europe/Bucharest Europe/Budapest Europe/Chisinau Europe/Copenhagen Europe/Dublin Europe/Gibraltar Europe/Helsinki Europe/Istanbul Europe/Kaliningrad Europe/Kiev Europe/Lisbon Europe/Ljubljana Europe/London Europe/Luxembourg Europe/Madrid Europe/Malta Europe/Mariehamn Europe/Minsk Europe/Monaco Europe/Moscow Europe/Oslo Europe/Paris Europe/Prague Europe/Riga Europe/Rome Europe/Samara Europe/San_Marino Europe/Sarajevo Europe/Simferopol Europe/Skopje Europe/Sofia Europe/Stockholm Europe/Tallinn Europe/Tirane Europe/Uzhgorod Europe/Vaduz Europe/Vatican Europe/Vienna Europe/Vilnius Europe/Warsaw Europe/Zagreb Europe/Zaporozhye Europe/Zurich Indian/Antananarivo Indian/Chagos Indian/Christmas Indian/Cocos Indian/Comoro Indian/Kerguelen Indian/Mahe Indian/Maldives Indian/Mauritius Indian/Mayotte Indian/Reunion Pacific/Apia Pacific/Auckland Pacific/Chatham Pacific/Easter Pacific/Efate Pacific/Enderbury Pacific/Fakaofo Pacific/Fiji Pacific/Funafuti Pacific/Galapagos Pacific/Gambier Pacific/Guadalcanal Pacific/Guam Pacific/Honolulu Pacific/Johnston Pacific/Kiritimati Pacific/Kosrae Pacific/Kwajalein Pacific/Majuro Pacific/Marquesas Pacific/Midway Pacific/Nauru Pacific/Niue Pacific/Norfolk Pacific/Noumea Pacific/Pago_Pago Pacific/Palau Pacific/Pitcairn Pacific/Ponape Pacific/Port_Moresby Pacific/Rarotonga Pacific/Saipan Pacific/Tahiti Pacific/Tarawa Pacific/Tongatapu Pacific/Truk Pacific/Wake Pacific/Wallis Pacific/Yap</variable>
            <variable id="$currency" type="choice">ADP AED AFA AFN ALL AMD ANG AOA AOK AON AOR ARA ARP ARS ATS AUD AWG AZM AZN BAD BAM BBD BDT BEC BEF BEL BGL BGN BHD BIF BMD BND BOB BOP BOV BRB BRC BRE BRL BRN BRR BSD BTN BUK BWP BYB BYR BZD CAD CDF CHE CHF CHW CLF CLP CNY COP COU CRC CSD CSK CUP CVE CYP CZK DDM DEM DJF DKK DOP DZD ECS ECV EEK EGP EQE ERN ESA ESB ESP ETB EUR FIM FJD FKP FRF GBP GEK GEL GHC GIP GMD GNF GNS GQE GRD GTQ GWE GWP GYD HKD HNL HRD HRK HTG HUF IDR IEP ILP ILS INR IQD IRR ISK ITL JMD JOD JPY KES KGS KHR KMF KPW KRW KWD KYD KZT LAK LBP LKR LRD LSL LSM LTL LTT LUC LUF LUL LVL LVR LYD MAD MAF MDL MGA MGF MKD MLF MMK MNT MOP MRO MTL MTP MUR MVR MWK MXN MXP MXV MYR MZE MZM NAD NGN NIC NIO NLG NOK NPR NZD OMR PAB PEI PEN PES PGK PHP PKR PLN PLZ PTE PYG QAR RHD ROL RON RUB RUR RWF SAR SBD SCR SDD SDP SEK SGD SHP SIT SKK SLL SOS SRD SRG STD SUR SVC SYP SZL THB TJR TJS TMM TND TOP TPE TRL TRY TTD TWD TZS UAH UAK UGS UGX USD USN USS UYP UYU UZS VEB VND VUV WST XAF XAG XAU XBA XBB XBC XBD XCD XDR XEU XFO XFU XOF XPD XPF XPT XRE XTS XXX YDD YER YUD YUM YUN ZAL ZAR ZMK ZRN ZRZ ZWD</variable>

            <!-- specialized lists and types -->
            <variable id="$tzidList" type="list">$tzid</variable>
    
            <variable id="$alt" type="regex">((variant|list|secondary|email|www)(-proposed(([-]u?)?[1-9][0-9]*)*)?)|(proposed(([-]u?)?[1-9][0-9]*)*)</variable>
            <variable id="$append" type="choice">Era Year Quarter Month Week Day-Of-Week Day Hour Minute Second Timezone</variable>
            <variable id="$calendar" type="choice">buddhist coptic ethiopic chinese gregorian hebrew islamic islamic-civil japanese arabic civil-arabic thai-buddhist persian</variable>
            <variable id="$collationType" type="choice">big5han digits-after direct gb2312han phonebook pinyin reformed standard stroke traditional</variable>
            <variable id="$date" type="regex">200[0-9]-([0-9]|1[0-2])-([12][0-9]|3[01])</variable>
            <variable id="$double" type="regex">[0-9]+(\.[0-9]+)?</variable>
            <variable id="$format" type="choice">standard</variable>
            <variable id="$fullTzid" type="notDoneYet"/>
            <variable id="$genDate" type="regex">\$.*\$</variable>
            <variable id="$locale" type="locale"/>
            <variable id="$reference" type="regex">([R|S]|RP)[0-9]+</variable>
            <variable id="$time" type="regex">([01][0-9]|2[0-4]):[0-6][0-9]</variable>
            <variable id="$uri" type="notDoneYet"/>
            <variable id="$variableID" type="regex">[$][a-zA-Z0-9]+</variable>
            <variable id="$version" type="regex">\$.*\$</variable>
            
            <attributeValues attributes="alt" type="choice">$alt</attributeValues>
            <attributeValues attributes="validSubLocales" type="list">$locale</attributeValues>
            <attributeValues elements="alias" attributes="path" type="path">notDoneYet</attributeValues>
            <attributeValues elements="alias" attributes="source" type="locale"/>
            <attributeValues elements="alias" attributes="source" type="choice">locale</attributeValues>
            <attributeValues elements="alternate" attributes="iso4217">$currency</attributeValues>
            <attributeValues elements="appendItem" attributes="request">$append</attributeValues>
            <attributeValues elements="calendar" attributes="type">$calendar</attributeValues>
            <attributeValues elements="character" attributes="value" type="regex">.</attributeValues>
            <attributeValues elements="collation" attributes="type">$collationType</attributeValues>
            <attributeValues elements="collations" attributes="version" >$version</attributeValues>
            <attributeValues elements="cp" attributes="hex" type="regex">[0-9A-Fa-f]{4,6}</attributeValues>
            <attributeValues elements="currency" attributes="before from to">$date</attributeValues>
            <attributeValues elements="currency" attributes="iso4217">$currency</attributeValues>
            <attributeValues elements="currency" attributes="type">$currency</attributeValues>
            <attributeValues elements="currencyFormat dateFormat dateTimeFormat decimalFormat percentFormat scientificFormat timeFormat" attributes="type">$format</attributeValues>
            <attributeValues elements="dateFormatLength timeFormatLength dateTimeFormatLength decimalFormatLength scientificFormatLength percentFormatLength currencyFormatLength" attributes="type" order="given">full long medium short</attributeValues>
            <attributeValues elements="day" attributes="type" order="given">sun mon tue wed thu fri sat</attributeValues>
            <attributeValues elements="default" attributes="type" type="choice">format gregorian long medium pinyin standard stroke wide</attributeValues>
            <attributeValues elements="era" attributes="type" type="regex">[0-9]+</attributeValues>
            <attributeValues elements="field" attributes="type" order="given">era year month week day weekday dayperiod hour minute second zone</attributeValues>
            <attributeValues elements="firstDay weekendEnd weekendStart" attributes="day" order="given">sun mon tue wed thu fri sat</attributeValues>
            <attributeValues elements="generation" attributes="date">$genDate</attributeValues>
            <attributeValues elements="group" attributes="contains type">$territory</attributeValues>
            <attributeValues elements="info" attributes="digits" type="regex">[0-9]+</attributeValues>
            <attributeValues elements="info" attributes="iso4217">$currency</attributeValues>
            <attributeValues elements="info" attributes="rounding" type="regex">[0-9]+</attributeValues>
            <attributeValues elements="key" attributes="type" type="choice">calendar collation currency</attributeValues>
            <attributeValues elements="language" attributes="scripts">$script</attributeValues>
            <attributeValues elements="language" attributes="territories">$territory</attributeValues>
            <attributeValues elements="language" attributes="type">$language</attributeValues>
            <attributeValues elements="language" attributes="variants">$variant</attributeValues>
            <attributeValues elements="languageAlias" attributes="replacement type" type="locale"/>
            <attributeValues elements="ldml" attributes="version">$version</attributeValues>
            <attributeValues elements="mapTimezones" attributes="type" type="regex">.+</attributeValues>
            <attributeValues elements="mapZone" attributes="type">$tzid</attributeValues>
            <attributeValues elements="mapping" attributes="registry" type="choice">iana</attributeValues>
            <attributeValues elements="mapping" attributes="type" type="choice">utf-8</attributeValues>
            <attributeValues elements="minDays" attributes="count" type="regex">[0-7]</attributeValues>
            <attributeValues elements="month" attributes="type" type="choice">1 2 3 4 5 6 7 8 9 10 11 12 13</attributeValues>
            <attributeValues elements="monthWidth dayWidth quarterWidth" attributes="type" order="given">abbreviated narrow wide</attributeValues>
            <attributeValues elements="pattern" attributes="type" type="choice">standard</attributeValues>
            <attributeValues elements="preferenceOrdering" attributes="type">$tzidList</attributeValues>
            <attributeValues elements="quarter" attributes="type" type="choice">1 2 3 4</attributeValues> <!-- move to DTD? -->
            <attributeValues elements="reference" attributes="type">$reference</attributeValues>
            <attributeValues elements="reference" attributes="uri">notDoneYet</attributeValues>
            <attributeValues elements="region" attributes="iso3166">$territory</attributeValues>
            <attributeValues elements="relative" attributes="type" type="regex">-?[0-9]+</attributeValues>
            <attributeValues elements="reset" attributes="before" type="choice">primary secondary tertiary</attributeValues> <!-- move to DTD? -->
            <attributeValues elements="rule" attributes="id">$double</attributeValues>
            <attributeValues elements="script" attributes="type">$script</attributeValues>
            <attributeValues elements="scriptAlias" attributes="replacement">$script</attributeValues>
            <attributeValues elements="scriptAlias" attributes="type">$script</attributeValues>
            <attributeValues elements="segmentation" attributes="type" type="choice">GraphemeClusterBreak LineBreak SentenceBreak WordBreak</attributeValues>
            <attributeValues elements="singleCountries" attributes="list">$tzidList</attributeValues>
            <attributeValues elements="supplementalData" attributes="version">$version</attributeValues>
            <attributeValues elements="territory" attributes="type">$territory</attributeValues>
            <attributeValues elements="territoryAlias" attributes="replacement type">$territory</attributeValues>
            <attributeValues elements="type" attributes="key" type="choice">calendar collation currency</attributeValues>
            <attributeValues elements="type" attributes="type" type="choice">big5han buddhist chinese direct gb2312han gregorian hebrew islamic islamic-civil japanese persian phonebook pinyin stroke traditional</attributeValues>
            <attributeValues elements="variable" attributes="id">$variableID</attributeValues>
            <attributeValues elements="variant" attributes="type">$variant</attributeValues>
            <attributeValues elements="variantAlias" attributes="replacement type">$variant</attributeValues>
            <attributeValues elements="version" attributes="number">$version</attributeValues>
            <attributeValues elements="weekendEnd weekendStart" attributes="time">$time</attributeValues>
            <attributeValues elements="zone" attributes="type">$tzid</attributeValues>
            <attributeValues elements="zoneFormatting" attributes="multizone">$territory</attributeValues>
            <attributeValues elements="zoneItem" attributes="aliases">$tzidList</attributeValues>
            <attributeValues elements="zoneItem" attributes="territory">$territory</attributeValues>
            <attributeValues elements="zoneItem" attributes="type">$tzid</attributeValues>
        </validity>
        <alias>
            <!-- grandfathered 3066 codes -->
            <languageAlias type="art-lojban" replacement="jbo"/> <!-- Lojban -->
            <languageAlias type="i-hak" replacement="zh-hakka"/> <!-- Hakka -->
            <languageAlias type="i-klingon" replacement="tlh"/> <!-- Klingon -->
            <languageAlias type="i-lux" replacement="lb"/> <!-- Luxembourgish -->
            <languageAlias type="i-navajo" replacement="nv"/> <!-- Navajo -->
            <languageAlias type="no-bok" replacement="nb"/> <!-- Norwegian Bokmal -->
            <languageAlias type="no-nyn" replacement="nn"/> <!-- Norwegian Nynorsk -->
            <languageAlias type="zh-guoyu" replacement="zh-cmn"/> <!-- Mandarin or Standard Chinese -->
            <!-- deprecated iso codes -->
            <languageAlias type="in" replacement="id"/> <!-- Indonesian -->
            <languageAlias type="iw" replacement="he"/> <!-- Hebrew -->
            <languageAlias type="ji" replacement="yi"/> <!-- Yiddish -->
            <languageAlias type="jw" replacement="jv"/> <!-- Javanese -->
            <!-- legacy use -->
            <languageAlias type="sh" replacement="sr_Latn"/> <!-- Serbo-Croatian -->
            <!-- default scripts -->
            <languageAlias type="sr_CS" replacement="sr_Cyrl_CS"/>
            <languageAlias type="zh_CN" replacement="zh_Hans_CN"/>
            <languageAlias type="zh_HK" replacement="zh_Hant_HK"/>
            <languageAlias type="zh_MO" replacement="zh_Hant_MO"/>
            <languageAlias type="zh_SG" replacement="zh_Hans_SG"/>
            <languageAlias type="zh_TW" replacement="zh_Hant_TW"/>
            <!-- deprecated ISO territories in 3066 + CLDR ones (older deprecated ISO codes -->
            <territoryAlias type="BQ" replacement="AQ"/> <!-- CLDR: British Antarctic Territory -->
            <territoryAlias type="BU" replacement="MM"/> <!-- Burma -->
            <territoryAlias type="CT" replacement="KI"/> <!-- CLDR: Canton and Enderbury Islands -->
            <territoryAlias type="DD" replacement="DE"/> <!-- German Democratic Republic -->
            <territoryAlias type="FQ"/> <!-- CLDR: French Southern and Antarctic Territories (now split between AQ and TF) -->
            <territoryAlias type="FX" replacement="FR"/> <!-- Metropolitan France -->
            <territoryAlias type="JT" replacement="UM"/> <!-- CLDR: Johnston Island -->
            <territoryAlias type="MI" replacement="UM"/> <!-- CLDR: Midway Islands -->
            <territoryAlias type="NQ" replacement="AQ"/> <!-- CLDR: Dronning Maud Land -->
            <territoryAlias type="NT"/> <!-- Neutral Zone -->
            <territoryAlias type="PC" replacement="AQ"/> <!-- CLDR: Pacific Islands Trust Territory (divided into FM, MH, MP, and PW) -->
            <territoryAlias type="PU" replacement="UM"/> <!-- CLDR: U.S. Miscellaneous Pacific Islands -->
            <territoryAlias type="PZ" replacement="PA"/> <!-- CLDR: Panama Canal Zone -->
            <territoryAlias type="SU"/> <!-- Union of Soviet Socialist Republics -->
            <territoryAlias type="TP" replacement="TL"/> <!-- East Timor -->
            <territoryAlias type="VD" replacement="VN"/> <!-- CLDR: North Vietnam -->
            <territoryAlias type="WK" replacement="UM"/> <!-- CLDR: Wake Island -->
            <territoryAlias type="YD" replacement="YE"/> <!-- Yemen, Democratic -->
            <territoryAlias type="YU" replacement="CS"/> <!-- Yugoslavia -->
            <territoryAlias type="ZR" replacement="CD"/> <!-- Zaire -->
            <territoryAlias type="DY" replacement="BJ"/> <!-- CLDR:Benin -->
            <territoryAlias type="HV" replacement="BF"/> <!-- CLDR:Burkina Faso -->
            <territoryAlias type="NH" replacement="VU"/> <!-- CLDR:Vanuatu -->
            <territoryAlias type="RH" replacement="ZW"/> <!-- CLDR:Zimbabwe -->
            <territoryAlias type="062" replacement="034"/> <!-- Southern Asia -->
            <territoryAlias type="200"/> <!-- Czechoslovakia -->
            <variantAlias type="BOKMAL"/>
            <variantAlias type="NYNORSK"/>
            <variantAlias type="AALAND"/>
            <variantAlias type="BOONT"/>
            <variantAlias type="GAULISH"/>
            <variantAlias type="GUOYU"/>
            <variantAlias type="HAKKA"/>
            <variantAlias type="LOJBAN"/>
            <variantAlias type="SCOUSE"/>
            <variantAlias type="XIANG"/>
            <zoneAlias type="Africa/Timbuktu" replacement="Africa/Bamako"/>          
            <zoneAlias type="Pacific/Yap" replacement="Pacific/Truk"/>          
            <zoneAlias type="Europe/Belfast" replacement="Europe/London"/>
            <zoneAlias type="SystemV/AST4ADT" replacement="America/Halifax"/>
            <zoneAlias type="SystemV/EST5EDT" replacement="America/New_York"/>
            <zoneAlias type="EST5EDT" replacement="America/New_York"/>	
            <zoneAlias type="SystemV/CST6CDT" replacement="America/Chicago"/>
            <zoneAlias type="CST6CDT" replacement="America/Chicago"/>		
            <zoneAlias type="SystemV/MST7MDT" replacement="America/Denver"/>
            <zoneAlias type="MST7MDT" replacement="America/Denver"/>	
            <zoneAlias type="SystemV/PST8PDT" replacement="America/Los_Angeles"/>
            <zoneAlias type="PST8PDT" replacement="America/Los_Angeles"/>
            <zoneAlias type="SystemV/YST9YDT" replacement="America/Anchorage"/>
            <zoneAlias type="SystemV/AST4" replacement="America/Puerto_Rico"/>
            <zoneAlias type="SystemV/EST5" replacement="America/Indianapolis"/>
            <zoneAlias type="EST" replacement="America/Indianapolis"/>
            <zoneAlias type="SystemV/CST6" replacement="America/Regina"/>
            <zoneAlias type="SystemV/MST7" replacement="America/Phoenix"/>
            <zoneAlias type="MST" replacement="America/Phoenix"/>
            <zoneAlias type="SystemV/PST8" replacement="Pacific/Pitcairn"/>
            <zoneAlias type="SystemV/YST9" replacement="Pacific/Gambier"/>
            <zoneAlias type="SystemV/HST10" replacement="Pacific/Honolulu"/>
            <zoneAlias type="HST" replacement="Pacific/Honolulu"/>       
        </alias>
        <deprecated>
            <!-- items deprecated in ldml.dtd -->
            <deprecatedItems elements="monthNames monthAbbr localizedPatternChars week minDays firstDay weekendStart weekendEnd yesexpr noexpr localizedPatternChars"/>
            <deprecatedItems attributes="standard count time"/>
            <deprecatedItems elements="variant" attributes="type" values="BOKMAL NYNORSK AALAND"/>
            <deprecatedItems elements="abbreviationFallback default mapping measurementSystem preferenceOrdering" attributes="type"/>
            <deprecatedItems type="supplemental" elements="alternate"/>
            <deprecatedItems attributes="draft" values="true false"/>
        </deprecated>
        <coverageAdditions>
            <languageCoverage type="basic" values="de en es fr it ja pt ru zh"/>
            <languageCoverage type="moderate" values="ar hi ko in nl bn tr th pl"/>
            <!-- <languageCoverage type="moderate" subtype="EU" values="da el fi sv cs et lv lt hu mt sk sl"/> -->
            <!-- <languageCoverage type="modern" values="sr"/> from languageInfo -->
            <scriptCoverage type="basic" values="Latn Hans Hant Cyrl Arab"/>
            <territoryCoverage type="basic" values="BR CN DE GB FR IN IT JP RU US"/>
            <territoryCoverage type="moderate" values="ES BE SE TR AT ID SA NO DK PL ZA GR FI IE PT TH HK TW"/>		
            <timezoneCoverage type="moderate" values="America/Buenos_Aires America/Rio_Branco America/Campo_Grande America/Sao_Paulo
                Australia/Perth Australia/Darwin Australia/Brisbane Australia/Adelaide Australia/Sydney Australia/Hobart
                America/Vancouver America/Edmonton America/Regina America/Winnipeg America/Toronto America/Halifax America/St_Johns
                America/Tijuana America/Hermosillo America/Chihuahua America/Mexico_City
                Pacific/Honolulu America/Anchorage America/Los_Angeles America/Phoenix America/Denver America/Chicago America/Indianapolis America/New_York"	/>	
        </coverageAdditions>
        <!-- <skipDefaultLocale services="segmentation collation"/> -->
    </metadata>
</supplementalData>
