<?xml version="1.0" encoding="UTF-8" ?>
<!DOCTYPE ldml SYSTEM "../../common/dtd/ldml.dtd">
<ldml>
	<identity>
		<version number="$Revision: $"/>
		<generation date="$Date: $"/>
		<language type="dua"/>
	</identity>
	<metadata>
		<casingData>
			<casingItem type="calendar-field">lowercase</casingItem>
			<casingItem type="day-format-except-narrow">lowercase</casingItem>
			<casingItem type="day-narrow">lowercase</casingItem>
			<casingItem type="day-standalone-except-narrow">lowercase</casingItem>
			<casingItem type="era-abbr">lowercase</casingItem>
			<casingItem type="era-name">lowercase</casingItem>
			<casingItem type="era-narrow">lowercase</casingItem>
			<casingItem type="language">lowercase</casingItem>
			<casingItem type="month-format-except-narrow">lowercase</casingItem>
			<casingItem type="month-narrow">lowercase</casingItem>
			<casingItem type="month-standalone-except-narrow">lowercase</casingItem>
			<casingItem type="quarter-abbreviated">lowercase</casingItem>
			<casingItem type="quarter-format-wide">lowercase</casingItem>
			<casingItem type="quarter-standalone-wide">lowercase</casingItem>
			<casingItem type="tense">lowercase</casingItem>
			<casingItem type="territory">titlecase</casingItem>
		</casingData>
	</metadata>
</ldml>
