<?xml version="1.0" encoding="UTF-8" ?>
<!DOCTYPE ldml SYSTEM "../../common/dtd/ldml.dtd">
<ldml>
	<identity>
		<version number="$Revision: $"/>
		<generation date="$Date: $"/>
		<language type="kcg"/>
	</identity>
	<metadata>
		<casingData>
			<casingItem type="day-format-except-narrow">titlecase</casingItem>
			<casingItem type="day-standalone-except-narrow">titlecase</casingItem>
			<casingItem type="displayName">titlecase</casingItem>
			<casingItem type="displayName-count">titlecase</casingItem>
			<casingItem type="era-abbr">titlecase</casingItem>
			<casingItem type="era-name">titlecase</casingItem>
			<casingItem type="era-narrow">titlecase</casingItem>
			<casingItem type="month-format-except-narrow">titlecase</casingItem>
			<casingItem type="month-standalone-except-narrow">titlecase</casingItem>
		</casingData>
	</metadata>
</ldml>
