<?xml version="1.0" encoding="UTF-8" ?>
<!DOCTYPE ldml SYSTEM "../../common/dtd/ldml.dtd">
<ldml>
	<identity>
		<version number="$Revision: $"/>
		<generation date="$Date: $"/>
		<language type="kk"/>
	</identity>
	<metadata>
		<casingData>
			<casingItem type="calendar-field">lowercase</casingItem>
			<casingItem type="day-format-except-narrow">lowercase</casingItem>
			<casingItem type="day-standalone-except-narrow">lowercase</casingItem>
			<casingItem type="displayName">titlecase</casingItem>
			<casingItem type="displayName-count">titlecase</casingItem>
			<casingItem type="key">titlecase</casingItem>
			<casingItem type="language">lowercase</casingItem>
			<casingItem type="metazone-long">titlecase</casingItem>
			<casingItem type="metazone-short">titlecase</casingItem>
			<casingItem type="month-format-except-narrow">lowercase</casingItem>
			<casingItem type="month-standalone-except-narrow">lowercase</casingItem>
			<casingItem type="symbol">lowercase</casingItem>
			<casingItem type="tense">lowercase</casingItem>
			<casingItem type="territory">titlecase</casingItem>
			<casingItem type="type">titlecase</casingItem>
			<casingItem type="variant">titlecase</casingItem>
			<casingItem type="zone-exemplarCity">titlecase</casingItem>
		</casingData>
	</metadata>
</ldml>
