<?xml version="1.0" encoding="UTF-8" ?>
<!DOCTYPE ldml SYSTEM "../../common/dtd/ldml.dtd">
<ldml>
	<identity>
		<version number="$Revision: $"/>
		<generation date="$Date: $"/>
		<language type="nmg"/>
	</identity>
	<metadata>
		<casingData>
			<casingItem type="calendar-field">titlecase</casingItem>
			<casingItem type="day-format-except-narrow">lowercase</casingItem>
			<casingItem type="day-narrow">lowercase</casingItem>
			<casingItem type="day-standalone-except-narrow">lowercase</casingItem>
			<casingItem type="displayName">titlecase</casingItem>
			<casingItem type="era-abbr">titlecase</casingItem>
			<casingItem type="era-name">titlecase</casingItem>
			<casingItem type="era-narrow">titlecase</casingItem>
			<casingItem type="language">titlecase</casingItem>
			<casingItem type="month-format-except-narrow">lowercase</casingItem>
			<casingItem type="month-standalone-except-narrow">lowercase</casingItem>
			<casingItem type="quarter-abbreviated">titlecase</casingItem>
			<casingItem type="quarter-format-wide">titlecase</casingItem>
			<casingItem type="quarter-standalone-wide">titlecase</casingItem>
			<casingItem type="tense">titlecase</casingItem>
			<casingItem type="territory">titlecase</casingItem>
		</casingData>
	</metadata>
</ldml>
