<?xml version="1.0" encoding="UTF-8" ?>
<!DOCTYPE ldml SYSTEM "../../common/dtd/ldml.dtd">
<!-- Copyright © 1991-2015 Unicode, Inc.
CLDR data files are interpreted according to the LDML specification (http://unicode.org/reports/tr35/)
For terms of use, see http://www.unicode.org/copyright.html
-->
<ldml>
	<identity>
		<version number="$Revision$"/>
		<language type="sr"/>
	</identity>
	<metadata>
		<casingData>
			<casingItem type="calendar_field">lowercase</casingItem>
			<casingItem type="currencyName">titlecase</casingItem>
			<casingItem type="currencyName_count">lowercase</casingItem>
			<casingItem type="day_format_except_narrow">lowercase</casingItem>
			<casingItem type="day_narrow">lowercase</casingItem>
			<casingItem type="day_standalone_except_narrow">lowercase</casingItem>
			<casingItem type="era_abbr">titlecase</casingItem>
			<casingItem type="era_name">titlecase</casingItem>
			<casingItem type="era_narrow">titlecase</casingItem>
			<casingItem type="metazone_long">titlecase</casingItem>
			<casingItem type="month_format_except_narrow">titlecase</casingItem>
			<casingItem type="month_narrow">lowercase</casingItem>
			<casingItem type="month_standalone_except_narrow">titlecase</casingItem>
			<casingItem type="quarter_abbreviated">titlecase</casingItem>
			<casingItem type="quarter_format_wide">lowercase</casingItem>
			<casingItem type="quarter_standalone_wide">lowercase</casingItem>
			<casingItem type="relative">lowercase</casingItem>
			<casingItem type="script">lowercase</casingItem>
			<casingItem type="territory">titlecase</casingItem>
			<casingItem type="variant">titlecase</casingItem>
			<casingItem type="zone_exemplarCity">titlecase</casingItem>
			<casingItem type="zone_long">titlecase</casingItem>
		</casingData>
	</metadata>
</ldml>
