<?xml version="1.0" encoding="UTF-8" ?>
<!DOCTYPE supplementalData SYSTEM "http://www.unicode.org/cldr/dtd/1.4/ldmlSupplemental.dtd">
<supplementalData>
	<transforms>
		<transform source="Bengali" target="InterIndic" direction="forward" visibility="internal">
			<comment># Bengali-InterIndic</comment>
			<tRule>ো→\uE04B; # VOWEL SIGN O</tRule>
			<tRule>ৌ→\uE04C; # VOWEL SIGN AU</tRule>
			<tRule>ঁ→\uE001; # SIGN CANDRABINDU</tRule>
			<tRule>ং→\uE002; # SIGN ANUSVARA</tRule>
			<tRule>ঃ→\uE003; # SIGN VISARGA</tRule>
			<tRule>অ→\uE005; # LETTER A</tRule>
			<tRule>আ→\uE006; # LETTER AA</tRule>
			<tRule>ই→\uE007; # LETTER I</tRule>
			<tRule>ঈ→\uE008; # LETTER II</tRule>
			<tRule>উ→\uE009; # LETTER U</tRule>
			<tRule>ঊ→\uE00A; # LETTER UU</tRule>
			<tRule>ঋ→\uE00B; # LETTER VOCALIC R</tRule>
			<tRule>ঌ→\uE00C; # LETTER VOCALIC L</tRule>
			<tRule>এ→\uE00F; # LETTER E</tRule>
			<tRule>ঐ→\uE010; # LETTER AI</tRule>
			<tRule>ও→\uE013; # LETTER O</tRule>
			<tRule>ঔ→\uE014; # LETTER AU</tRule>
			<tRule>ক→\uE015; # LETTER KA</tRule>
			<tRule>খ→\uE016; # LETTER KHA</tRule>
			<tRule>গ→\uE017; # LETTER GA</tRule>
			<tRule>ঘ→\uE018; # LETTER GHA</tRule>
			<tRule>ঙ→\uE019; # LETTER NGA</tRule>
			<tRule>চ→\uE01A; # LETTER CA</tRule>
			<tRule>ছ→\uE01B; # LETTER CHA</tRule>
			<tRule>জ→\uE01C; # LETTER JA</tRule>
			<tRule>ঝ→\uE01D; # LETTER JHA</tRule>
			<tRule>ঞ→\uE01E; # LETTER NYA</tRule>
			<tRule>ট→\uE01F; # LETTER TTA</tRule>
			<tRule>ঠ→\uE020; # LETTER TTHA</tRule>
			<tRule>ড→\uE021; # LETTER DDA</tRule>
			<tRule>ঢ→\uE022; # LETTER DDHA</tRule>
			<tRule>ণ→\uE023; # LETTER NNA</tRule>
			<tRule>ত→\uE024; # LETTER TA</tRule>
			<tRule>থ→\uE025; # LETTER THA</tRule>
			<tRule>দ→\uE026; # LETTER DA</tRule>
			<tRule>ধ→\uE027; # LETTER DHA</tRule>
			<tRule>ন→\uE028; # LETTER NA</tRule>
			<tRule>প→\uE02A; # LETTER PA</tRule>
			<tRule>ফ→\uE02B; # LETTER PHA</tRule>
			<tRule>ব→\uE02C; # LETTER BA</tRule>
			<tRule>ভ→\uE02D; # LETTER BHA</tRule>
			<tRule>ম→\uE02E; # LETTER MA</tRule>
			<tRule>য→\uE02F; # LETTER YA</tRule>
			<tRule>র→\uE030; # LETTER RA</tRule>
			<tRule>ল→\uE032; # LETTER LA</tRule>
			<tRule>শ→\uE036; # LETTER SHA</tRule>
			<tRule>ষ→\uE037; # LETTER SSA</tRule>
			<tRule>স→\uE038; # LETTER SA</tRule>
			<tRule>হ→\uE039; # LETTER HA</tRule>
			<tRule>়→\uE03C; # SIGN NUKTA</tRule>
			<tRule>ঽ→\uE03D; # SIGN AVAGRAHA</tRule>
			<tRule>া→\uE03E; # VOWEL SIGN AA</tRule>
			<tRule>ি→\uE03F; # VOWEL SIGN I</tRule>
			<tRule>ী→\uE040; # VOWEL SIGN II</tRule>
			<tRule>ু→\uE041; # VOWEL SIGN U</tRule>
			<tRule>ূ→\uE042; # VOWEL SIGN UU</tRule>
			<tRule>ৃ→\uE043; # VOWEL SIGN VOCALIC R</tRule>
			<tRule>ৄ→\uE044; # VOWEL SIGN VOCALIC RR</tRule>
			<tRule>ে→\uE047; # VOWEL SIGN E</tRule>
			<tRule>ৈ→\uE048; # VOWEL SIGN AI</tRule>
			<tRule>ো→\uE04B;</tRule>
			<tRule>ৌ→\uE04C;</tRule>
			<comment>#</comment>
			<tRule>্→\uE04D; # SIGN VIRAMA</tRule>
			<tRule>ৎ→\uE083; # Khanda-ta</tRule>
			<tRule>ৗ→\uE057; # AU LENGTH MARK</tRule>
			<comment>#</comment>
			<tRule>ৠ→\uE060; # LETTER VOCALIC RR</tRule>
			<tRule>ৡ→\uE061; # LETTER VOCALIC LL</tRule>
			<tRule>ৢ→\uE062; # VOWEL SIGN VOCALIC L</tRule>
			<tRule>ৣ→\uE063; # VOWEL SIGN VOCALIC LL</tRule>
			<tRule>০→\uE066; # DIGIT ZERO</tRule>
			<tRule>১→\uE067; # DIGIT ONE</tRule>
			<tRule>২→\uE068; # DIGIT TWO</tRule>
			<tRule>৩→\uE069; # DIGIT THREE</tRule>
			<tRule>৪→\uE06A; # DIGIT FOUR</tRule>
			<tRule>৫→\uE06B; # DIGIT FIVE</tRule>
			<tRule>৬→\uE06C; # DIGIT SIX</tRule>
			<tRule>৭→\uE06D; # DIGIT SEVEN</tRule>
			<tRule>৮→\uE06E; # DIGIT EIGHT</tRule>
			<tRule>৯→\uE06F; # DIGIT NINE</tRule>
			<tRule>ৰ→\uE071; # Bengali-InterIndic: LETTER RA WITH MIDDLE DIAGONAL</tRule>
			<tRule>ৱ→\uE072; # Bengali-InterIndic: LETTER RA WITH LOWER DIAGONAL</tRule>
			<tRule>৲→\uE073; # Bengali-InterIndic: RUPEE MARK</tRule>
			<tRule>৳→\uE074; # Bengali-InterIndic: RUPEE SIGN</tRule>
			<tRule>৴→\uE075; # Bengali-InterIndic: CURRENCY NUMERATOR ONE</tRule>
			<tRule>৵→\uE076; # Bengali-InterIndic: CURRENCY NUMERATOR TWO</tRule>
			<tRule>৶→\uE077; # Bengali-InterIndic: CURRENCY NUMERATOR THREE</tRule>
			<tRule>৷→\uE078; # Bengali-InterIndic: CURRENCY NUMERATOR FOUR</tRule>
			<tRule>৸→\uE079; # Bengali-InterIndic: CURRENCY NUMERATOR ONE LESS THAN THE DENOMINATOR</tRule>
			<tRule>৹→\uE07A; # Bengali-InterIndic: CURRENCY DENOMINATOR SIXTEEN</tRule>
			<tRule>৺→\uE07B; # ISSHAR</tRule>
			<tRule>।→\uE064;        # DANDA</tRule>
			<tRule>॥→\uE065;        # DOUBLE DANDA</tRule>
			<comment>#    :: NFC (NFD) ;</comment>
			<comment># eof</comment>
		</transform>
	</transforms>
</supplementalData>

