<?xml version="1.0" encoding="UTF-8" ?>
<!DOCTYPE supplementalData SYSTEM "http://www.unicode.org/cldr/dtd/1.4/ldmlSupplemental.dtd">
<supplementalData>
	<transforms>
		<transform source="Bengali" target="Devanagari" direction="forward">
			<tRule>::[।-॥ঁ-ঃঅ-ঌএ-ঐও-নপ-রলশ-হ়-ৄে-ৈো-্ৗড়-ঢ়য়-ৣ০-৺ৎ];</tRule>
			<tRule>::NFD;</tRule>
			<tRule>::Bengali-InterIndic;</tRule>
			<tRule>::InterIndic-Devanagari;</tRule>
			<tRule>::NFC;</tRule>
		</transform>
	</transforms>
</supplementalData>

