<?xml version="1.0" encoding="UTF-8" ?>
<!DOCTYPE supplementalData SYSTEM "http://www.unicode.org/cldr/dtd/1.4/ldmlSupplemental.dtd">
<supplementalData>
	<transforms>
		<transform source="CanadianAboriginal" target="Latin" direction="both">
			<tRule>šwê ↔ ᔗ ;</tRule>
			<tRule>šwî ↔ ᔛ ;</tRule>
			<tRule>šwi ↔ ᔙ ;</tRule>
			<tRule>šwô ↔ ᔟ ;</tRule>
			<tRule>šwo ↔ ᔝ ;</tRule>
			<tRule>šwâ ↔ ᔣ ;</tRule>
			<tRule>šwa ↔ ᔡ ;</tRule>
			<tRule>pwê ↔ ᐺ ;</tRule>
			<tRule>pwî ↔ ᐾ ;</tRule>
			<tRule>pwi ↔ ᐼ ;</tRule>
			<tRule>pwô ↔ ᑂ ;</tRule>
			<tRule>pwo ↔ ᑀ ;</tRule>
			<tRule>pwâ ↔ ᑆ ;</tRule>
			<tRule>pwa ↔ ᑄ ;</tRule>
			<tRule>twê ↔ ᑗ ;</tRule>
			<tRule>twî ↔ ᑛ ;</tRule>
			<tRule>twi ↔ ᑙ ;</tRule>
			<tRule>twô ↔ ᑟ ;</tRule>
			<tRule>two ↔ ᑝ ;</tRule>
			<tRule>twâ ↔ ᑣ ;</tRule>
			<tRule>twa ↔ ᑡ ;</tRule>
			<tRule>kwê ↔ ᑴ ;</tRule>
			<tRule>kwî ↔ ᑸ ;</tRule>
			<tRule>kwi ↔ ᑶ ;</tRule>
			<tRule>kwô ↔ ᑼ ;</tRule>
			<tRule>kwo ↔ ᑺ ;</tRule>
			<tRule>kwâ ↔ ᒀ ;</tRule>
			<tRule>kwa ↔ ᑾ ;</tRule>
			<tRule>cwê ↔ ᒒ ;</tRule>
			<tRule>cwî ↔ ᒖ ;</tRule>
			<tRule>cwi ↔ ᒔ ;</tRule>
			<tRule>cwô ↔ ᒚ ;</tRule>
			<tRule>cwo ↔ ᒘ ;</tRule>
			<tRule>cwâ ↔ ᒞ ;</tRule>
			<tRule>cwa ↔ ᒜ ;</tRule>
			<tRule>mwê ↔ ᒬ ;</tRule>
			<tRule>mwî ↔ ᒰ ;</tRule>
			<tRule>mwi ↔ ᒮ ;</tRule>
			<tRule>mwô ↔ ᒴ ;</tRule>
			<tRule>mwo ↔ ᒲ ;</tRule>
			<tRule>mwâ ↔ ᒸ ;</tRule>
			<tRule>mwa ↔ ᒶ ;</tRule>
			<tRule>nwê ↔ ᓉ ;</tRule>
			<tRule>nwâ ↔ ᓍ ;</tRule>
			<tRule>nwa ↔ ᓋ ;</tRule>
			<tRule>lwê ↔ ᓜ ;</tRule>
			<tRule>lwî ↔ ᓠ ;</tRule>
			<tRule>lwi ↔ ᓞ ;</tRule>
			<tRule>lwô ↔ ᓤ ;</tRule>
			<tRule>lwo ↔ ᓢ ;</tRule>
			<tRule>lwâ ↔ ᓨ ;</tRule>
			<tRule>lwa ↔ ᓦ ;</tRule>
			<tRule>swê ↔ ᓶ ;</tRule>
			<tRule>swî ↔ ᓺ ;</tRule>
			<tRule>swi ↔ ᓸ ;</tRule>
			<tRule>swô ↔ ᓾ ;</tRule>
			<tRule>swo ↔ ᓼ ;</tRule>
			<tRule>swâ ↔ ᔂ ;</tRule>
			<tRule>swa ↔ ᔀ ;</tRule>
			<tRule>ywê ↔ ᔯ ;</tRule>
			<tRule>ywî ↔ ᔳ ;</tRule>
			<tRule>ywi ↔ ᔱ ;</tRule>
			<tRule>ywô ↔ ᔷ ;</tRule>
			<tRule>ywo ↔ ᔵ ;</tRule>
			<tRule>ywâ ↔ ᔻ ;</tRule>
			<tRule>ywa ↔ ᔹ ;</tRule>
			<tRule>rwâ ↔ ᕎ ;</tRule>
			<tRule>hk ↔ ᕽ ;</tRule>
			<tRule>thê ↔ ᖧ ;</tRule>
			<tRule>thî ↔ ᖩ ;</tRule>
			<tRule>thi ↔ ᖨ ;</tRule>
			<tRule>thô ↔ ᖫ ;</tRule>
			<tRule>tho ↔ ᖪ ;</tRule>
			<tRule>thâ ↔ ᖭ ;</tRule>
			<tRule>tha ↔ ᖬ ;</tRule>
			<tRule>th ↔ ᖮ ;</tRule>
			<tRule>šê ↔ ᔐ ;</tRule>
			<tRule>šî ↔ ᔑ ;</tRule>
			<tRule>ši ↔ ᔒ ;</tRule>
			<tRule>šô ↔ ᔓ ;</tRule>
			<tRule>šo ↔ ᔔ ;</tRule>
			<tRule>šâ ↔ ᔕ ;</tRule>
			<tRule>ša ↔ ᔖ ;</tRule>
			<tRule>š ↔ ᔥ ;</tRule>
			<tRule>wê ↔ ᐌ ;</tRule>
			<tRule>wî ↔ ᐐ ;</tRule>
			<tRule>wi ↔ ᐎ ;</tRule>
			<tRule>wô ↔ ᐔ ;</tRule>
			<tRule>wo ↔ ᐒ ;</tRule>
			<tRule>wâ ↔ ᐙ ;</tRule>
			<tRule>wa ↔ ᐗ ;</tRule>
			<tRule>w ↔ ᐤ ;</tRule>
			<tRule>pê ↔ ᐯ ;</tRule>
			<tRule>pî ↔ ᐲ ;</tRule>
			<tRule>pi ↔ ᐱ ;</tRule>
			<tRule>pô ↔ ᐴ ;</tRule>
			<tRule>po ↔ ᐳ ;</tRule>
			<tRule>pâ ↔ ᐹ ;</tRule>
			<tRule>pa ↔ ᐸ ;</tRule>
			<tRule>p ↔ ᑉ ;</tRule>
			<tRule>tê ↔ ᑌ ;</tRule>
			<tRule>tî ↔ ᑏ ;</tRule>
			<tRule>ti ↔ ᑎ ;</tRule>
			<tRule>tô ↔ ᑑ ;</tRule>
			<tRule>to ↔ ᑐ ;</tRule>
			<tRule>tâ ↔ ᑖ ;</tRule>
			<tRule>ta ↔ ᑕ ;</tRule>
			<tRule>t ↔ ᑦ ;</tRule>
			<tRule>kê ↔ ᑫ ;</tRule>
			<tRule>kî ↔ ᑮ ;</tRule>
			<tRule>ki ↔ ᑭ ;</tRule>
			<tRule>kô ↔ ᑰ ;</tRule>
			<tRule>ko ↔ ᑯ ;</tRule>
			<tRule>kâ ↔ ᑳ ;</tRule>
			<tRule>ka ↔ ᑲ ;</tRule>
			<tRule>kw ↔ ᒄ ;</tRule>
			<tRule>k ↔ ᒃ ;</tRule>
			<tRule>cê ↔ ᒉ ;</tRule>
			<tRule>cî ↔ ᒌ ;</tRule>
			<tRule>ci ↔ ᒋ ;</tRule>
			<tRule>cô ↔ ᒎ ;</tRule>
			<tRule>co ↔ ᒍ ;</tRule>
			<tRule>câ ↔ ᒑ ;</tRule>
			<tRule>ca ↔ ᒐ ;</tRule>
			<tRule>c ↔ ᒡ ;</tRule>
			<tRule>mê ↔ ᒣ ;</tRule>
			<tRule>mî ↔ ᒦ ;</tRule>
			<tRule>mi ↔ ᒥ ;</tRule>
			<tRule>mô ↔ ᒨ ;</tRule>
			<tRule>mo ↔ ᒧ ;</tRule>
			<tRule>mâ ↔ ᒫ ;</tRule>
			<tRule>ma ↔ ᒪ ;</tRule>
			<tRule>m ↔ ᒻ ;</tRule>
			<tRule>nê ↔ ᓀ ;</tRule>
			<tRule>nî ↔ ᓃ ;</tRule>
			<tRule>ni ↔ ᓂ ;</tRule>
			<tRule>nô ↔ ᓅ ;</tRule>
			<tRule>no ↔ ᓄ ;</tRule>
			<tRule>nâ ↔ ᓈ ;</tRule>
			<tRule>na ↔ ᓇ ;</tRule>
			<tRule>n ↔ ᓐ ;</tRule>
			<tRule>lê ↔ ᓓ ;</tRule>
			<tRule>lî ↔ ᓖ ;</tRule>
			<tRule>li ↔ ᓕ ;</tRule>
			<tRule>lô ↔ ᓘ ;</tRule>
			<tRule>lo ↔ ᓗ ;</tRule>
			<tRule>lâ ↔ ᓛ ;</tRule>
			<tRule>la ↔ ᓚ ;</tRule>
			<tRule>l ↔ ᓪ ;</tRule>
			<tRule>sê ↔ ᓭ ;</tRule>
			<tRule>sî ↔ ᓰ ;</tRule>
			<tRule>si ↔ ᓯ ;</tRule>
			<tRule>sô ↔ ᓲ ;</tRule>
			<tRule>so ↔ ᓱ ;</tRule>
			<tRule>sâ ↔ ᓵ ;</tRule>
			<tRule>sa ↔ ᓴ ;</tRule>
			<tRule>s ↔ ᔅ ;</tRule>
			<tRule>yê ↔ ᔦ ;</tRule>
			<tRule>yî ↔ ᔩ ;</tRule>
			<tRule>yi ↔ ᔨ ;</tRule>
			<tRule>yô ↔ ᔫ ;</tRule>
			<tRule>yo ↔ ᔪ ;</tRule>
			<tRule>yâ ↔ ᔮ ;</tRule>
			<tRule>ya ↔ ᔭ ;</tRule>
			<tRule>y ↔ ᔾ ;</tRule>
			<tRule>rê ↔ ᕂ ;</tRule>
			<tRule>rî ↔ ᕇ ;</tRule>
			<tRule>ri ↔ ᕆ ;</tRule>
			<tRule>rô ↔ ᕉ ;</tRule>
			<tRule>ro ↔ ᕈ ;</tRule>
			<tRule>râ ↔ ᕌ ;</tRule>
			<tRule>ra ↔ ᕋ ;</tRule>
			<tRule>r ↔ ᕐ ;</tRule>
			<tRule>hê ↔ ᐁ ;</tRule>
			<tRule>hî ↔ ᐄ ;</tRule>
			<tRule>hi ↔ ᐃ ;</tRule>
			<tRule>hô ↔ ᐆ ;</tRule>
			<tRule>ho ↔ ᐅ ;</tRule>
			<tRule>hâ ↔ ᐋ ;</tRule>
			<tRule>ha ↔ ᐊ ;</tRule>
			<tRule>h ↔ ᐦ ;</tRule>
			<tRule>'.' ↔ ᙮ ;</tRule>
		</transform>
	</transforms>
</supplementalData>

