<?xml version="1.0" encoding="UTF-8" ?>
<!DOCTYPE supplementalData SYSTEM "http://www.unicode.org/cldr/dtd/1.4/ldmlSupplemental.dtd">
<supplementalData>
	<transforms>
		<transform source="Devanagari" target="InterIndic" direction="forward" visibility="internal">
			<comment># Devanagari-InterIndic</comment>
			<comment># :: NFD;</comment>
			<comment>#Rules for Decomposed characters</comment>
			<tRule>ँ→\uE001;  # SIGN CANDRABINDU</tRule>
			<tRule>ं→\uE002;  # SIGN ANUSVARA</tRule>
			<tRule>ः→\uE003;  # SIGN VISARGA</tRule>
			<tRule>ऄ→\uE004;  # SIGN SHORT A</tRule>
			<tRule>अ→\uE005;  # LETTER A</tRule>
			<tRule>आ→\uE006;  # LETTER AA</tRule>
			<tRule>इ→\uE007;  # LETTER I</tRule>
			<tRule>ई→\uE008;  # LETTER II</tRule>
			<tRule>उ→\uE009;  # LETTER U</tRule>
			<tRule>ऊ→\uE00A;  # LETTER UU</tRule>
			<tRule>ऋ→\uE00B;  # LETTER VOCALIC R</tRule>
			<tRule>ऌ→\uE00C;  # LETTER VOCALIC L</tRule>
			<tRule>ऍ→\uE00D;  # LETTER CANDRA E (For representing English sounds)</tRule>
			<tRule>ऎ→\uE00E; # UNMAPPED LETTER SHORT E(For Southern Scripts)</tRule>
			<tRule>ए→\uE00F;  # LETTER E</tRule>
			<tRule>ऐ→\uE010;  # LETTER AI</tRule>
			<tRule>ऑ→\uE011;  # LETTER CANDRA O (For representing English sounds)</tRule>
			<tRule>ऒ→\uE012; # UNMAPPED LETTER SHORT O (For Southern Scripts)</tRule>
			<tRule>ओ→\uE013;  # LETTER O</tRule>
			<tRule>औ→\uE014;  # LETTER AU</tRule>
			<tRule>क→\uE015;  # LETTER KA</tRule>
			<tRule>ख→\uE016;  # LETTER KHA</tRule>
			<tRule>ग→\uE017;  # LETTER GA</tRule>
			<tRule>घ→\uE018;  # LETTER GHA</tRule>
			<tRule>ङ→\uE019;  # LETTER NGA</tRule>
			<tRule>च→\uE01A;  # LETTER CA</tRule>
			<tRule>छ→\uE01B;  # LETTER CHA</tRule>
			<tRule>ज→\uE01C;  # LETTER JA</tRule>
			<tRule>झ→\uE01D;  # LETTER JHA</tRule>
			<tRule>ञ→\uE01E;  # LETTER NYA</tRule>
			<tRule>ट→\uE01F;  # LETTER TTA</tRule>
			<tRule>ठ→\uE020;  # LETTER TTHA</tRule>
			<tRule>ड→\uE021;  # LETTER DDA</tRule>
			<tRule>ढ→\uE022;  # LETTER DDHA</tRule>
			<tRule>ण→\uE023;  # LETTER NNA</tRule>
			<tRule>त→\uE024;  # LETTER TA</tRule>
			<tRule>थ→\uE025;  # LETTER THA</tRule>
			<tRule>द→\uE026;  # LETTER DA</tRule>
			<tRule>ध→\uE027;  # LETTER DHA</tRule>
			<tRule>न→\uE028;  # LETTER NA</tRule>
			<tRule>ऩ→\uE029;</tRule>
			<tRule>प→\uE02A;  # LETTER PA</tRule>
			<tRule>फ→\uE02B;  # LETTER PHA</tRule>
			<tRule>ब→\uE02C;  # LETTER BA</tRule>
			<tRule>भ→\uE02D;  # LETTER BHA</tRule>
			<tRule>म→\uE02E;  # LETTER MA</tRule>
			<tRule>य→\uE02F;  # LETTER YA</tRule>
			<tRule>र→\uE030;  # LETTER RA</tRule>
			<tRule>ऱ→\uE031;</tRule>
			<tRule>ल→\uE032;  # LETTER LA</tRule>
			<tRule>ळ→\uE033;  # LETTER LLA</tRule>
			<tRule>ऴ→\uE034;</tRule>
			<tRule>व→\uE035;  # LETTER VA</tRule>
			<tRule>श→\uE036;  # LETTER SHA</tRule>
			<tRule>ष→\uE037;  # LETTER SSA</tRule>
			<tRule>स→\uE038;  # LETTER SA</tRule>
			<tRule>ह→\uE039;  # LETTER HA</tRule>
			<tRule>़→\uE03C;  # SIGN NUKTA</tRule>
			<tRule>ऽ→\uE03D;  # SIGN AVAGRAHA</tRule>
			<tRule>ा→\uE03E;  # VOWEL SIGN AA</tRule>
			<tRule>ि→\uE03F;  # VOWEL SIGN I</tRule>
			<tRule>ी→\uE040;  # VOWEL SIGN II</tRule>
			<tRule>ु→\uE041;  # VOWEL SIGN U</tRule>
			<tRule>ू→\uE042;  # VOWEL SIGN UU</tRule>
			<tRule>ृ→\uE043;  # VOWEL SIGN VOCALIC R</tRule>
			<tRule>ॄ→\uE044;  # VOWEL SIGN VOCALIC RR</tRule>
			<tRule>ॅ→\uE045;  # VOWEL SIGN CANDRA E</tRule>
			<tRule>ॆ→\uE046; # UNMAPPED VOWEL SIGN SHORT E</tRule>
			<tRule>े→\uE047;  # VOWEL SIGN E</tRule>
			<tRule>ै→\uE048;  # VOWEL SIGN AI</tRule>
			<tRule>ॉ→\uE049;  # VOWEL SIGN CANDRA O</tRule>
			<tRule>ॊ→\uE04A; # UNMAPPED VOWEL SIGN SHORT O</tRule>
			<tRule>ो→\uE04B;  # VOWEL SIGN O</tRule>
			<tRule>ौ→\uE04C;  # VOWEL SIGN AU</tRule>
			<tRule>्→\uE04D;  # SIGN VIRAMA</tRule>
			<tRule>ॐ→\uE050;  # OM</tRule>
			<tRule>॑→\uE051;       # UNMAPPED STRESS SIGN UDATTA</tRule>
			<tRule>॒→\uE052;       # UNMAPPED STRESS SIGN ANUDATTA</tRule>
			<tRule>॓→\uE053;       # UNMAPPED GRAVE ACCENT</tRule>
			<tRule>॔→\uE054;       # UNMAPPED ACUTE ACCENT</tRule>
			<tRule>क़→\uE058;</tRule>
			<tRule>ख़→\uE059;</tRule>
			<tRule>ग़→\uE05A;</tRule>
			<tRule>ज़→\uE05B;</tRule>
			<tRule>ड़→\uE05C;</tRule>
			<tRule>ढ़→\uE05D;</tRule>
			<tRule>फ़→\uE05E;</tRule>
			<tRule>य़→\uE05F;</tRule>
			<tRule>ॠ→\uE060;  # LETTER VOCALIC RR</tRule>
			<tRule>ॡ→\uE061;  # LETTER VOCALIC LL</tRule>
			<tRule>ॢ→\uE062;  # VOWEL SIGN VOCALIC L</tRule>
			<tRule>ॣ→\uE063;  # VOWEL SIGN VOCALIC LL</tRule>
			<tRule>।→\uE064;  # DANDA</tRule>
			<tRule>॥→\uE065;  # DOUBLE DANDA</tRule>
			<tRule>०→\uE066;  # DIGIT ZERO</tRule>
			<tRule>१→\uE067;  # DIGIT ONE</tRule>
			<tRule>२→\uE068;  # DIGIT TWO</tRule>
			<tRule>३→\uE069;  # DIGIT THREE</tRule>
			<tRule>४→\uE06A;  # DIGIT FOUR</tRule>
			<tRule>५→\uE06B;  # DIGIT FIVE</tRule>
			<tRule>६→\uE06C;  # DIGIT SIX</tRule>
			<tRule>७→\uE06D;  # DIGIT SEVEN</tRule>
			<tRule>८→\uE06E;  # DIGIT EIGHT</tRule>
			<tRule>९→\uE06F;  # DIGIT NINE</tRule>
			<tRule>॰→\uE070;  # Devanagari-InterIndic: ABBREVIATION SIGN</tRule>
			<tRule>ॽ→\uE082;  # Devanagari Glottal Stop</tRule>
			<comment>#    :: NFC (NFD) ;</comment>
		</transform>
	</transforms>
</supplementalData>

