<?xml version="1.0" encoding="UTF-8" ?>
<!DOCTYPE supplementalData SYSTEM "http://www.unicode.org/cldr/dtd/1.4/ldmlSupplemental.dtd">
<supplementalData>
	<transforms>
		<transform source="Devanagari" target="Gurmukhi" direction="forward">
			<tRule>::[ँ-ःऄअ-ह़-्ॐ-॔क़-९ॽ];</tRule>
			<tRule>::NFD;</tRule>
			<tRule>::Devanagari-InterIndic;</tRule>
			<tRule>::InterIndic-Gurmukhi;</tRule>
			<tRule>::NFC;</tRule>
		</transform>
	</transforms>
</supplementalData>

