<?xml version='1.0' encoding='UTF-8' ?>
<!DOCTYPE supplementalData SYSTEM '../../common/dtd/ldmlSupplemental.dtd'>
<!--
	© 1991-2017 Unicode, Inc.
	Unicode and the Unicode Logo are registered trademarks of Unicode, Inc. in the U.S. and other countries.
	For terms of use, see http://www.unicode.org/copyright.html.
	CLDR data files are interpreted according to the LDML specification (http://unicode.org/reports/tr35/).

	GENERATED DATA — do not manually update!
		Generated by tool:	SubDivisionExtractor
 -->
<supplementalData>
	<version number="$Revision$"/>
	<subdivisionContainment>
		<subgroup type="AD" contains="ad02 ad03 ad04 ad05 ad06 ad07 ad08"/>
		<subgroup type="AE" contains="aeaj aeaz aedu aefu aerk aesh aeuq"/>
		<subgroup type="AF" contains="afbal afbam afbdg afbds afbgl afday affra affyb afgha afgho afhel afher afjow afkab afkan afkap afkdz afkho afknr aflag aflog afnan afnim afnur afpan afpar afpia afpka afsam afsar aftak afuru afwar afzab"/>
		<subgroup type="AG" contains="ag03 ag04 ag05 ag06 ag07 ag08 ag10 ag11"/>
		<subgroup type="AL" contains="al01 al02 al03 al04 al05 al06 al07 al08 al09 al10 al11 al12"/>
		<subgroup type="AM" contains="amag amar amav amer amgr amkt amlo amsh amsu amtv amvd"/>
		<subgroup type="AO" contains="aobgo aobgu aobie aocab aoccu aocnn aocno aocus aohua aohui aolno aolsu aolua aomal aomox aonam aouig aozai"/>
		<subgroup type="AR" contains="ara arb arc ard are arf arg arh arj ark arl arm arn arp arq arr ars art aru arv arw arx ary arz"/>
		<subgroup type="AT" contains="at1 at2 at3 at4 at5 at6 at7 at8 at9"/>
		<subgroup type="AU" contains="auact aunsw aunt auqld ausa autas auvic auwa"/>
		<subgroup type="AZ" contains="azabs azaga azagc azagm azags azagu azast azba azbal azbar azbey azbil azcab azcal azdas azfuz azga azgad azgor azgoy azgyg azhac azimi azism azkal azkur azla azlac azlan azler azmas azmi azna aznef aznx azogu azqab azqax azqaz azqba azqbi azqob azqus azsa azsab azsak azsal azsat azsbn azsiy azskr azsm azsmi azsmx azsr azsus aztar aztov azuca azxa azxac azxci azxiz azxvd azyar azye azyev azzan azzaq azzar"/>
		<subgroup type="aznx" contains="azbab azcul azkan aznv azord azsad azsah azsar"/>
		<subgroup type="BA" contains="babih babrc basrp"/>
		<subgroup type="BB" contains="bb01 bb02 bb03 bb04 bb05 bb06 bb07 bb08 bb09 bb10 bb11"/>
		<subgroup type="BD" contains="bda bdb bdc bdd bde bdf bdg bdh"/>
		<subgroup type="bda" contains="bd02 bd06 bd07 bd25 bd50 bd51"/>
		<subgroup type="bdb" contains="bd01 bd04 bd08 bd09 bd10 bd11 bd16 bd29 bd31 bd47 bd56"/>
		<subgroup type="bdc" contains="bd13 bd15 bd17 bd18 bd26 bd33 bd35 bd36 bd40 bd42 bd53 bd62 bd63"/>
		<subgroup type="bdd" contains="bd05 bd12 bd22 bd23 bd27 bd30 bd37 bd39 bd43 bd58"/>
		<subgroup type="bde" contains="bd03 bd24 bd44 bd45 bd48 bd49 bd54 bd59"/>
		<subgroup type="bdf" contains="bd14 bd19 bd28 bd32 bd46 bd52 bd55 bd64"/>
		<subgroup type="bdg" contains="bd20 bd38 bd60 bd61"/>
		<subgroup type="bdh" contains="bd21 bd34 bd41 bd57"/>
		<subgroup type="BE" contains="bebru bevlg bewal"/>
		<subgroup type="bevlg" contains="bevan bevbr bevli bevov bevwv"/>
		<subgroup type="bewal" contains="bewbr bewht bewlg bewlx bewna"/>
		<subgroup type="BF" contains="bf01 bf02 bf03 bf04 bf05 bf06 bf07 bf08 bf09 bf10 bf11 bf12 bf13"/>
		<subgroup type="bf01" contains="bfbal bfban bfkos bfmou bfnay bfsor"/>
		<subgroup type="bf02" contains="bfcom bfler"/>
		<subgroup type="bf03" contains="bfkad"/>
		<subgroup type="bf04" contains="bfblg bfkop bfkot"/>
		<subgroup type="bf05" contains="bfbam bfnam bfsmt"/>
		<subgroup type="bf06" contains="bfblk bfsis bfsng bfzir"/>
		<subgroup type="bf07" contains="bfbaz bfnao bfzou"/>
		<subgroup type="bf08" contains="bfgna bfgou bfkmd bfkmp bftap"/>
		<subgroup type="bf09" contains="bfhou bfken bftui"/>
		<subgroup type="bf10" contains="bflor bfpas bfyat bfzon"/>
		<subgroup type="bf11" contains="bfgan bfkow bfoub"/>
		<subgroup type="bf12" contains="bfoud bfsen bfsom bfyag"/>
		<subgroup type="bf13" contains="bfbgr bfiob bfnou bfpon"/>
		<subgroup type="BG" contains="bg01 bg02 bg03 bg04 bg05 bg06 bg07 bg08 bg09 bg10 bg11 bg12 bg13 bg14 bg15 bg16 bg17 bg18 bg19 bg20 bg21 bg22 bg23 bg24 bg25 bg26 bg27 bg28"/>
		<subgroup type="BH" contains="bh13 bh14 bh15 bh17"/>
		<subgroup type="BI" contains="bibb bibl bibm bibr bica bici bigi biki bikr biky bima bimu bimw bimy bing birm birt biry"/>
		<subgroup type="BJ" contains="bjak bjal bjaq bjbo bjco bjdo bjko bjli bjmo bjou bjpl bjzo"/>
		<subgroup type="BN" contains="bnbe bnbm bnte bntu"/>
		<subgroup type="BO" contains="bob boc boh bol bon boo bop bos bot"/>
		<subgroup type="BQ" contains="bqbo bqsa bqse"/>
		<subgroup type="BR" contains="brac bral bram brap brba brce brdf bres brgo brma brmg brms brmt brpa brpb brpe brpi brpr brrj brrn brro brrr brrs brsc brse brsp brto"/>
		<subgroup type="BS" contains="bsak bsbi bsbp bsby bsce bsci bsck bsco bscs bseg bsex bsfp bsgc bshi bsht bsin bsli bsmc bsmg bsmi bsne bsno bsnp bsns bsrc bsri bssa bsse bsso bsss bssw bswg"/>
		<subgroup type="BT" contains="bt11 bt12 bt13 bt14 bt15 bt21 bt22 bt23 bt24 bt31 bt32 bt33 bt34 bt41 bt42 bt43 bt44 bt45 btga btty"/>
		<subgroup type="BW" contains="bwce bwch bwfr bwga bwgh bwjw bwkg bwkl bwkw bwlo bwne bwnw bwse bwso bwsp bwst"/>
		<subgroup type="BY" contains="bybr byhm byho byhr byma bymi byvi"/>
		<subgroup type="BZ" contains="bzbz bzcy bzczl bzow bzsc bztol"/>
		<subgroup type="CA" contains="caab cabc camb canb canl cans cant canu caon cape caqc cask cayt"/>
		<subgroup type="CD" contains="cdbc cdbu cdeq cdhk cdhl cdhu cdit cdkc cdke cdkg cdkl cdkn cdks cdlo cdlu cdma cdmn cdmo cdnk cdnu cdsa cdsk cdsu cdta cdto cdtu"/>
		<subgroup type="CF" contains="cfac cfbb cfbgf cfbk cfhk cfhm cfhs cfkb cfkg cflb cfmb cfmp cfnm cfop cfse cfuk cfvk"/>
		<subgroup type="CG" contains="cg2 cg5 cg7 cg8 cg9 cg11 cg12 cg13 cg14 cg15 cg16 cgbzv"/>
		<subgroup type="CH" contains="chag chai char chbe chbl chbs chfr chge chgl chgr chju chlu chne chnw chow chsg chsh chso chsz chtg chti chur chvd chvs chzg chzh"/>
		<subgroup type="CI" contains="ciab cibs cicm cidn cigd cilc cilg cimg cism cisv civb ciwr ciym cizz"/>
		<subgroup type="CL" contains="clai clan clap clar clat clbi clco clli clll cllr clma clml clnb clrm clta clvs"/>
		<subgroup type="CM" contains="cmad cmce cmen cmes cmlt cmno cmnw cmou cmsu cmsw"/>
		<subgroup type="CN" contains="cnah cnbj cncq cnfj cngd cngs cngx cngz cnha cnhb cnhe cnhi cnhk cnhl cnhn cnjl cnjs cnjx cnln cnmo cnnm cnnx cnqh cnsc cnsd cnsh cnsn cnsx cntj cntw cnxj cnxz cnyn cnzj"/>
		<subgroup type="CO" contains="coama coant coara coatl cobol coboy cocal cocaq cocas cocau coces cocho cocor cocun codc cogua coguv cohui colag comag comet conar consa coput coqui coris cosan cosap cosuc cotol covac covau covid"/>
		<subgroup type="CR" contains="cra crc crg crh crl crp crsj"/>
		<subgroup type="CU" contains="cu01 cu03 cu04 cu05 cu06 cu07 cu08 cu09 cu10 cu11 cu12 cu13 cu14 cu15 cu16 cu99"/>
		<subgroup type="CV" contains="cvb cvs"/>
		<subgroup type="cvb" contains="cvbv cvpa cvpn cvrb cvrg cvsl cvsv cvts"/>
		<subgroup type="cvs" contains="cvbr cvca cvcf cvcr cvma cvmo cvpr cvrs cvsd cvsf cvsm cvso cvss cvta"/>
		<subgroup type="CY" contains="cy01 cy02 cy03 cy04 cy05 cy06"/>
		<subgroup type="CZ" contains="cz10 cz20 cz31 cz32 cz41 cz42 cz51 cz52 cz53 cz63 cz64 cz71 cz72 cz80"/>
		<subgroup type="cz20" contains="cz20a cz20b cz20c cz201 cz202 cz203 cz204 cz205 cz206 cz207 cz208 cz209"/>
		<subgroup type="cz31" contains="cz311 cz312 cz313 cz314 cz315 cz316 cz317"/>
		<subgroup type="cz32" contains="cz321 cz322 cz323 cz324 cz325 cz326 cz327"/>
		<subgroup type="cz41" contains="cz411 cz412 cz413"/>
		<subgroup type="cz42" contains="cz421 cz422 cz423 cz424 cz425 cz426 cz427"/>
		<subgroup type="cz51" contains="cz511 cz512 cz513 cz514"/>
		<subgroup type="cz52" contains="cz521 cz522 cz523 cz524 cz525"/>
		<subgroup type="cz53" contains="cz531 cz532 cz533 cz534"/>
		<subgroup type="cz63" contains="cz631 cz632 cz633 cz634 cz635"/>
		<subgroup type="cz64" contains="cz641 cz642 cz643 cz644 cz645 cz646 cz647"/>
		<subgroup type="cz71" contains="cz711 cz712 cz713 cz714 cz715"/>
		<subgroup type="cz72" contains="cz721 cz722 cz723 cz724"/>
		<subgroup type="cz80" contains="cz801 cz802 cz803 cz804 cz805 cz806"/>
		<subgroup type="DE" contains="debb debe debw deby dehb dehe dehh demv deni denw derp desh desl desn dest deth"/>
		<subgroup type="DJ" contains="djar djas djdi djdj djob djta"/>
		<subgroup type="DK" contains="dk81 dk82 dk83 dk84 dk85"/>
		<subgroup type="DM" contains="dm02 dm03 dm04 dm05 dm06 dm07 dm08 dm09 dm10 dm11"/>
		<subgroup type="DO" contains="do33 do34 do35 do36 do37 do38 do39 do40 do41 do42"/>
		<subgroup type="do33" contains="do06 do14 do19 do20"/>
		<subgroup type="do34" contains="do05 do15 do26 do27"/>
		<subgroup type="do35" contains="do09 do18 do25"/>
		<subgroup type="do36" contains="do13 do24 do28"/>
		<subgroup type="do37" contains="do07 do22"/>
		<subgroup type="do38" contains="do03 do04 do10 do16"/>
		<subgroup type="do39" contains="do23 do29 do30"/>
		<subgroup type="do40" contains="do01 do32"/>
		<subgroup type="do41" contains="do02 do17 do21 do31"/>
		<subgroup type="do42" contains="do08 do11 do12"/>
		<subgroup type="DZ" contains="dz01 dz02 dz03 dz04 dz05 dz06 dz07 dz08 dz09 dz10 dz11 dz12 dz13 dz14 dz15 dz16 dz17 dz18 dz19 dz20 dz21 dz22 dz23 dz24 dz25 dz26 dz27 dz28 dz29 dz30 dz31 dz32 dz33 dz34 dz35 dz36 dz37 dz38 dz39 dz40 dz41 dz42 dz43 dz44 dz45 dz46 dz47 dz48"/>
		<subgroup type="EC" contains="eca ecb ecc ecd ece ecf ecg ech eci ecl ecm ecn eco ecp ecr ecs ecsd ecse ect ecu ecw ecx ecy ecz"/>
		<subgroup type="EE" contains="ee37 ee39 ee44 ee49 ee51 ee57 ee59 ee65 ee67 ee70 ee74 ee78 ee82 ee84 ee86"/>
		<subgroup type="EG" contains="egalx egasn egast egba egbh egbns egc egdk egdt egfym eggh eggz egis egjs egkb egkfs egkn eglx egmn egmnf egmt egpts egshg egshr egsin egsuz egwad"/>
		<subgroup type="ER" contains="eran erdk erdu ergb erma ersk"/>
		<subgroup type="ES" contains="esan esar esas escb esce escl escm escn esct esex esga esib esmc esmd esml esnc espv esri esvc"/>
		<subgroup type="esan" contains="esal esca esco esgr esh esj esma esse"/>
		<subgroup type="esar" contains="eshu este esz"/>
		<subgroup type="esas" contains="eso"/>
		<subgroup type="escb" contains="ess"/>
		<subgroup type="escl" contains="esav esbu esle esp essa essg esso esva esza"/>
		<subgroup type="escm" contains="esab escr escu esgu esto"/>
		<subgroup type="escn" contains="esgc estf"/>
		<subgroup type="esct" contains="esb esgi esl est"/>
		<subgroup type="esex" contains="esba escc"/>
		<subgroup type="esga" contains="esc eslu esor espo"/>
		<subgroup type="esib" contains="espm"/>
		<subgroup type="esmc" contains="esmu"/>
		<subgroup type="esmd" contains="esm"/>
		<subgroup type="esnc" contains="esna"/>
		<subgroup type="espv" contains="esbi esss esvi"/>
		<subgroup type="esri" contains="eslo"/>
		<subgroup type="esvc" contains="esa escs esv"/>
		<subgroup type="ET" contains="etaa etaf etam etbe etdd etga etha etor etsn etso etti"/>
		<subgroup type="FI" contains="fi01 fi02 fi03 fi04 fi05 fi06 fi07 fi08 fi09 fi10 fi11 fi12 fi13 fi14 fi15 fi16 fi17 fi18 fi19"/>
		<subgroup type="FJ" contains="fjc fje fjn fjr fjw"/>
		<subgroup type="fjc" contains="fj09 fj10 fj12 fj13 fj14"/>
		<subgroup type="fje" contains="fj04 fj05 fj06"/>
		<subgroup type="fjn" contains="fj02 fj03 fj07"/>
		<subgroup type="fjw" contains="fj01 fj08 fj11"/>
		<subgroup type="FM" contains="fmksa fmpni fmtrk fmyap"/>
		<subgroup type="FR" contains="frara frbfc frbl frbre frcor frcp frcvl frges frgf frgua frhdf fridf frlre frmay frmf frmq frnaq frnc frnor frocc frpac frpdl frpf frpm frtf frwf"/>
		<subgroup type="frara" contains="fr01 fr03 fr07 fr15 fr26 fr38 fr42 fr43 fr63 fr69 fr73 fr74"/>
		<subgroup type="frbfc" contains="fr21 fr25 fr39 fr58 fr70 fr71 fr89 fr90"/>
		<subgroup type="frbre" contains="fr22 fr29 fr35 fr56"/>
		<subgroup type="frcor" contains="fr2a fr2b"/>
		<subgroup type="frcvl" contains="fr18 fr28 fr36 fr37 fr41 fr45"/>
		<subgroup type="frges" contains="fr08 fr10 fr51 fr52 fr54 fr55 fr57 fr67 fr68 fr88"/>
		<subgroup type="frgua" contains="frgp"/>
		<subgroup type="frhdf" contains="fr02 fr59 fr60 fr62 fr80"/>
		<subgroup type="fridf" contains="fr75 fr77 fr78 fr91 fr92 fr93 fr94 fr95"/>
		<subgroup type="frlre" contains="frre"/>
		<subgroup type="frmay" contains="fryt"/>
		<subgroup type="frnaq" contains="fr16 fr17 fr19 fr23 fr24 fr33 fr40 fr47 fr64 fr79 fr86 fr87"/>
		<subgroup type="frnor" contains="fr14 fr27 fr50 fr61 fr76"/>
		<subgroup type="frocc" contains="fr09 fr11 fr12 fr30 fr31 fr32 fr34 fr46 fr48 fr65 fr66 fr81 fr82"/>
		<subgroup type="frpac" contains="fr04 fr05 fr06 fr13 fr83 fr84"/>
		<subgroup type="frpdl" contains="fr44 fr49 fr53 fr72 fr85"/>
		<subgroup type="GA" contains="ga1 ga2 ga3 ga4 ga5 ga6 ga7 ga8 ga9"/>
		<subgroup type="GB" contains="gbabc gbabd gbabe gbagb gbagy gband gbann gbans gbbas gbbbd gbbdf gbbdg gbben gbbex gbbfs gbbge gbbgw gbbir gbbkm gbbmh gbbne gbbnh gbbns gbbol gbbpl gbbrc gbbrd gbbry gbbst gbbur gbcam gbcay gbcbf gbccg gbcgn gbche gbchw gbcld gbclk gbcma gbcmd gbcmn gbcon gbcov gbcrf gbcry gbcwy gbdal gbdby gbden gbder gbdev gbdgy gbdnc gbdnd gbdor gbdrs gbdud gbdur gbeal gbeay gbedh gbedu gbeln gbels gbenf gberw gbery gbess gbesx gbfal gbfif gbfln gbfmo gbgat gbglg gbgls gbgre gbgwn gbhal gbham gbhav gbhck gbhef gbhil gbhld gbhmf gbhns gbhpl gbhrt gbhrw gbhry gbios gbiow gbisl gbivc gbkec gbken gbkhl gbkir gbktt gbkwl gblan gblbc gblbh gblce gblds gblec gblew gblin gbliv gblnd gblut gbman gbmdb gbmdw gbmea gbmik gbmln gbmon gbmrt gbmry gbmty gbmul gbnay gbnbl gbnel gbnet gbnfk gbngm gbnlk gbnln gbnmd gbnsm gbnth gbntl gbntt gbnty gbnwm gbnwp gbnyk gbold gbork gboxf gbpem gbpkn gbply gbpol gbpor gbpow gbpte gbrcc gbrch gbrct gbrdb gbrdg gbrfw gbric gbrot gbrut gbsaw gbsay gbscb gbsfk gbsft gbsgc gbshf gbshn gbshr gbskp gbslf gbslg gbslk gbsnd gbsol gbsom gbsos gbsry gbste gbstg gbsth gbstn gbsts gbstt gbsty gbswa gbswd gbswk gbtam gbtfw gbthr gbtob gbtof gbtrf gbtwh gbvgl gbwar gbwbk gbwdu gbwft gbwgn gbwil gbwkf gbwll gbwln gbwlv gbwnd gbwnm gbwok gbwor gbwrl gbwrt gbwrx gbwsm gbwsx gbyor gbzet"/>
		<subgroup type="GD" contains="gd01 gd02 gd03 gd04 gd05 gd06 gd10"/>
		<subgroup type="GE" contains="geab geaj gegu geim geka gekk gemm gerl gesj gesk gesz getb"/>
		<subgroup type="GH" contains="ghaa ghaf ghah ghbe ghbo ghcp ghep ghne ghnp ghot ghsv ghtv ghue ghuw ghwn ghwp"/>
		<subgroup type="GL" contains="glav glku glqe glqt glsm"/>
		<subgroup type="GM" contains="gmb gml gmm gmn gmu gmw"/>
		<subgroup type="GN" contains="gnb gnc gnd gnf gnk gnl gnm gnn"/>
		<subgroup type="gnb" contains="gnbf gnbk gnfr gnga gnkn"/>
		<subgroup type="gnd" contains="gnco gndu gnfo gnkd gnte"/>
		<subgroup type="gnf" contains="gndb gndi gnfa gnks"/>
		<subgroup type="gnk" contains="gnka gnke gnko gnmd gnsi"/>
		<subgroup type="gnl" contains="gnkb gnla gnle gnml gnto"/>
		<subgroup type="gnm" contains="gndl gnmm gnpi"/>
		<subgroup type="gnn" contains="gnbe gngu gnlo gnmc gnnz gnyo"/>
		<subgroup type="GQ" contains="gqc gqi"/>
		<subgroup type="gqc" contains="gqcs gqkn gqli gqwn"/>
		<subgroup type="gqi" contains="gqan gqbn gqbs"/>
		<subgroup type="GR" contains="gr69 gra grb grc grd gre grf grg grh gri grj grk grl grm"/>
		<subgroup type="GT" contains="gtav gtbv gtcm gtcq gtes gtgu gthu gtiz gtja gtju gtpe gtpr gtqc gtqz gtre gtsa gtsm gtso gtsr gtsu gtto gtza"/>
		<subgroup type="GW" contains="gwbs gwl gwn gws"/>
		<subgroup type="gwl" contains="gwba gwga"/>
		<subgroup type="gwn" contains="gwbm gwca gwoi"/>
		<subgroup type="gws" contains="gwbl gwqu gwto"/>
		<subgroup type="GY" contains="gyba gycu gyde gyeb gyes gyma gypm gypt gyud gyut"/>
		<subgroup type="HN" contains="hnat hnch hncl hncm hncp hncr hnep hnfm hngd hnib hnin hnle hnlp hnoc hnol hnsb hnva hnyo"/>
		<subgroup type="HR" contains="hr01 hr02 hr03 hr04 hr05 hr06 hr07 hr08 hr09 hr10 hr11 hr12 hr13 hr14 hr15 hr16 hr17 hr18 hr19 hr20 hr21"/>
		<subgroup type="HT" contains="htar htce htga htnd htne htni htno htou htsd htse"/>
		<subgroup type="HU" contains="huba hubc hube hubk hubu hubz hucs hude hudu hueg huer hufe hugs hugy huhb huhe huhv hujn huke hukm hukv humi hunk huno huny hupe hups husd husf hush husk husn huso huss hust husz hutb huto huva huve huvm huza huze"/>
		<subgroup type="ID" contains="idjw idka idml idnu idpp idsl idsm"/>
		<subgroup type="idjw" contains="idbt idjb idji idjk idjt idyo"/>
		<subgroup type="idka" contains="idkb idki idks idkt idku"/>
		<subgroup type="idml" contains="idma idmu"/>
		<subgroup type="idnu" contains="idba idnb idnt"/>
		<subgroup type="idpp" contains="idpa idpb"/>
		<subgroup type="idsl" contains="idgo idsa idsg idsn idsr idst"/>
		<subgroup type="idsm" contains="idac idbb idbe idja idkr idla idri idsb idss idsu"/>
		<subgroup type="IE" contains="iec iel iem ieu"/>
		<subgroup type="iec" contains="ieg ielm iemo iern ieso"/>
		<subgroup type="iel" contains="iecw ied ieke iekk ield ielh iels iemh ieoy iewh ieww iewx"/>
		<subgroup type="iem" contains="iece ieco ieky ielk ieta iewd"/>
		<subgroup type="ieu" contains="iecn iedl iemn"/>
		<subgroup type="IL" contains="ild ilha iljm ilm ilta ilz"/>
		<subgroup type="IN" contains="inan inap inar inas inbr inch inct indd indl indn inga ingj inhp inhr injh injk inka inkl inla inld inmh inml inmn inmp inmz innl inor inpb inpy inrj insk intg intn intr inup inut inwb"/>
		<subgroup type="IQ" contains="iqan iqar iqba iqbb iqbg iqda iqdi iqdq iqka iqki iqma iqmu iqna iqni iqqa iqsd iqsu iqwa"/>
		<subgroup type="IR" contains="ir01 ir02 ir03 ir04 ir05 ir06 ir07 ir08 ir10 ir11 ir12 ir13 ir14 ir15 ir16 ir17 ir18 ir19 ir20 ir21 ir22 ir23 ir24 ir25 ir26 ir27 ir28 ir29 ir30 ir31 ir32"/>
		<subgroup type="IS" contains="is1 is2 is3 is4 is5 is6 is7 is8"/>
		<subgroup type="IT" contains="it21 it23 it25 it32 it34 it36 it42 it45 it52 it55 it57 it62 it65 it67 it72 it75 it77 it78 it82 it88"/>
		<subgroup type="it21" contains="ital itat itbi itcn itno itto itvb itvc"/>
		<subgroup type="it25" contains="itbg itbs itco itcr itlc itlo itmb itmi itmn itpv itso itva"/>
		<subgroup type="it32" contains="itbz ittn"/>
		<subgroup type="it34" contains="itbl itpd itro ittv itve itvi itvr"/>
		<subgroup type="it42" contains="itge itim itsp itsv"/>
		<subgroup type="it45" contains="itbo itfc itfe itmo itpc itpr itra itre itrn"/>
		<subgroup type="it52" contains="itar itfi itgr itli itlu itms itpi itpo itpt itsi"/>
		<subgroup type="it55" contains="itpg ittr"/>
		<subgroup type="it57" contains="itan itap itfm itmc itpu"/>
		<subgroup type="it62" contains="itfr itlt itri itrm itvt"/>
		<subgroup type="it65" contains="itaq itch itpe itte"/>
		<subgroup type="it67" contains="itcb itis"/>
		<subgroup type="it72" contains="itav itbn itce itna itsa"/>
		<subgroup type="it75" contains="itba itbr itbt itfg itle itta"/>
		<subgroup type="it77" contains="itmt itpz"/>
		<subgroup type="it78" contains="itcs itcz itkr itrc itvv"/>
		<subgroup type="it82" contains="itag itcl itct iten itme itpa itrg itsr ittp"/>
		<subgroup type="it88" contains="itca itnu itor itsd itss"/>
		<subgroup type="JM" contains="jm01 jm02 jm03 jm04 jm05 jm06 jm07 jm08 jm09 jm10 jm11 jm12 jm13 jm14"/>
		<subgroup type="JO" contains="joaj joam joaq joat joaz joba joir joja joka joma jomd jomn"/>
		<subgroup type="JP" contains="jp01 jp02 jp03 jp04 jp05 jp06 jp07 jp08 jp09 jp10 jp11 jp12 jp13 jp14 jp15 jp16 jp17 jp18 jp19 jp20 jp21 jp22 jp23 jp24 jp25 jp26 jp27 jp28 jp29 jp30 jp31 jp32 jp33 jp34 jp35 jp36 jp37 jp38 jp39 jp40 jp41 jp42 jp43 jp44 jp45 jp46 jp47"/>
		<subgroup type="KE" contains="ke01 ke02 ke03 ke04 ke05 ke06 ke07 ke08 ke09 ke10 ke11 ke12 ke13 ke14 ke15 ke16 ke17 ke18 ke19 ke20 ke21 ke22 ke23 ke24 ke25 ke26 ke27 ke28 ke29 ke30 ke31 ke32 ke33 ke34 ke35 ke36 ke37 ke38 ke39 ke40 ke41 ke42 ke43 ke44 ke45 ke46 ke47"/>
		<subgroup type="KG" contains="kgb kgc kggb kggo kgj kgn kgo kgt kgy"/>
		<subgroup type="KH" contains="kh1 kh2 kh3 kh4 kh5 kh6 kh7 kh8 kh9 kh10 kh11 kh12 kh13 kh14 kh15 kh16 kh17 kh18 kh19 kh20 kh21 kh22 kh23 kh24 kh25"/>
		<subgroup type="KI" contains="kig kil kip"/>
		<subgroup type="KM" contains="kma kmg kmm"/>
		<subgroup type="KN" contains="knk knn"/>
		<subgroup type="knk" contains="kn01 kn02 kn03 kn06 kn08 kn09 kn11 kn13 kn15"/>
		<subgroup type="knn" contains="kn04 kn05 kn07 kn10 kn12"/>
		<subgroup type="KP" contains="kp01 kp02 kp03 kp04 kp05 kp06 kp07 kp08 kp09 kp10 kp13 kp14"/>
		<subgroup type="KR" contains="kr11 kr26 kr27 kr28 kr29 kr30 kr31 kr41 kr42 kr43 kr44 kr45 kr46 kr47 kr48 kr49 kr50"/>
		<subgroup type="KW" contains="kwah kwfa kwha kwja kwku kwmu"/>
		<subgroup type="KZ" contains="kzakm kzakt kzala kzalm kzast kzaty kzbay kzkar kzkus kzkzy kzman kzpav kzsev kzshy kzvos kzyuz kzzap kzzha"/>
		<subgroup type="LA" contains="laat labk labl lach laho lakh lalm lalp laou laph lasl lasv lavi lavt laxa laxe laxi laxs"/>
		<subgroup type="LB" contains="lbak lbas lbba lbbh lbbi lbja lbjl lbna"/>
		<subgroup type="LC" contains="lc01 lc02 lc03 lc05 lc06 lc07 lc08 lc10 lc11 lc12"/>
		<subgroup type="LI" contains="li01 li02 li03 li04 li05 li06 li07 li08 li09 li10 li11"/>
		<subgroup type="LK" contains="lk1 lk2 lk3 lk4 lk5 lk6 lk7 lk8 lk9"/>
		<subgroup type="lk1" contains="lk11 lk12 lk13"/>
		<subgroup type="lk2" contains="lk21 lk22 lk23"/>
		<subgroup type="lk3" contains="lk31 lk32 lk33"/>
		<subgroup type="lk4" contains="lk41 lk42 lk43 lk44 lk45"/>
		<subgroup type="lk5" contains="lk51 lk52 lk53"/>
		<subgroup type="lk6" contains="lk61 lk62"/>
		<subgroup type="lk7" contains="lk71 lk72"/>
		<subgroup type="lk8" contains="lk81 lk82"/>
		<subgroup type="lk9" contains="lk91 lk92"/>
		<subgroup type="LR" contains="lrbg lrbm lrcm lrgb lrgg lrgk lrgp lrlo lrmg lrmo lrmy lrni lrrg lrri lrsi"/>
		<subgroup type="LS" contains="lsa lsb lsc lsd lse lsf lsg lsh lsj lsk"/>
		<subgroup type="LT" contains="lt01 lt02 lt03 lt04 lt05 lt06 lt07 lt08 lt09 lt10 lt11 lt12 lt13 lt14 lt15 lt16 lt17 lt18 lt19 lt20 lt21 lt22 lt23 lt24 lt25 lt26 lt27 lt28 lt29 lt30 lt31 lt32 lt33 lt34 lt35 lt36 lt37 lt38 lt39 lt40 lt41 lt42 lt43 lt44 lt45 lt46 lt47 lt48 lt49 lt50 lt51 lt52 lt53 lt54 lt55 lt56 lt57 lt58 lt59 lt60 ltal ltkl ltku ltmr ltpn ltsa ltta ltte ltut ltvl"/>
		<subgroup type="LU" contains="luca lucl ludi luec lues lugr lulu lume lurd lurm luvd luwi"/>
		<subgroup type="LV" contains="lv001 lv002 lv003 lv004 lv005 lv006 lv007 lv008 lv009 lv010 lv011 lv012 lv013 lv014 lv015 lv016 lv017 lv018 lv019 lv020 lv021 lv022 lv023 lv024 lv025 lv026 lv027 lv028 lv029 lv030 lv031 lv032 lv033 lv034 lv035 lv036 lv037 lv038 lv039 lv040 lv041 lv042 lv043 lv044 lv045 lv046 lv047 lv048 lv049 lv050 lv051 lv052 lv053 lv054 lv055 lv056 lv057 lv058 lv059 lv060 lv061 lv062 lv063 lv064 lv065 lv066 lv067 lv068 lv069 lv070 lv071 lv072 lv073 lv074 lv075 lv076 lv077 lv078 lv079 lv080 lv081 lv082 lv083 lv084 lv085 lv086 lv087 lv088 lv089 lv090 lv091 lv092 lv093 lv094 lv095 lv096 lv097 lv098 lv099 lv100 lv101 lv102 lv103 lv104 lv105 lv106 lv107 lv108 lv109 lv110 lvdgv lvjel lvjkb lvjur lvlpx lvrez lvrix lvven lvvmr"/>
		<subgroup type="LY" contains="lyba lybu lydr lygt lyja lyjg lyji lyju lykf lymb lymi lymj lymq lynl lynq lysb lysr lytb lywa lywd lyws lyza"/>
		<subgroup type="MA" contains="ma01 ma02 ma03 ma04 ma05 ma06 ma07 ma08 ma09 ma10 ma11 ma12"/>
		<subgroup type="ma01" contains="mache mafah mahoc malar mamdf maouz matet matng"/>
		<subgroup type="ma02" contains="maber madri mafig maguf majra manad maouj matai"/>
		<subgroup type="ma03" contains="mabom mafes mahaj maifr mamek mamou masef matao mataz"/>
		<subgroup type="ma04" contains="maken makhe manou marab masal masik masil maskh"/>
		<subgroup type="ma05" contains="maazi mabem mafqh makhn makho"/>
		<subgroup type="ma06" contains="mabes mabrr macas macht majdi mamed mamoh maset masib"/>
		<subgroup type="ma07" contains="machi maesi mahao makes mamar mareh masaf mayus"/>
		<subgroup type="ma08" contains="maerr mamid maoua matin mazag"/>
		<subgroup type="ma09" contains="maagd maine matar matat matiz"/>
		<subgroup type="ma10" contains="maasz mague masif matnt"/>
		<subgroup type="ma11" contains="mabod maesm malaa mataf"/>
		<subgroup type="ma12" contains="maaou maoud"/>
		<subgroup type="MC" contains="mccl mcco mcfo mcga mcje mcla mcma mcmc mcmg mcmo mcmu mcph mcsd mcso mcsp mcsr mcvr"/>
		<subgroup type="MD" contains="mdan mdba mdbd mdbr mdbs mdca mdcl mdcm mdcr mdcs mdct mdcu mddo mddr mddu mded mdfa mdfl mdga mdgl mdhi mdia mdle mdni mdoc mdor mdre mdri mdsd mdsi mdsn mdso mdst mdsv mdta mdte mdun"/>
		<subgroup type="ME" contains="me01 me02 me03 me04 me05 me06 me07 me08 me09 me10 me11 me12 me13 me14 me15 me16 me17 me18 me19 me20 me21 me22 me23 me24"/>
		<subgroup type="MG" contains="mga mgd mgf mgm mgt mgu"/>
		<subgroup type="MH" contains="mhl mht"/>
		<subgroup type="mhl" contains="mhall mhebo mheni mhjab mhjal mhkil mhkwa mhlae mhlib mhnmk mhnmu mhron mhuja mhwth"/>
		<subgroup type="mht" contains="mhalk mharn mhaur mhlik mhmaj mhmal mhmej mhmil mhuti mhwtj"/>
		<subgroup type="MK" contains="mk101 mk102 mk103 mk104 mk105 mk106 mk107 mk108 mk109 mk201 mk202 mk203 mk204 mk205 mk206 mk207 mk208 mk209 mk210 mk211 mk301 mk303 mk304 mk307 mk308 mk310 mk311 mk312 mk313 mk401 mk402 mk403 mk404 mk405 mk406 mk407 mk408 mk409 mk410 mk501 mk502 mk503 mk504 mk505 mk506 mk507 mk508 mk509 mk601 mk602 mk603 mk604 mk605 mk606 mk607 mk608 mk609 mk701 mk702 mk703 mk704 mk705 mk706 mk801 mk802 mk803 mk804 mk805 mk806 mk807 mk808 mk809 mk810 mk811 mk812 mk813 mk814 mk815 mk816 mk817"/>
		<subgroup type="ML" contains="ml1 ml2 ml3 ml4 ml5 ml6 ml7 ml8 ml9 ml10 mlbko"/>
		<subgroup type="MM" contains="mm01 mm02 mm03 mm04 mm05 mm06 mm07 mm11 mm12 mm13 mm14 mm15 mm16 mm17 mm18"/>
		<subgroup type="MN" contains="mn1 mn035 mn037 mn039 mn041 mn043 mn046 mn047 mn049 mn051 mn053 mn055 mn057 mn059 mn061 mn063 mn064 mn065 mn067 mn069 mn071 mn073"/>
		<subgroup type="MR" contains="mr01 mr02 mr03 mr04 mr05 mr06 mr07 mr08 mr09 mr10 mr11 mr12 mr13 mr14 mr15"/>
		<subgroup type="MT" contains="mt01 mt02 mt03 mt04 mt05 mt06 mt07 mt08 mt09 mt10 mt11 mt12 mt13 mt14 mt15 mt16 mt17 mt18 mt19 mt20 mt21 mt22 mt23 mt24 mt25 mt26 mt27 mt28 mt29 mt30 mt31 mt32 mt33 mt34 mt35 mt36 mt37 mt38 mt39 mt40 mt41 mt42 mt43 mt44 mt45 mt46 mt47 mt48 mt49 mt50 mt51 mt52 mt53 mt54 mt55 mt56 mt57 mt58 mt59 mt60 mt61 mt62 mt63 mt64 mt65 mt66 mt67 mt68"/>
		<subgroup type="MU" contains="muag mubl mubr mucc mucu mufl mugp mumo mupa mupl mupu mupw muqb muro murr musa muvp"/>
		<subgroup type="MV" contains="mv00 mv01 mv02 mv03 mv04 mv05 mv07 mv08 mv12 mv13 mv14 mv17 mv20 mv23 mv24 mv25 mv26 mv27 mv28 mv29 mvmle"/>
		<subgroup type="MW" contains="mwc mwn mws"/>
		<subgroup type="mwc" contains="mwde mwdo mwks mwli mwmc mwni mwnk mwnu mwsa"/>
		<subgroup type="mwn" contains="mwct mwkr mwlk mwmz mwnb mwru"/>
		<subgroup type="mws" contains="mwba mwbl mwck mwcr mwmg mwmh mwmu mwmw mwne mwns mwph mwth mwzo"/>
		<subgroup type="MX" contains="mxagu mxbcn mxbcs mxcam mxchh mxchp mxcmx mxcoa mxcol mxdur mxgro mxgua mxhid mxjal mxmex mxmic mxmor mxnay mxnle mxoax mxpue mxque mxroo mxsin mxslp mxson mxtab mxtam mxtla mxver mxyuc mxzac"/>
		<subgroup type="MY" contains="my01 my02 my03 my04 my05 my06 my07 my08 my09 my10 my11 my12 my13 my14 my15 my16"/>
		<subgroup type="MZ" contains="mza mzb mzg mzi mzl mzmpm mzn mzp mzq mzs mzt"/>
		<subgroup type="NA" contains="naca naer naha naka nake nakh naku nakw naod naoh naon naos naot naow"/>
		<subgroup type="NE" contains="ne1 ne2 ne3 ne4 ne5 ne6 ne7 ne8"/>
		<subgroup type="NG" contains="ngab ngad ngak ngan ngba ngbe ngbo ngby ngcr ngde ngeb nged ngek ngen ngfc nggo ngim ngji ngkd ngke ngkn ngko ngkt ngkw ngla ngna ngni ngog ngon ngos ngoy ngpl ngri ngso ngta ngyo ngza"/>
		<subgroup type="NI" contains="nian nias nibo nica nici nico nies nigr niji nile nimd nimn nims nimt nins niri nisj"/>
		<subgroup type="NL" contains="nlaw nlbq1 nlbq2 nlbq3 nlcw nldr nlfl nlfr nlge nlgr nlli nlnb nlnh nlov nlsx nlut nlze nlzh"/>
		<subgroup type="NO" contains="no01 no02 no03 no04 no05 no06 no07 no08 no09 no10 no11 no12 no14 no15 no18 no19 no20 no21 no22 no50"/>
		<subgroup type="NP" contains="np1 np2 np3 np4 np5 npp1 npp2 npp3 npp4 npp5 npp6 npp7"/>
		<subgroup type="np1" contains="npba npja npna"/>
		<subgroup type="np2" contains="npbh npka npra"/>
		<subgroup type="np3" contains="npdh npga nplu"/>
		<subgroup type="np4" contains="npko npme npsa"/>
		<subgroup type="np5" contains="npma npse"/>
		<subgroup type="NR" contains="nr01 nr02 nr03 nr04 nr05 nr06 nr07 nr08 nr09 nr10 nr11 nr12 nr13 nr14"/>
		<subgroup type="NZ" contains="nzauk nzbop nzcan nzcit nzgis nzhkb nzmbh nzmwt nznsn nzntl nzota nzstl nztas nztki nzwgn nzwko nzwtc"/>
		<subgroup type="OM" contains="ombj ombs ombu omda omma ommu omsj omss omwu omza omzu"/>
		<subgroup type="PA" contains="pa1 pa2 pa3 pa4 pa5 pa6 pa7 pa8 pa9 pa10 paem paky panb"/>
		<subgroup type="PE" contains="peama peanc peapu peare peaya pecaj pecal pecus pehuc pehuv peica pejun pelal pelam pelim pelma pelor pemdd pemoq pepas pepiu pepun pesam petac petum peuca"/>
		<subgroup type="PG" contains="pgcpk pgcpm pgebr pgehg pgepw pgesw pggpk pghla pgjwk pgmba pgmpl pgmpm pgmrl pgncd pgnik pgnpp pgnsb pgsan pgshm pgwbk pgwhm pgwpd"/>
		<subgroup type="PH" contains="ph00 ph01 ph02 ph03 ph05 ph06 ph07 ph08 ph09 ph10 ph11 ph12 ph13 ph14 ph15 ph40 ph41"/>
		<subgroup type="ph01" contains="philn phils phlun phpan"/>
		<subgroup type="ph02" contains="phbtn phcag phisa phnuv phqui"/>
		<subgroup type="ph03" contains="phaur phban phbul phnue phpam phtar phzmb"/>
		<subgroup type="ph05" contains="phalb phcan phcas phcat phmas phsor"/>
		<subgroup type="ph06" contains="phakl phant phcap phgui phili phnec"/>
		<subgroup type="ph07" contains="phboh phceb phner phsig"/>
		<subgroup type="ph08" contains="phbil pheas phley phnsa phsle phwsa"/>
		<subgroup type="ph09" contains="phbas phzan phzas phzsi"/>
		<subgroup type="ph10" contains="phbuk phcam phmsc phmsr"/>
		<subgroup type="ph11" contains="phcom phdao phdas phdav phdvo phsar phsco"/>
		<subgroup type="ph12" contains="phlan phnco phsuk"/>
		<subgroup type="ph13" contains="phagn phags phdin phsun phsur"/>
		<subgroup type="ph14" contains="phlas phmag phslu phtaw"/>
		<subgroup type="ph15" contains="phabr phapa phben phifu phkal phmou"/>
		<subgroup type="ph40" contains="phbtg phcav phlag phque phriz"/>
		<subgroup type="ph41" contains="phmad phmdc phmdr phplw phrom"/>
		<subgroup type="PK" contains="pkba pkgb pkis pkjk pkkp pkpb pksd"/>
		<subgroup type="PL" contains="pl02 pl04 pl06 pl08 pl10 pl12 pl14 pl16 pl18 pl20 pl22 pl24 pl26 pl28 pl30 pl32"/>
		<subgroup type="PS" contains="psbth psdeb psgza pshbn psjem psjen psjrh pskys psnbs psngz psqqa psrbh psrfh psslt pstbs pstkm"/>
		<subgroup type="PT" contains="pt01 pt02 pt03 pt04 pt05 pt06 pt07 pt08 pt09 pt10 pt11 pt12 pt13 pt14 pt15 pt16 pt17 pt18 pt20 pt30"/>
		<subgroup type="PW" contains="pw002 pw004 pw010 pw050 pw100 pw150 pw212 pw214 pw218 pw222 pw224 pw226 pw227 pw228 pw350 pw370"/>
		<subgroup type="PY" contains="py1 py2 py3 py4 py5 py6 py7 py8 py9 py10 py11 py12 py13 py14 py15 py16 py19 pyasu"/>
		<subgroup type="QA" contains="qada qakh qams qara qash qaus qawa qaza"/>
		<subgroup type="RO" contains="roab roag roar rob robc robh robn robr robt robv robz rocj rocl rocs roct rocv rodb rodj rogj rogl rogr rohd rohr roif roil rois romh romm roms ront root roph rosb rosj rosm rosv rotl rotm rotr rovl rovn rovs"/>
		<subgroup type="RS" contains="rs00 rs08 rs09 rs10 rs11 rs12 rs13 rs14 rs15 rs16 rs17 rs18 rs19 rs20 rs21 rs22 rs23 rs24 rskm rsvo"/>
		<subgroup type="rskm" contains="rs25 rs26 rs27 rs28 rs29"/>
		<subgroup type="rsvo" contains="rs01 rs02 rs03 rs04 rs05 rs06 rs07"/>
		<subgroup type="RU" contains="ruad rual rualt ruamu ruark ruast ruba rubel rubry rubu ruce ruche ruchu rucu ruda ruin ruirk ruiva rukam rukb rukc rukda rukem rukgd rukgn rukha rukhm rukir rukk rukl ruklu ruko rukos rukr rukrs rukya rulen rulip rumag rume rumo rumos rumow rumur runen rungr runiz runvs ruoms ruore ruorl ruper rupnz rupri rupsk ruros rurya rusa rusak rusam rusar ruse rusmo ruspe rusta rusve ruta rutam rutom rutul rutve ruty rutyu ruud ruuly ruvgg ruvla ruvlg ruvor ruyan ruyar ruyev ruzab"/>
		<subgroup type="RW" contains="rw01 rw02 rw03 rw04 rw05"/>
		<subgroup type="SA" contains="sa01 sa02 sa03 sa04 sa05 sa06 sa07 sa08 sa09 sa10 sa11 sa12 sa14"/>
		<subgroup type="SB" contains="sbce sbch sbct sbgu sbis sbmk sbml sbrb sbte sbwe"/>
		<subgroup type="SC" contains="sc01 sc02 sc03 sc04 sc05 sc06 sc07 sc08 sc09 sc10 sc11 sc12 sc13 sc14 sc15 sc16 sc17 sc18 sc19 sc20 sc21 sc22 sc23 sc24 sc25"/>
		<subgroup type="SD" contains="sddc sdde sddn sdds sddw sdgd sdgk sdgz sdka sdkh sdkn sdks sdnb sdno sdnr sdnw sdrs sdsi"/>
		<subgroup type="SE" contains="seab seac sebd sec sed see sef seg seh sei sek sem sen seo ses set seu sew sex sey sez"/>
		<subgroup type="SG" contains="sg01 sg02 sg03 sg04 sg05"/>
		<subgroup type="SH" contains="shac shhl shta"/>
		<subgroup type="SI" contains="si001 si002 si003 si004 si005 si006 si007 si008 si009 si010 si011 si012 si013 si014 si015 si016 si017 si018 si019 si020 si021 si022 si023 si024 si025 si026 si027 si028 si029 si030 si031 si032 si033 si034 si035 si036 si037 si038 si039 si040 si041 si042 si043 si044 si045 si046 si047 si048 si049 si050 si051 si052 si053 si054 si055 si056 si057 si058 si059 si060 si061 si062 si063 si064 si065 si066 si067 si068 si069 si070 si071 si072 si073 si074 si075 si076 si077 si078 si079 si080 si081 si082 si083 si084 si085 si086 si087 si088 si089 si090 si091 si092 si093 si094 si095 si096 si097 si098 si099 si100 si101 si102 si103 si104 si105 si106 si107 si108 si109 si110 si111 si112 si113 si114 si115 si116 si117 si118 si119 si120 si121 si122 si123 si124 si125 si126 si127 si128 si129 si130 si131 si132 si133 si134 si135 si136 si137 si138 si139 si140 si141 si142 si143 si144 si146 si147 si148 si149 si150 si151 si152 si153 si154 si155 si156 si157 si158 si159 si160 si161 si162 si163 si164 si165 si166 si167 si168 si169 si170 si171 si172 si173 si174 si175 si176 si177 si178 si179 si180 si181 si182 si183 si184 si185 si186 si187 si188 si189 si190 si191 si192 si193 si194 si195 si196 si197 si198 si199 si200 si201 si202 si203 si204 si205 si206 si207 si208 si209 si210 si211 si212 si213"/>
		<subgroup type="SK" contains="skbc skbl skki skni skpv skta sktc skzi"/>
		<subgroup type="SL" contains="sle sln slnw sls slw"/>
		<subgroup type="SM" contains="sm01 sm02 sm03 sm04 sm05 sm06 sm07 sm08 sm09"/>
		<subgroup type="SN" contains="sndb sndk snfk snka snkd snke snkl snlg snmt snse snsl sntc snth snzg"/>
		<subgroup type="SO" contains="soaw sobk sobn sobr soby soga soge sohi sojd sojh somu sonu sosa sosd sosh soso soto sowo"/>
		<subgroup type="SR" contains="srbr srcm srcr srma srni srpm srpr srsa srsi srwa"/>
		<subgroup type="SS" contains="ssbn ssbw ssec ssee ssew ssjg sslk ssnu ssuy sswr"/>
		<subgroup type="ST" contains="stp sts"/>
		<subgroup type="SV" contains="svah svca svch svcu svli svmo svpa svsa svsm svso svss svsv svun svus"/>
		<subgroup type="SY" contains="sydi sydr sydy syha syhi syhl syhm syid syla syqu syra syrd sysu syta"/>
		<subgroup type="SZ" contains="szhh szlu szma szsh"/>
		<subgroup type="TD" contains="tdba tdbg tdbo tdcb tdee tdeo tdgr tdhl tdka tdlc tdlo tdlr tdma tdmc tdme tdmo tdnd tdod tdsa tdsi tdta tdti tdwf"/>
		<subgroup type="TG" contains="tgc tgk tgm tgp tgs"/>
		<subgroup type="TH" contains="th10 th11 th12 th13 th14 th15 th16 th17 th18 th19 th20 th21 th22 th23 th24 th25 th26 th27 th30 th31 th32 th33 th34 th35 th36 th37 th38 th39 th40 th41 th42 th43 th44 th45 th46 th47 th48 th49 th50 th51 th52 th53 th54 th55 th56 th57 th58 th60 th61 th62 th63 th64 th65 th66 th67 th70 th71 th72 th73 th74 th75 th76 th77 th80 th81 th82 th83 th84 th85 th86 th90 th91 th92 th93 th94 th95 th96 ths"/>
		<subgroup type="TJ" contains="tjdu tjgb tjkt tjra tjsu"/>
		<subgroup type="TL" contains="tlal tlan tlba tlbo tlco tldi tler tlla tlli tlmf tlmt tloe tlvi"/>
		<subgroup type="TM" contains="tma tmb tmd tml tmm tms"/>
		<subgroup type="TN" contains="tn11 tn12 tn13 tn14 tn21 tn22 tn23 tn31 tn32 tn33 tn34 tn41 tn42 tn43 tn51 tn52 tn53 tn61 tn71 tn72 tn73 tn81 tn82 tn83"/>
		<subgroup type="TO" contains="to01 to02 to03 to04 to05"/>
		<subgroup type="TR" contains="tr01 tr02 tr03 tr04 tr05 tr06 tr07 tr08 tr09 tr10 tr11 tr12 tr13 tr14 tr15 tr16 tr17 tr18 tr19 tr20 tr21 tr22 tr23 tr24 tr25 tr26 tr27 tr28 tr29 tr30 tr31 tr32 tr33 tr34 tr35 tr36 tr37 tr38 tr39 tr40 tr41 tr42 tr43 tr44 tr45 tr46 tr47 tr48 tr49 tr50 tr51 tr52 tr53 tr54 tr55 tr56 tr57 tr58 tr59 tr60 tr61 tr62 tr63 tr64 tr65 tr66 tr67 tr68 tr69 tr70 tr71 tr72 tr73 tr74 tr75 tr76 tr77 tr78 tr79 tr80 tr81"/>
		<subgroup type="TT" contains="ttari ttcha ttctt ttdmn ttmrc ttped ttpos ttprt ttptf ttsfo ttsge ttsip ttsjl tttob tttup"/>
		<subgroup type="TV" contains="tvfun tvnit tvnkf tvnkl tvnma tvnmg tvnui tvvai"/>
		<subgroup type="TW" contains="twcha twcyi twcyq twhsq twhsz twhua twila twkee twkhh twkin twlie twmia twnan twnwt twpen twpif twtao twtnn twtpe twttt twtxg twyun"/>
		<subgroup type="TZ" contains="tz01 tz02 tz03 tz04 tz05 tz06 tz07 tz08 tz09 tz10 tz11 tz12 tz13 tz14 tz15 tz16 tz17 tz18 tz19 tz20 tz21 tz22 tz23 tz24 tz25 tz26 tz27 tz28 tz29 tz30 tz31"/>
		<subgroup type="UA" contains="ua05 ua07 ua09 ua12 ua14 ua18 ua21 ua23 ua26 ua30 ua32 ua35 ua40 ua43 ua46 ua48 ua51 ua53 ua56 ua59 ua61 ua63 ua65 ua68 ua71 ua74 ua77"/>
		<subgroup type="UG" contains="ugc uge ugn ugw"/>
		<subgroup type="ugc" contains="ug101 ug102 ug103 ug104 ug105 ug106 ug107 ug108 ug109 ug110 ug111 ug112 ug113 ug114 ug115 ug116 ug117 ug118 ug119 ug120 ug121 ug122 ug123 ug124 ug125 ug126"/>
		<subgroup type="uge" contains="ug201 ug202 ug203 ug204 ug205 ug206 ug207 ug208 ug209 ug210 ug211 ug212 ug213 ug214 ug215 ug216 ug217 ug218 ug219 ug220 ug221 ug222 ug223 ug224 ug225 ug226 ug227 ug228 ug229 ug230 ug231 ug232 ug233 ug234 ug235 ug236"/>
		<subgroup type="ugn" contains="ug301 ug302 ug303 ug304 ug305 ug306 ug307 ug308 ug309 ug310 ug311 ug312 ug313 ug314 ug315 ug316 ug317 ug318 ug319 ug320 ug321 ug322 ug323 ug324 ug325 ug326 ug327 ug328 ug329 ug330 ug331 ug332 ug333 ug334"/>
		<subgroup type="ugw" contains="ug401 ug402 ug403 ug404 ug405 ug406 ug407 ug408 ug409 ug410 ug411 ug412 ug413 ug414 ug415 ug416 ug417 ug418 ug419 ug420 ug421 ug422 ug423 ug424 ug425 ug426 ug427 ug428 ug429 ug430 ug431 ug432"/>
		<subgroup type="UM" contains="um67 um71 um76 um79 um81 um84 um86 um89 um95"/>
		<subgroup type="US" contains="usak usal usar usas usaz usca usco usct usdc usde usfl usga usgu ushi usia usid usil usin usks usky usla usma usmd usme usmi usmn usmo usmp usms usmt usnc usnd usne usnh usnj usnm usnv usny usoh usok usor uspa uspr usri ussc ussd ustn ustx usum usut usva usvi usvt uswa uswi uswv uswy"/>
		<subgroup type="UY" contains="uyar uyca uycl uyco uydu uyfd uyfs uyla uyma uymo uypa uyrn uyro uyrv uysa uysj uyso uyta uytt"/>
		<subgroup type="UZ" contains="uzan uzbu uzfa uzji uzng uznw uzqa uzqr uzsa uzsi uzsu uztk uzto uzxo"/>
		<subgroup type="VC" contains="vc01 vc02 vc03 vc04 vc05 vc06"/>
		<subgroup type="VE" contains="vea veb vec ved vee vef veg veh vei vej vek vel vem ven veo vep ver ves vet veu vev vew vex vey vez"/>
		<subgroup type="VN" contains="vn01 vn02 vn03 vn04 vn05 vn06 vn07 vn09 vn13 vn14 vn18 vn20 vn21 vn22 vn23 vn24 vn25 vn26 vn27 vn28 vn29 vn30 vn31 vn32 vn33 vn34 vn35 vn36 vn37 vn39 vn40 vn41 vn43 vn44 vn45 vn46 vn47 vn49 vn50 vn51 vn52 vn53 vn54 vn55 vn56 vn57 vn58 vn59 vn61 vn63 vn66 vn67 vn68 vn69 vn70 vn71 vn72 vn73 vnct vndn vnhn vnhp vnsg"/>
		<subgroup type="VU" contains="vumap vupam vusam vusee vutae vutob"/>
		<subgroup type="WF" contains="wfal wfsg wfuv"/>
		<subgroup type="WS" contains="wsaa wsal wsat wsfa wsge wsgi wspa wssa wstu wsvf wsvs"/>
		<subgroup type="YE" contains="yeab yead yeam yeba yeda yedh yehd yehj yehu yeib yeja yela yema yemr yemw yera yesa yesd yesh yesn yesu yeta"/>
		<subgroup type="ZA" contains="zaec zafs zagp zakzn zalp zamp zanc zanw zawc"/>
		<subgroup type="ZM" contains="zm01 zm02 zm03 zm04 zm05 zm06 zm07 zm08 zm09 zm10"/>
		<subgroup type="ZW" contains="zwbu zwha zwma zwmc zwme zwmi zwmn zwms zwmv zwmw"/>
	</subdivisionContainment>
</supplementalData>
