<?xml version="1.0" encoding="UTF-8" ?>
<!DOCTYPE ldml SYSTEM "../../common/dtd/ldml.dtd">
<ldml>
	<identity>
		<version number="$Revision: 6375 $"/>
		<generation date="$Date: 2012-01-18 08:54:59 -0600 (Wed, 18 Jan 2012) $"/>
		<language type="ee"/> 
	</identity>
	<collations validSubLocales="ee_GH ee_TG">
		<collation type="standard" >
			<rules>
				<reset>̌</reset>
				<s>̂</s>
				<reset>D</reset>
				<p>dz</p>
				<t>Dz</t>
				<t>DZ</t>
				<p>ɖ</p>
				<t>Ɖ</t>
				<reset>E</reset>
				<p>ɛ</p>
				<t>Ɛ</t>
				<reset>F</reset>
				<p>ƒ</p>
				<t>Ƒ</t>
				<reset>G</reset>
				<p>gb</p>
				<t>Gb</t>
				<t>GB</t>
				<p>ɣ</p>
				<t>Ɣ</t>
				<reset>H</reset>
				<p>x</p>
				<t>X</t>
				<reset>K</reset>
				<p>kp</p>
				<t>Kp</t>
				<t>KP</t>
				<reset>N</reset>
				<p>ny</p>
				<t>Ny</t>
				<t>NY</t>
				<p>ŋ</p>
				<t>Ŋ</t>
				<reset>O</reset>
				<p>ɔ</p>
				<t>Ɔ</t>
				<reset>T</reset>
				<p>ts</p>
				<t>Ts</t>
				<t>TS</t>
				<reset>V</reset>
				<p>ʋ</p>
				<t>Ʋ</t>
			</rules>
		</collation>
	</collations>
</ldml>
