<?xml version="1.0" encoding="UTF-8" ?>
<!DOCTYPE ldml SYSTEM "../../common/dtd/ldml.dtd">
<ldml>
	<identity>
		<version number="$Revision: 5105 $"/>
		<generation date="$Date: 2010-10-15 14:27:32 -0400 (Fri, 15 Oct 2010) $"/>
		<language type="en"/>
		<territory type="US"/>
		<variant type="POSIX"/>
	</identity>
		<collations>
			<collation type="standard" >
				<rules>
					<reset>&#x20;</reset>
					<pc>&#x21;&#x22;&#x23;&#x24;&#x25;&#x26;&#x27;&#x28;</pc>
					<pc>&#x29;&#x2a;&#x2b;&#x2c;&#x2d;&#x2e;&#x2f;</pc>
					<pc>0123456789</pc>
					<pc>&#x3a;&#x3b;&#x3c;&#x3d;&#x3e;&#x3f;&#x40;</pc>
					<pc>ABCDEFGHIJKLMNOPQRSTUVWXYZ</pc>
					<pc>&#x5b;&#x5c;&#x5d;&#x5e;&#x5f;&#x60;</pc>					
					<pc>abcdefghijklmnopqrstuvwxyz</pc>
					<pc>&#x7b;&#x7c;&#x7d;&#x7e;&#x7f;</pc>					
				</rules>
			</collation>
		</collations>
</ldml>
