<?xml version="1.0" encoding="UTF-8" ?>
<!DOCTYPE ldml SYSTEM "../../common/dtd/ldml.dtd">
<ldml>
	<identity>
		<version number="$Revision: 4126 $"/>
		<generation date="$Date: 2009-05-05 16:33:13 -0700 (Tue, 05 May 2009) $"/>
		<language type="eo" /> 
	</identity>
		<collations>
			<collation type="standard" >
				<rules>
					<reset>C</reset>
					<p>ĉ</p>
					<t>Ĉ</t>
					<reset>G</reset>
					<p>ĝ</p>
					<t>Ĝ</t>
					<reset>H</reset>
					<p>ĥ</p>
					<t>Ĥ</t>
					<reset>J</reset>
					<p>ĵ</p>
					<t>Ĵ</t>
					<reset>S</reset>
					<p>ŝ</p>
					<t>Ŝ</t>
					<reset>U</reset>
					<p>ŭ</p>
					<t>Ŭ</t>
				</rules>
			</collation  >
		</collations>
</ldml>
