<?xml version="1.0" encoding="UTF-8" ?>
<!DOCTYPE ldml SYSTEM "../../common/dtd/ldml.dtd">
<ldml>
	<identity>
		<version number="$Revision: 6182 $"/>
		<generation date="$Date: 2011-09-28 11:24:15 -0700 (Wed, 28 Sep 2011) $"/>
		<language type="et" /> 
	</identity>
		<collations  validSubLocales="et_EE">
			<collation type="standard" >
				<rules>
					<reset before="primary">T</reset>
					<p>š</p>
					<t>Š</t>
					<p>z</p>
					<t>Z</t>
					<p>ž</p>
					<t>Ž</t>
					<reset>v</reset>
					<s>w</s>
					<t>W</t>
					<reset before="primary">X</reset>
					<p>õ</p>
					<t>Õ</t>
					<p>ä</p>
					<t>Ä</t>
					<p>ö</p>
					<t>Ö</t>
					<p>ü</p>
					<t>Ü</t>
				</rules>
			</collation>
		</collations>
</ldml>
