<?xml version="1.0" encoding="UTF-8" ?>
<!DOCTYPE ldml SYSTEM "../../common/dtd/ldml.dtd">
<ldml>
	<identity>
		<version number="$Revision: 4126 $"/>
		<generation date="$Date: 2009-05-05 16:33:13 -0700 (Tue, 05 May 2009) $"/>
		<language type="fa" /> 
	</identity>
		<collations  validSubLocales="fa_IR">
			<collation type="standard" >
				<settings normalization="on"  />
				<rules>
					<reset>َ</reset>
					<sc>ًٌٍُِ</sc>
					<reset before="primary">ا</reset>
					<p>آ</p>
					<reset>ا</reset>
					<s>ٱ</s>
					<p>ء</p>
					<sc>أٲإٳؤ</sc>
					<s>یٔ</s>
					<t>ىٔ</t>
					<t>ئ</t>
					<reset>ک</reset>
					<sc>ڪګكڬڭڮ</sc>
					<reset>ۏ</reset>
					<p>ه</p>
					<sc>ەہةۃۀھ</sc>
					<reset>ی</reset>
					<sc>ىےيېۑۍێ</sc>
				</rules>
			</collation  >
		</collations>
</ldml>
