<?xml version="1.0" encoding="UTF-8" ?>
<!DOCTYPE ldml SYSTEM "../../common/dtd/ldml.dtd">
<ldml>
	<identity>
		<version number="$Revision: 4701 $"/>
		<generation date="$Date: 2010-02-19 16:13:58 -0600 (Fri, 19 Feb 2010) $"/>
		<language type="fo" /> 
	</identity>
		<collations  validSubLocales="fo_FO">
			<collation type="standard" >
				<rules>
					<reset>D</reset>
					<s>đ</s>
					<t>Đ</t>
					<s>ð</s>
					<t>Ð</t>
					<reset>t</reset>
					<x><t>þ</t><extend>h</extend></x>
					<reset>T</reset>
					<x><t>Þ</t><extend>H</extend></x>
					<reset>Y</reset>
					<s>ü</s>
					<t>Ü</t>
					<s>ű</s>
					<t>Ű</t>
					<reset before="primary">ǀ</reset>
					<p>æ</p>
					<t>Æ</t>
					<s>ä</s>
					<t>Ä</t>
					<s>ę</s>
					<t>Ę</t>
					<p>ø</p>
					<t>Ø</t>
					<s>ö</s>
					<t>Ö</t>
					<s>ő</s>
					<t>Ő</t>
					<s>œ</s>
					<t>Œ</t>
					<p>å</p>
					<t>Å</t>
					<t>aa</t>
					<t>Aa</t>
					<t>AA</t>
				</rules>
			</collation  >
			<collation draft="unconfirmed" alt="proposed" type="standard" >
				<rules>
					<reset>D</reset>
					<s>đ</s>
					<t>Đ</t>
					<s>ð</s>
					<t>Ð</t>
					<reset>t</reset>
					<x><t>þ</t><extend>h</extend></x>
					<reset>T</reset>
					<x><t>Þ</t><extend>H</extend></x>
					<reset>Y</reset>
					<s>ü</s>
					<t>Ü</t>
					<s>ű</s>
					<t>Ű</t>
					<reset before="primary">ǀ</reset>
					<p>æ</p>
					<t>Æ</t>
					<s>ä</s>
					<t>Ä</t>
					<s>ę</s>
					<t>Ę</t>
					<p>ø</p>
					<t>Ø</t>
					<s>ö</s>
					<t>Ö</t>
					<s>ő</s>
					<t>Ő</t>
					<s>œ</s>
					<t>Œ</t>
					<p>å</p>
					<t>Å</t>
					<t>aa</t>
					<t>aA</t>
					<t>Aa</t>
					<t>AA</t>
				</rules>
			</collation  >
		</collations>
</ldml>
