<?xml version="1.0" encoding="UTF-8" ?>
<!DOCTYPE ldml SYSTEM "../../common/dtd/ldml.dtd">
<ldml>
	<identity>
		<version number="$Revision: 5097 $"/>
		<generation date="$Date: 2010-10-14 02:15:01 -0400 (Thu, 14 Oct 2010) $"/>
		<language type="fo" /> 
	</identity>
		<collations  validSubLocales="fo_FO">
			<collation type="search" >
				<settings normalization="on"/>
				<suppress_contractions>[เ-ไ ເ-ໄ]</suppress_contractions>
				<rules>
					<reset>ا</reset>
						<s>آ</s>
						<s>أ</s>
						<s>إ</s>
					<reset>و</reset>
						<s>ؤ</s>
					<reset>ي</reset>
						<s>ئ</s>
						<s>ى</s>
					<reset>ه</reset>
						<s>ة</s>
					<reset><last_primary_ignorable/></reset>
						<s>׳</s>
						<s>״</s>
						<s>ـ</s>
						<s>ٌ</s>
						<s>ٍ</s>
						<s>َ</s>
						<s>ُ</s>
						<s>ِ</s>
						<s>ّ</s>
						<s>ْ</s>
						<s>ฺ</s>
					<!-- Above are the standard root search collator rules. -->
					<!-- Below are the rules specific to fo. -->
					<!-- These rules match standard collation below. -->
					<reset>D</reset>
					<s>đ</s>
					<t>Đ</t>
					<s>ð</s>
					<t>Ð</t>
					<reset>t</reset>
					<x><t>þ</t><extend>h</extend></x>
					<reset>T</reset>
					<x><t>Þ</t><extend>H</extend></x>
					<reset>Y</reset>
					<s>ü</s>
					<t>Ü</t>
					<s>ű</s>
					<t>Ű</t>
					<reset before="primary">ǀ</reset>
					<p>æ</p>
					<t>Æ</t>
					<s>ä</s>
					<t>Ä</t>
					<s>ę</s>
					<t>Ę</t>
					<p>ø</p>
					<t>Ø</t>
					<s>ö</s>
					<t>Ö</t>
					<s>ő</s>
					<t>Ő</t>
					<s>œ</s>
					<t>Œ</t>
					<p>å</p>
					<t>Å</t>
					<t>aa</t>
					<t>Aa</t>
					<t>AA</t>
				</rules>
			</collation>
			<collation type="standard" >
				<rules>
					<reset>D</reset>
					<s>đ</s>
					<t>Đ</t>
					<s>ð</s>
					<t>Ð</t>
					<reset>t</reset>
					<x><t>þ</t><extend>h</extend></x>
					<reset>T</reset>
					<x><t>Þ</t><extend>H</extend></x>
					<reset>Y</reset>
					<s>ü</s>
					<t>Ü</t>
					<s>ű</s>
					<t>Ű</t>
					<reset before="primary">ǀ</reset>
					<p>æ</p>
					<t>Æ</t>
					<s>ä</s>
					<t>Ä</t>
					<s>ę</s>
					<t>Ę</t>
					<p>ø</p>
					<t>Ø</t>
					<s>ö</s>
					<t>Ö</t>
					<s>ő</s>
					<t>Ő</t>
					<s>œ</s>
					<t>Œ</t>
					<p>å</p>
					<t>Å</t>
					<t>aa</t>
					<t>Aa</t>
					<t>AA</t>
				</rules>
			</collation  >
			<collation draft="unconfirmed" alt="proposed" type="standard" >
				<rules>
					<reset>D</reset>
					<s>đ</s>
					<t>Đ</t>
					<s>ð</s>
					<t>Ð</t>
					<reset>t</reset>
					<x><t>þ</t><extend>h</extend></x>
					<reset>T</reset>
					<x><t>Þ</t><extend>H</extend></x>
					<reset>Y</reset>
					<s>ü</s>
					<t>Ü</t>
					<s>ű</s>
					<t>Ű</t>
					<reset before="primary">ǀ</reset>
					<p>æ</p>
					<t>Æ</t>
					<s>ä</s>
					<t>Ä</t>
					<s>ę</s>
					<t>Ę</t>
					<p>ø</p>
					<t>Ø</t>
					<s>ö</s>
					<t>Ö</t>
					<s>ő</s>
					<t>Ő</t>
					<s>œ</s>
					<t>Œ</t>
					<p>å</p>
					<t>Å</t>
					<t>aa</t>
					<t>aA</t>
					<t>Aa</t>
					<t>AA</t>
				</rules>
			</collation  >
		</collations>
</ldml>
