<?xml version="1.0" encoding="UTF-8" ?>
<!DOCTYPE ldml SYSTEM "../../common/dtd/ldml.dtd">
<ldml>
	<identity>
		<version number="$Revision: 5024 $" />
		<generation date="$Date: 2010-08-20 13:00:12 -0700 (Fri, 20 Aug 2010) $" />
		<language type="gu" />
	</identity>
	<collations validSubLocales="gu_IN">
		<collation type="standard" references="M. B. Belsare: Gujarati-English Dictionary ISBN:8120600908">
			<settings normalization="on" />
			<rules>
				<!--
					The following tailoring is an adjustment of the DUCET collation
					order for ANUSVARA, CANDRABINDU, and VISARGA. Instead of being
					sorted with secondary weights, they are collated on primary level
					before the independent vowels. CANDRABINDU is secondary different
					from ANUSVARA.
				-->
				<reset>ૐ</reset>
				<p>ં</p>
				<s>ઁ</s>
				<p>ઃ</p>
			</rules>
		</collation>
		<collation type="standard" references="http://www.eki.ee/wgrs/rom1_gu.pdf"
			draft="unconfirmed" alt="proposed">
			<settings normalization="on" />
			<rules>

				<!--
					The following tailoring is an adjustment of the DUCET collation
					order for ANUSVARA, CANDRABINDU, and VISARGA. Instead of being
					sorted with secondary weights, they are collated on primary level
					before the independent vowels. CANDRABINDU is secondary different
					from ANUSVARA.
				-->
				<reset>ૐ</reset>
				<p>ં</p>
				<s>ઁ</s>
				<p>ઃ</p>

				<!--
					The following tailoring is an adjustment of the DUCET collation
					order for LLA. Instead of being sorted after LA, LLA is sorted
					after HA.
				-->
				<reset>હ</reset>
				<p>ળ</p>

			</rules>
		</collation>
	</collations>
</ldml>
