<?xml version="1.0" encoding="UTF-8" ?>
<!DOCTYPE ldml SYSTEM "../../common/dtd/ldml.dtd">
<ldml>
    <identity>
        <version number="$Revision: 4806 $"/>
        <generation date="$Date: 2010-03-11 14:18:04 -0500 (Thu, 11 Mar 2010) $"/>
        <language type="hy" /> 
    </identity>
        <collations validSubLocales="hy_AM">
            <collation type="standard" >
                <rules>
                    <reset>ք</reset>
                    <p>և</p>
                    <t>Եւ</t>
                </rules>
            </collation>
        </collations>
</ldml>
