<?xml version="1.0" encoding="UTF-8" ?>
<!DOCTYPE ldml SYSTEM "../../common/dtd/ldml.dtd">
<ldml>
	<identity>
		<version number="$Revision: 5919 $"/>
		<generation date="$Date: 2011-06-20 15:04:06 -0700 (Mon, 20 Jun 2011) $"/>
		<language type="km" /> 
	</identity>
	<collations validSubLocales="km_KH">
		<collation type="standard">
			<settings normalization="on"/>
			<rules>
				<reset><last_tertiary_ignorable/></reset>
				<i>឴</i>
				<i>឵</i>
				<reset>។ល។</reset>
				<t>៘</t>
				<reset>ៈ</reset>
				<s>៎</s>
				<s>៏</s>
				<s>៑</s>
				<s>័</s>
				<s>ៈ</s>
				<s>៝</s>
				<s>់</s>
				<s>៉</s>
				<s>៊</s>
				<s>៍</s>
				<reset>រ</reset>
				<p>ឫ</p>
				<p>ឬ</p>
				<reset>ល</reset>
				<p>ឭ</p>
				<p>ឮ</p>
				<reset>រ្ក</reset>
				<s>ក៌</s>
				<reset>រ្ខ</reset>
				<s>ខ៌</s>
				<reset>រ្គ</reset>
				<s>គ៌</s>
				<reset>រ្ឃ</reset>
				<s>ឃ៌</s>
				<reset>រ្ង</reset>
				<s>ង៌</s>
				<reset>រ្ច</reset>
				<s>ច៌</s>
				<reset>រ្ឆ</reset>
				<s>ឆ៌</s>
				<reset>រ្ជ</reset>
				<s>ជ៌</s>
				<reset>រ្ឈ</reset>
				<s>ឈ៌</s>
				<reset>រ្ញ</reset>
				<s>ញ៌</s>
				<reset>រ្ដ</reset>
				<s>ដ៌</s>
				<reset>រ្ឋ</reset>
				<s>ឋ៌</s>
				<reset>រ្ឌ</reset>
				<s>ឌ៌</s>
				<reset>រ្ឍ</reset>
				<s>ឍ៌</s>
				<reset>រ្ណ</reset>
				<s>ណ៌</s>
				<reset>រ្ត</reset>
				<s>ត៌</s>
				<reset>រ្ថ</reset>
				<s>ថ៌</s>
				<reset>រ្ទ</reset>
				<s>ទ៌</s>
				<reset>រ្ធ</reset>
				<s>ធ៌</s>
				<reset>រ្ន</reset>
				<s>ន៌</s>
				<reset>រ្ប</reset>
				<s>ប៌</s>
				<reset>រ្ផ</reset>
				<s>ផ៌</s>
				<reset>រ្ព</reset>
				<s>ព៌</s>
				<reset>រ្ភ</reset>
				<s>ភ៌</s>
				<reset>រ្ម</reset>
				<s>ម៌</s>
				<reset>រ្យ</reset>
				<s>យ៌</s>
				<reset>រ្រ</reset>
				<s>រ៌</s>
				<reset>រ្ឫ</reset>
				<s>ឫ៌</s>
				<reset>រ្ឬ</reset>
				<s>ឬ៌</s>
				<reset>រ្ល</reset>
				<s>ល៌</s>
				<reset>រ្ឭ</reset>
				<s>ឭ៌</s>
				<reset>រ្ឮ</reset>
				<s>ឮ៌</s>
				<reset>រ្វ</reset>
				<s>វ៌</s>
				<reset>រ្ឝ</reset>
				<s>ឝ៌</s>
				<reset>រ្ឞ</reset>
				<s>ឞ៌</s>
				<reset>រ្ស</reset>
				<s>ស៌</s>
				<reset>រ្ហ</reset>
				<s>ហ៌</s>
				<reset>រ្ឡ</reset>
				<s>ឡ៌</s>
				<reset>រ្អ</reset>
				<s>អ៌</s>
				<i>ឣ៌</i>
				<reset>អ</reset>
				<i>ឣ</i>
				<reset>អា</reset>
				<i>ឤ</i>
				<reset>អិ</reset>
				<s>ឥ</s>
				<reset>អី</reset>
				<s>ឦ</s>
				<reset>អុ</reset>
				<s>ឧ</s>
				<reset>អូ</reset>
				<s>ឩ</s>
				<reset>អែ</reset>
				<s>ឯ</s>
				<reset>អៃ</reset>
				<s>ឰ</s>
				<reset>អោ</reset>
				<s>ឱ</s>
				<reset>អៅ</reset>
				<s>ឳ</s>
				<reset>ឧក</reset>
				<t>ឨ</t>
				<reset>ឩវ</reset>
				<t>ឪ</t>
				<reset>ឱ</reset>
				<t>ឲ</t>
				<reset>ៅ</reset>
				<p>ុំ</p>
				<p>ំ</p>
				<p>ាំ</p>
				<p>ះ</p> 
				<p>ិះ</p>
				<p>ុះ</p>
				<p>េះ</p>
				<p>ោះ</p>
			</rules>
		</collation>
	</collations>
</ldml>