<?xml version="1.0" encoding="UTF-8" ?>
<!DOCTYPE ldml SYSTEM "../../common/dtd/ldml.dtd">
<ldml>
	<identity>
		<version number="$Revision: 6182 $" />
		<generation date="$Date: 2011-09-28 11:24:15 -0700 (Wed, 28 Sep 2011) $" />
		<language type="lt" />
	</identity>
	<collations validSubLocales="lt_LT">
		<collation type="standard" references="Bronius Piesarkas: Lithuanian-English Dictionary ISBN 9986-465-56-7">
			<rules>
				<reset>̀</reset>
				<i>̇̀</i>
				<reset>́</reset>
				<i>̇́</i>
				<reset>̃</reset>
				<i>̇̃</i>
				<reset>A</reset>
				<s>ą</s>
				<t>Ą</t>
				<reset>C</reset>
				<p>č</p>
				<t>Č</t>
				<reset>E</reset>
				<s>ę</s>
				<t>Ę</t>
				<s>ė</s>
				<t>Ė</t>
				<reset>I</reset>
				<s>į</s>
				<t>Į</t>
				<s>y</s>
				<t>Y</t>
				<reset>S</reset>
				<p>š</p>
				<t>Š</t>
				<reset>U</reset>
				<s>ų</s>
				<t>Ų</t>
				<s>ū</s>
				<t>Ū</t>
				<reset>Z</reset>
				<p>ž</p>
				<t>Ž</t>
			</rules>
		</collation>
	</collations>
</ldml>
