<?xml version="1.0" encoding="UTF-8" ?>
<!DOCTYPE ldml SYSTEM "../../common/dtd/ldml.dtd">
<ldml>
    <identity>
        <version number="$Revision: 4975 $"/>
        <generation date="$Date: 2010-06-09 15:36:15 -0700 (Wed, 09 Jun 2010) $"/>
        <language type="mk"/> 
    </identity>
	<collations validSubLocales="mk_MK">
		<collation type="standard">
			<suppress_contractions>[АаӘәЕеЖжЗзИиІіОоӨөУуЧчЫыЭэѴѵ]</suppress_contractions>
			<!--
				List of UCA contractions remaining after suppression:

				Ѓ 0413 0301 CYRILLIC CAPITAL LETTER GJE
				ѓ 0433 0301 CYRILLIC SMALL LETTER GJE
				Ќ 041A 0301 CYRILLIC CAPITAL LETTER KJE
				ќ 043A 0301 CYRILLIC SMALL LETTER KJE
			-->
		</collation>
	</collations>
</ldml>
