<?xml version="1.0" encoding="UTF-8" ?>
<!DOCTYPE ldml SYSTEM "../../common/dtd/ldml.dtd">
<ldml>
	<identity>
		<version number="$Revision: 6182 $"/>
		<generation date="$Date: 2011-09-28 13:24:15 -0500 (Wed, 28 Sep 2011) $"/>
		<language type="mt" /> 
	</identity>
		<collations  validSubLocales="mt_MT">
			<collation type="standard">
				<settings caseFirst="upper"/>
				<rules>
					<reset before="primary">c</reset>
					<p>Ċ</p>
					<t>ċ</t>
					<reset before="primary">g</reset>
					<p>Ġ</p>
					<t>ġ</t>
					<reset before="primary">h</reset>
					<p>GĦ</p>
					<t>Għ</t>
					<t>gĦ</t>
					<t>għ</t>
					<reset before="primary">i</reset>
					<p>Ħ</p>
					<t>ħ</t>
					<reset before="primary">z</reset>
					<p>Ż</p>
					<t>ż</t>
				</rules>
			</collation>
		</collations>
</ldml>
