<?xml version="1.0" encoding="UTF-8"?>
<!DOCTYPE ldml SYSTEM "../../common/dtd/ldml.dtd">
<!--
Myanmar Collation for ICU
Developed by www.ThanLwinSoft.org
Distributable under the same terms as the ICU license.
This file is generated by genMyCollateCLDR.pl - do not hand edit
-->
<ldml>
	<identity>
		<version number="$Revision: 4126 $"/>
		<generation date="$Date: 2009-05-05 18:33:13 -0500 (Tue, 05 May 2009) $"/>
		<language type="my"/> 
	</identity>
		<collations validSubLocales="my_MM">
			<collation type="standard" draft="unconfirmed" alt="proposed">
				<settings normalization="on"/>
                <rules>
<!-- Tones -->
<reset>ႌ</reset>
<p>့</p>
<p>း</p>
<p>့း</p>
<!-- Vowels -->
<reset>ာ</reset>
<s>ါ</s>
<reset>ဲ</reset>
<p>ော</p>
<s>ေါ</s>
<p>ော်</p>
<s>ေါ်</s>
<reset>ဴ</reset>
<p>ံ</p>
<p>ို</p>
<!-- Vowels with finals -->
<p>က္</p>
<s>က်</s>
<p>ာက္</p>
<s>ာက်</s>
<s>ါက္</s>
<s>ါက်</s>
<p>ိက္</p>
<s>ိက်</s>
<p>ုက္</p>
<s>ုက်</s>
<p>ေက္</p>
<s>ေက်</s>
<p>ောက္</p>
<s>ောက်</s>
<s>ေါက္</s>
<s>ေါက်</s>
<p>ိုက္</p>
<s>ိုက်</s>
<p>ခ္</p>
<s>ခ်</s>
<p>ာခ္</p>
<s>ာခ်</s>
<s>ါခ္</s>
<s>ါခ်</s>
<p>ိခ္</p>
<s>ိခ်</s>
<p>ုခ္</p>
<s>ုခ်</s>
<p>ေခ္</p>
<s>ေခ်</s>
<p>ောခ္</p>
<s>ောခ်</s>
<s>ေါခ္</s>
<s>ေါခ်</s>
<p>ိုခ္</p>
<s>ိုခ်</s>
<p>ဂ္</p>
<s>ဂ်</s>
<p>ာဂ္</p>
<s>ာဂ်</s>
<s>ါဂ္</s>
<s>ါဂ်</s>
<p>ိဂ္</p>
<s>ိဂ်</s>
<p>ုဂ္</p>
<s>ုဂ်</s>
<p>ေဂ္</p>
<s>ေဂ်</s>
<p>ောဂ္</p>
<s>ောဂ်</s>
<s>ေါဂ္</s>
<s>ေါဂ်</s>
<p>ိုဂ္</p>
<s>ိုဂ်</s>
<p>ဃ္</p>
<s>ဃ်</s>
<p>ာဃ္</p>
<s>ာဃ်</s>
<s>ါဃ္</s>
<s>ါဃ်</s>
<p>ိဃ္</p>
<s>ိဃ်</s>
<p>ုဃ္</p>
<s>ုဃ်</s>
<p>ေဃ္</p>
<s>ေဃ်</s>
<p>ောဃ္</p>
<s>ောဃ်</s>
<s>ေါဃ္</s>
<s>ေါဃ်</s>
<p>ိုဃ္</p>
<s>ိုဃ်</s>
<p>င်္</p>
<s>င်</s>
<p>ာင်္</p>
<s>ာင်</s>
<s>ါင်္</s>
<s>ါင်</s>
<p>ိင်္</p>
<s>ိင်</s>
<p>ုင်္</p>
<s>ုင်</s>
<p>ေင်္</p>
<s>ေင်</s>
<p>ောင်္</p>
<s>ောင်</s>
<s>ေါင်္</s>
<s>ေါင်</s>
<p>ိုင်္</p>
<s>ိုင်</s>
<p>စ္</p>
<s>စ်</s>
<p>ာစ္</p>
<s>ာစ်</s>
<s>ါစ္</s>
<s>ါစ်</s>
<p>ိစ္</p>
<s>ိစ်</s>
<p>ုစ္</p>
<s>ုစ်</s>
<p>ေစ္</p>
<s>ေစ်</s>
<p>ောစ္</p>
<s>ောစ်</s>
<s>ေါစ္</s>
<s>ေါစ်</s>
<p>ိုစ္</p>
<s>ိုစ်</s>
<p>ဆ္</p>
<s>ဆ်</s>
<p>ာဆ္</p>
<s>ာဆ်</s>
<s>ါဆ္</s>
<s>ါဆ်</s>
<p>ိဆ္</p>
<s>ိဆ်</s>
<p>ုဆ္</p>
<s>ုဆ်</s>
<p>ေဆ္</p>
<s>ေဆ်</s>
<p>ောဆ္</p>
<s>ောဆ်</s>
<s>ေါဆ္</s>
<s>ေါဆ်</s>
<p>ိုဆ္</p>
<s>ိုဆ်</s>
<p>ဇ္</p>
<s>ဇ်</s>
<p>ာဇ္</p>
<s>ာဇ်</s>
<s>ါဇ္</s>
<s>ါဇ်</s>
<p>ိဇ္</p>
<s>ိဇ်</s>
<p>ုဇ္</p>
<s>ုဇ်</s>
<p>ေဇ္</p>
<s>ေဇ်</s>
<p>ောဇ္</p>
<s>ောဇ်</s>
<s>ေါဇ္</s>
<s>ေါဇ်</s>
<p>ိုဇ္</p>
<s>ိုဇ်</s>
<p>ဈ်</p>
<p>ာဈ်</p>
<s>ါဈ်</s>
<p>ိဈ်</p>
<p>ုဈ်</p>
<p>ေဈ်</p>
<p>ောဈ်</p>
<s>ေါဈ်</s>
<p>ိုဈ်</p>
<p>ဉ္</p>
<s>ဉ်</s>
<p>ာဉ္</p>
<s>ာဉ်</s>
<s>ါဉ္</s>
<s>ါဉ်</s>
<p>ိဉ္</p>
<s>ိဉ်</s>
<p>ုဉ္</p>
<s>ုဉ်</s>
<p>ေဉ္</p>
<s>ေဉ်</s>
<p>ောဉ္</p>
<s>ောဉ်</s>
<s>ေါဉ္</s>
<s>ေါဉ်</s>
<p>ိုဉ္</p>
<s>ိုဉ်</s>
<p>ည္</p>
<s>ည်</s>
<p>ာည္</p>
<s>ာည်</s>
<s>ါည္</s>
<s>ါည်</s>
<p>ိည္</p>
<s>ိည်</s>
<p>ုည္</p>
<s>ုည်</s>
<p>ေည္</p>
<s>ေည်</s>
<p>ောည္</p>
<s>ောည်</s>
<s>ေါည္</s>
<s>ေါည်</s>
<p>ိုည္</p>
<s>ိုည်</s>
<p>ဋ္</p>
<s>ဋ်</s>
<p>ာဋ္</p>
<s>ာဋ်</s>
<s>ါဋ္</s>
<s>ါဋ်</s>
<p>ိဋ္</p>
<s>ိဋ်</s>
<p>ုဋ္</p>
<s>ုဋ်</s>
<p>ေဋ္</p>
<s>ေဋ်</s>
<p>ောဋ္</p>
<s>ောဋ်</s>
<s>ေါဋ္</s>
<s>ေါဋ်</s>
<p>ိုဋ္</p>
<s>ိုဋ်</s>
<p>ဌ္</p>
<s>ဌ်</s>
<p>ာဌ္</p>
<s>ာဌ်</s>
<s>ါဌ္</s>
<s>ါဌ်</s>
<p>ိဌ္</p>
<s>ိဌ်</s>
<p>ုဌ္</p>
<s>ုဌ်</s>
<p>ေဌ္</p>
<s>ေဌ်</s>
<p>ောဌ္</p>
<s>ောဌ်</s>
<s>ေါဌ္</s>
<s>ေါဌ်</s>
<p>ိုဌ္</p>
<s>ိုဌ်</s>
<p>ဍ္</p>
<s>ဍ်</s>
<p>ာဍ္</p>
<s>ာဍ်</s>
<s>ါဍ္</s>
<s>ါဍ်</s>
<p>ိဍ္</p>
<s>ိဍ်</s>
<p>ုဍ္</p>
<s>ုဍ်</s>
<p>ေဍ္</p>
<s>ေဍ်</s>
<p>ောဍ္</p>
<s>ောဍ်</s>
<s>ေါဍ္</s>
<s>ေါဍ်</s>
<p>ိုဍ္</p>
<s>ိုဍ်</s>
<p>ဎ္</p>
<s>ဎ်</s>
<p>ာဎ္</p>
<s>ာဎ်</s>
<s>ါဎ္</s>
<s>ါဎ်</s>
<p>ိဎ္</p>
<s>ိဎ်</s>
<p>ုဎ္</p>
<s>ုဎ်</s>
<p>ေဎ္</p>
<s>ေဎ်</s>
<p>ောဎ္</p>
<s>ောဎ်</s>
<s>ေါဎ္</s>
<s>ေါဎ်</s>
<p>ိုဎ္</p>
<s>ိုဎ်</s>
<p>ဏ္</p>
<s>ဏ်</s>
<p>ာဏ္</p>
<s>ာဏ်</s>
<s>ါဏ္</s>
<s>ါဏ်</s>
<p>ိဏ္</p>
<s>ိဏ်</s>
<p>ုဏ္</p>
<s>ုဏ်</s>
<p>ေဏ္</p>
<s>ေဏ်</s>
<p>ောဏ္</p>
<s>ောဏ်</s>
<s>ေါဏ္</s>
<s>ေါဏ်</s>
<p>ိုဏ္</p>
<s>ိုဏ်</s>
<p>တ္</p>
<s>တ်</s>
<p>ာတ္</p>
<s>ာတ်</s>
<s>ါတ္</s>
<s>ါတ်</s>
<p>ိတ္</p>
<s>ိတ်</s>
<p>ုတ္</p>
<s>ုတ်</s>
<p>ေတ္</p>
<s>ေတ်</s>
<p>ောတ္</p>
<s>ောတ်</s>
<s>ေါတ္</s>
<s>ေါတ်</s>
<p>ိုတ္</p>
<s>ိုတ်</s>
<p>ထ္</p>
<s>ထ်</s>
<p>ာထ္</p>
<s>ာထ်</s>
<s>ါထ္</s>
<s>ါထ်</s>
<p>ိထ္</p>
<s>ိထ်</s>
<p>ုထ္</p>
<s>ုထ်</s>
<p>ေထ္</p>
<s>ေထ်</s>
<p>ောထ္</p>
<s>ောထ်</s>
<s>ေါထ္</s>
<s>ေါထ်</s>
<p>ိုထ္</p>
<s>ိုထ်</s>
<p>ဒ္</p>
<s>ဒ်</s>
<p>ာဒ္</p>
<s>ာဒ်</s>
<s>ါဒ္</s>
<s>ါဒ်</s>
<p>ိဒ္</p>
<s>ိဒ်</s>
<p>ုဒ္</p>
<s>ုဒ်</s>
<p>ေဒ္</p>
<s>ေဒ်</s>
<p>ောဒ္</p>
<s>ောဒ်</s>
<s>ေါဒ္</s>
<s>ေါဒ်</s>
<p>ိုဒ္</p>
<s>ိုဒ်</s>
<p>ဓ္</p>
<s>ဓ်</s>
<p>ာဓ္</p>
<s>ာဓ်</s>
<s>ါဓ္</s>
<s>ါဓ်</s>
<p>ိဓ္</p>
<s>ိဓ်</s>
<p>ုဓ္</p>
<s>ုဓ်</s>
<p>ေဓ္</p>
<s>ေဓ်</s>
<p>ောဓ္</p>
<s>ောဓ်</s>
<s>ေါဓ္</s>
<s>ေါဓ်</s>
<p>ိုဓ္</p>
<s>ိုဓ်</s>
<p>န္</p>
<s>န်</s>
<p>ာန္</p>
<s>ာန်</s>
<s>ါန္</s>
<s>ါန်</s>
<p>ိန္</p>
<s>ိန်</s>
<p>ုန္</p>
<s>ုန်</s>
<p>ေန္</p>
<s>ေန်</s>
<p>ောန္</p>
<s>ောန်</s>
<s>ေါန္</s>
<s>ေါန်</s>
<p>ိုန္</p>
<s>ိုန်</s>
<p>ပ္</p>
<s>ပ်</s>
<p>ာပ္</p>
<s>ာပ်</s>
<s>ါပ္</s>
<s>ါပ်</s>
<p>ိပ္</p>
<s>ိပ်</s>
<p>ုပ္</p>
<s>ုပ်</s>
<p>ေပ္</p>
<s>ေပ်</s>
<p>ောပ္</p>
<s>ောပ်</s>
<s>ေါပ္</s>
<s>ေါပ်</s>
<p>ိုပ္</p>
<s>ိုပ်</s>
<p>ဖ္</p>
<s>ဖ်</s>
<p>ာဖ္</p>
<s>ာဖ်</s>
<s>ါဖ္</s>
<s>ါဖ်</s>
<p>ိဖ္</p>
<s>ိဖ်</s>
<p>ုဖ္</p>
<s>ုဖ်</s>
<p>ေဖ္</p>
<s>ေဖ်</s>
<p>ောဖ္</p>
<s>ောဖ်</s>
<s>ေါဖ္</s>
<s>ေါဖ်</s>
<p>ိုဖ္</p>
<s>ိုဖ်</s>
<p>ဗ္</p>
<s>ဗ်</s>
<p>ာဗ္</p>
<s>ာဗ်</s>
<s>ါဗ္</s>
<s>ါဗ်</s>
<p>ိဗ္</p>
<s>ိဗ်</s>
<p>ုဗ္</p>
<s>ုဗ်</s>
<p>ေဗ္</p>
<s>ေဗ်</s>
<p>ောဗ္</p>
<s>ောဗ်</s>
<s>ေါဗ္</s>
<s>ေါဗ်</s>
<p>ိုဗ္</p>
<s>ိုဗ်</s>
<p>ဘ္</p>
<s>ဘ်</s>
<p>ာဘ္</p>
<s>ာဘ်</s>
<s>ါဘ္</s>
<s>ါဘ်</s>
<p>ိဘ္</p>
<s>ိဘ်</s>
<p>ုဘ္</p>
<s>ုဘ်</s>
<p>ေဘ္</p>
<s>ေဘ်</s>
<p>ောဘ္</p>
<s>ောဘ်</s>
<s>ေါဘ္</s>
<s>ေါဘ်</s>
<p>ိုဘ္</p>
<s>ိုဘ်</s>
<p>မ္</p>
<s>မ်</s>
<p>ာမ္</p>
<s>ာမ်</s>
<s>ါမ္</s>
<s>ါမ်</s>
<p>ိမ္</p>
<s>ိမ်</s>
<p>ုမ္</p>
<s>ုမ်</s>
<p>ေမ္</p>
<s>ေမ်</s>
<p>ောမ္</p>
<s>ောမ်</s>
<s>ေါမ္</s>
<s>ေါမ်</s>
<p>ိုမ္</p>
<s>ိုမ်</s>
<p>ယ္</p>
<s>ယ်</s>
<p>ာယ္</p>
<s>ာယ်</s>
<s>ါယ္</s>
<s>ါယ်</s>
<p>ိယ္</p>
<s>ိယ်</s>
<p>ုယ္</p>
<s>ုယ်</s>
<p>ေယ္</p>
<s>ေယ်</s>
<p>ောယ္</p>
<s>ောယ်</s>
<s>ေါယ္</s>
<s>ေါယ်</s>
<p>ိုယ္</p>
<s>ိုယ်</s>
<p>ရ္</p>
<s>ရ်</s>
<p>ာရ္</p>
<s>ာရ်</s>
<s>ါရ္</s>
<s>ါရ်</s>
<p>ိရ္</p>
<s>ိရ်</s>
<p>ုရ္</p>
<s>ုရ်</s>
<p>ေရ္</p>
<s>ေရ်</s>
<p>ောရ္</p>
<s>ောရ်</s>
<s>ေါရ္</s>
<s>ေါရ်</s>
<p>ိုရ္</p>
<s>ိုရ်</s>
<p>လ္</p>
<s>လ်</s>
<p>ာလ္</p>
<s>ာလ်</s>
<s>ါလ္</s>
<s>ါလ်</s>
<p>ိလ္</p>
<s>ိလ်</s>
<p>ုလ္</p>
<s>ုလ်</s>
<p>ေလ္</p>
<s>ေလ်</s>
<p>ောလ္</p>
<s>ောလ်</s>
<s>ေါလ္</s>
<s>ေါလ်</s>
<p>ိုလ္</p>
<s>ိုလ်</s>
<p>ဝ်</p>
<p>ာဝ်</p>
<s>ါဝ်</s>
<p>ိဝ်</p>
<p>ုဝ်</p>
<p>ေဝ်</p>
<p>ောဝ်</p>
<s>ေါဝ်</s>
<p>ိုဝ်</p>
<p>သ္</p>
<s>သ်</s>
<p>ာသ္</p>
<s>ာသ်</s>
<s>ါသ္</s>
<s>ါသ်</s>
<p>ိသ္</p>
<s>ိသ်</s>
<p>ုသ္</p>
<s>ုသ်</s>
<p>ေသ္</p>
<s>ေသ်</s>
<p>ောသ္</p>
<s>ောသ်</s>
<s>ေါသ္</s>
<s>ေါသ်</s>
<p>ိုသ္</p>
<s>ိုသ်</s>
<p>ဟ္</p>
<s>ဟ်</s>
<p>ာဟ္</p>
<s>ာဟ်</s>
<s>ါဟ္</s>
<s>ါဟ်</s>
<p>ိဟ္</p>
<s>ိဟ်</s>
<p>ုဟ္</p>
<s>ုဟ်</s>
<p>ေဟ္</p>
<s>ေဟ်</s>
<p>ောဟ္</p>
<s>ောဟ်</s>
<s>ေါဟ္</s>
<s>ေါဟ်</s>
<p>ိုဟ္</p>
<s>ိုဟ်</s>
<p>ဠ်</p>
<p>ာဠ်</p>
<s>ါဠ်</s>
<p>ိဠ်</p>
<p>ုဠ်</p>
<p>ေဠ်</p>
<p>ောဠ်</p>
<s>ေါဠ်</s>
<p>ိုဠ်</p>
<p>အ်</p>
<p>ာအ်</p>
<s>ါအ်</s>
<p>ိအ်</p>
<p>ုအ်</p>
<p>ေအ်</p>
<p>ောအ်</p>
<s>ေါအ်</s>
<p>ိုအ်</p>
<!-- Medials -->
<p>ၞ</p>
<p>ၟ</p>
<p>ျ</p>
<p>ြ</p>
<p>ၠ</p>
<p>ွ</p>
<p>ႂ</p>
<p>ှ</p>
<p>ျွ</p>
<p>ြွ</p>
<p>ျှ</p>
<p>ြှ</p>
<p>ွှ</p>
<p>ျွှ</p>
<p>ြွှ</p>


<!-- Independent vowels -->
<reset>အိ</reset><t>ဣ</t>

<reset>အီ</reset><t>ဤ</t>

<reset>အု</reset><t>ဥ</t>

<reset>အူ</reset><t>ဦ</t>

<reset>အေ</reset><t>ဧ</t><t>ဨ</t>

<reset>အော</reset><t>ဩ</t>

<reset>အော်</reset><t>ဪ</t>

<reset>ိမ်</reset><p>ိံ</p><p>ိမ့်</p><p>ိံ့
</p><p>ိမ်း</p><p>ိံး</p>
<reset>ုမ်</reset><p>ုံ</p><p>ုမ့်</p><p>ုံ့
</p><p>ုမ်း</p><p>ုံး</p>

<reset>အုံ</reset><t>ဥုံ</t>

<!-- Independent vowels with finals -->
<reset>အိက္</reset><t>ဣက္</t>
<reset>အိက်</reset><t>ဣက်</t>
<reset>အုက္</reset><t>ဥက္</t>
<reset>အုက်</reset><t>ဥက်</t>
<reset>အေက္</reset><t>ဧက္</t>
<reset>အေက်</reset><t>ဧက်</t>
<reset>အောက္</reset><t>ဩက္</t>
<reset>အောက်</reset><t>ဩက်</t>
<reset>အောက္</reset><t>ဩောက္</t>
<reset>အောက်</reset><t>ဩောက်</t>
<reset>အိခ္</reset><t>ဣခ္</t>
<reset>အိခ်</reset><t>ဣခ်</t>
<reset>အုခ္</reset><t>ဥခ္</t>
<reset>အုခ်</reset><t>ဥခ်</t>
<reset>အေခ္</reset><t>ဧခ္</t>
<reset>အေခ်</reset><t>ဧခ်</t>
<reset>အောခ္</reset><t>ဩခ္</t>
<reset>အောခ်</reset><t>ဩခ်</t>
<reset>အောခ္</reset><t>ဩောခ္</t>
<reset>အောခ်</reset><t>ဩောခ်</t>
<reset>အိဂ္</reset><t>ဣဂ္</t>
<reset>အိဂ်</reset><t>ဣဂ်</t>
<reset>အုဂ္</reset><t>ဥဂ္</t>
<reset>အုဂ်</reset><t>ဥဂ်</t>
<reset>အေဂ္</reset><t>ဧဂ္</t>
<reset>အေဂ်</reset><t>ဧဂ်</t>
<reset>အောဂ္</reset><t>ဩဂ္</t>
<reset>အောဂ်</reset><t>ဩဂ်</t>
<reset>အောဂ္</reset><t>ဩောဂ္</t>
<reset>အောဂ်</reset><t>ဩောဂ်</t>
<reset>အိဃ္</reset><t>ဣဃ္</t>
<reset>အိဃ်</reset><t>ဣဃ်</t>
<reset>အုဃ္</reset><t>ဥဃ္</t>
<reset>အုဃ်</reset><t>ဥဃ်</t>
<reset>အေဃ္</reset><t>ဧဃ္</t>
<reset>အေဃ်</reset><t>ဧဃ်</t>
<reset>အောဃ္</reset><t>ဩဃ္</t>
<reset>အောဃ်</reset><t>ဩဃ်</t>
<reset>အောဃ္</reset><t>ဩောဃ္</t>
<reset>အောဃ်</reset><t>ဩောဃ်</t>
<reset>အိင္</reset><t>ဣင္</t>
<reset>အိင်</reset><t>ဣင်</t>
<reset>အုင္</reset><t>ဥင္</t>
<reset>အုင်</reset><t>ဥင်</t>
<reset>အေင္</reset><t>ဧင္</t>
<reset>အေင်</reset><t>ဧင်</t>
<reset>အောင္</reset><t>ဩင္</t>
<reset>အောင်</reset><t>ဩင်</t>
<reset>အောင္</reset><t>ဩောင္</t>
<reset>အောင်</reset><t>ဩောင်</t>
<reset>အိစ္</reset><t>ဣစ္</t>
<reset>အိစ်</reset><t>ဣစ်</t>
<reset>အုစ္</reset><t>ဥစ္</t>
<reset>အုစ်</reset><t>ဥစ်</t>
<reset>အေစ္</reset><t>ဧစ္</t>
<reset>အေစ်</reset><t>ဧစ်</t>
<reset>အောစ္</reset><t>ဩစ္</t>
<reset>အောစ်</reset><t>ဩစ်</t>
<reset>အောစ္</reset><t>ဩောစ္</t>
<reset>အောစ်</reset><t>ဩောစ်</t>
<reset>အိဆ္</reset><t>ဣဆ္</t>
<reset>အိဆ်</reset><t>ဣဆ်</t>
<reset>အုဆ္</reset><t>ဥဆ္</t>
<reset>အုဆ်</reset><t>ဥဆ်</t>
<reset>အေဆ္</reset><t>ဧဆ္</t>
<reset>အေဆ်</reset><t>ဧဆ်</t>
<reset>အောဆ္</reset><t>ဩဆ္</t>
<reset>အောဆ်</reset><t>ဩဆ်</t>
<reset>အောဆ္</reset><t>ဩောဆ္</t>
<reset>အောဆ်</reset><t>ဩောဆ်</t>
<reset>အိဇ္</reset><t>ဣဇ္</t>
<reset>အိဇ်</reset><t>ဣဇ်</t>
<reset>အုဇ္</reset><t>ဥဇ္</t>
<reset>အုဇ်</reset><t>ဥဇ်</t>
<reset>အေဇ္</reset><t>ဧဇ္</t>
<reset>အေဇ်</reset><t>ဧဇ်</t>
<reset>အောဇ္</reset><t>ဩဇ္</t>
<reset>အောဇ်</reset><t>ဩဇ်</t>
<reset>အောဇ္</reset><t>ဩောဇ္</t>
<reset>အောဇ်</reset><t>ဩောဇ်</t>
<reset>အိဉ္</reset><t>ဣဉ္</t>
<reset>အိဉ်</reset><t>ဣဉ်</t>
<reset>အုဉ္</reset><t>ဥဉ္</t>
<reset>အုဉ်</reset><t>ဥဉ်</t>
<reset>အေဉ္</reset><t>ဧဉ္</t>
<reset>အေဉ်</reset><t>ဧဉ်</t>
<reset>အောဉ္</reset><t>ဩဉ္</t>
<reset>အောဉ်</reset><t>ဩဉ်</t>
<reset>အောဉ္</reset><t>ဩောဉ္</t>
<reset>အောဉ်</reset><t>ဩောဉ်</t>
<reset>အိည္</reset><t>ဣည္</t>
<reset>အိည်</reset><t>ဣည်</t>
<reset>အုည္</reset><t>ဥည္</t>
<reset>အုည်</reset><t>ဥည်</t>
<reset>အေည္</reset><t>ဧည္</t>
<reset>အေည်</reset><t>ဧည်</t>
<reset>အောည္</reset><t>ဩည္</t>
<reset>အောည်</reset><t>ဩည်</t>
<reset>အောည္</reset><t>ဩောည္</t>
<reset>အောည်</reset><t>ဩောည်</t>
<reset>အိဋ္</reset><t>ဣဋ္</t>
<reset>အိဋ်</reset><t>ဣဋ်</t>
<reset>အုဋ္</reset><t>ဥဋ္</t>
<reset>အုဋ်</reset><t>ဥဋ်</t>
<reset>အေဋ္</reset><t>ဧဋ္</t>
<reset>အေဋ်</reset><t>ဧဋ်</t>
<reset>အောဋ္</reset><t>ဩဋ္</t>
<reset>အောဋ်</reset><t>ဩဋ်</t>
<reset>အောဋ္</reset><t>ဩောဋ္</t>
<reset>အောဋ်</reset><t>ဩောဋ်</t>
<reset>အိဌ္</reset><t>ဣဌ္</t>
<reset>အိဌ်</reset><t>ဣဌ်</t>
<reset>အုဌ္</reset><t>ဥဌ္</t>
<reset>အုဌ်</reset><t>ဥဌ်</t>
<reset>အေဌ္</reset><t>ဧဌ္</t>
<reset>အေဌ်</reset><t>ဧဌ်</t>
<reset>အောဌ္</reset><t>ဩဌ္</t>
<reset>အောဌ်</reset><t>ဩဌ်</t>
<reset>အောဌ္</reset><t>ဩောဌ္</t>
<reset>အောဌ်</reset><t>ဩောဌ်</t>
<reset>အိဍ္</reset><t>ဣဍ္</t>
<reset>အိဍ်</reset><t>ဣဍ်</t>
<reset>အုဍ္</reset><t>ဥဍ္</t>
<reset>အုဍ်</reset><t>ဥဍ်</t>
<reset>အေဍ္</reset><t>ဧဍ္</t>
<reset>အေဍ်</reset><t>ဧဍ်</t>
<reset>အောဍ္</reset><t>ဩဍ္</t>
<reset>အောဍ်</reset><t>ဩဍ်</t>
<reset>အောဍ္</reset><t>ဩောဍ္</t>
<reset>အောဍ်</reset><t>ဩောဍ်</t>
<reset>အိဎ္</reset><t>ဣဎ္</t>
<reset>အိဎ်</reset><t>ဣဎ်</t>
<reset>အုဎ္</reset><t>ဥဎ္</t>
<reset>အုဎ်</reset><t>ဥဎ်</t>
<reset>အေဎ္</reset><t>ဧဎ္</t>
<reset>အေဎ်</reset><t>ဧဎ်</t>
<reset>အောဎ္</reset><t>ဩဎ္</t>
<reset>အောဎ်</reset><t>ဩဎ်</t>
<reset>အောဎ္</reset><t>ဩောဎ္</t>
<reset>အောဎ်</reset><t>ဩောဎ်</t>
<reset>အိဏ္</reset><t>ဣဏ္</t>
<reset>အိဏ်</reset><t>ဣဏ်</t>
<reset>အုဏ္</reset><t>ဥဏ္</t>
<reset>အုဏ်</reset><t>ဥဏ်</t>
<reset>အေဏ္</reset><t>ဧဏ္</t>
<reset>အေဏ်</reset><t>ဧဏ်</t>
<reset>အောဏ္</reset><t>ဩဏ္</t>
<reset>အောဏ်</reset><t>ဩဏ်</t>
<reset>အောဏ္</reset><t>ဩောဏ္</t>
<reset>အောဏ်</reset><t>ဩောဏ်</t>
<reset>အိတ္</reset><t>ဣတ္</t>
<reset>အိတ်</reset><t>ဣတ်</t>
<reset>အုတ္</reset><t>ဥတ္</t>
<reset>အုတ်</reset><t>ဥတ်</t>
<reset>အေတ္</reset><t>ဧတ္</t>
<reset>အေတ်</reset><t>ဧတ်</t>
<reset>အောတ္</reset><t>ဩတ္</t>
<reset>အောတ်</reset><t>ဩတ်</t>
<reset>အောတ္</reset><t>ဩောတ္</t>
<reset>အောတ်</reset><t>ဩောတ်</t>
<reset>အိထ္</reset><t>ဣထ္</t>
<reset>အိထ်</reset><t>ဣထ်</t>
<reset>အုထ္</reset><t>ဥထ္</t>
<reset>အုထ်</reset><t>ဥထ်</t>
<reset>အေထ္</reset><t>ဧထ္</t>
<reset>အေထ်</reset><t>ဧထ်</t>
<reset>အောထ္</reset><t>ဩထ္</t>
<reset>အောထ်</reset><t>ဩထ်</t>
<reset>အောထ္</reset><t>ဩောထ္</t>
<reset>အောထ်</reset><t>ဩောထ်</t>
<reset>အိဒ္</reset><t>ဣဒ္</t>
<reset>အိဒ်</reset><t>ဣဒ်</t>
<reset>အုဒ္</reset><t>ဥဒ္</t>
<reset>အုဒ်</reset><t>ဥဒ်</t>
<reset>အေဒ္</reset><t>ဧဒ္</t>
<reset>အေဒ်</reset><t>ဧဒ်</t>
<reset>အောဒ္</reset><t>ဩဒ္</t>
<reset>အောဒ်</reset><t>ဩဒ်</t>
<reset>အောဒ္</reset><t>ဩောဒ္</t>
<reset>အောဒ်</reset><t>ဩောဒ်</t>
<reset>အိဓ္</reset><t>ဣဓ္</t>
<reset>အိဓ်</reset><t>ဣဓ်</t>
<reset>အုဓ္</reset><t>ဥဓ္</t>
<reset>အုဓ်</reset><t>ဥဓ်</t>
<reset>အေဓ္</reset><t>ဧဓ္</t>
<reset>အေဓ်</reset><t>ဧဓ်</t>
<reset>အောဓ္</reset><t>ဩဓ္</t>
<reset>အောဓ်</reset><t>ဩဓ်</t>
<reset>အောဓ္</reset><t>ဩောဓ္</t>
<reset>အောဓ်</reset><t>ဩောဓ်</t>
<reset>အိန္</reset><t>ဣန္</t>
<reset>အိန်</reset><t>ဣန်</t>
<reset>အုန္</reset><t>ဥန္</t>
<reset>အုန်</reset><t>ဥန်</t>
<reset>အေန္</reset><t>ဧန္</t>
<reset>အေန်</reset><t>ဧန်</t>
<reset>အောန္</reset><t>ဩန္</t>
<reset>အောန်</reset><t>ဩန်</t>
<reset>အောန္</reset><t>ဩောန္</t>
<reset>အောန်</reset><t>ဩောန်</t>
<reset>အိပ္</reset><t>ဣပ္</t>
<reset>အိပ်</reset><t>ဣပ်</t>
<reset>အုပ္</reset><t>ဥပ္</t>
<reset>အုပ်</reset><t>ဥပ်</t>
<reset>အေပ္</reset><t>ဧပ္</t>
<reset>အေပ်</reset><t>ဧပ်</t>
<reset>အောပ္</reset><t>ဩပ္</t>
<reset>အောပ်</reset><t>ဩပ်</t>
<reset>အောပ္</reset><t>ဩောပ္</t>
<reset>အောပ်</reset><t>ဩောပ်</t>
<reset>အိဖ္</reset><t>ဣဖ္</t>
<reset>အိဖ်</reset><t>ဣဖ်</t>
<reset>အုဖ္</reset><t>ဥဖ္</t>
<reset>အုဖ်</reset><t>ဥဖ်</t>
<reset>အေဖ္</reset><t>ဧဖ္</t>
<reset>အေဖ်</reset><t>ဧဖ်</t>
<reset>အောဖ္</reset><t>ဩဖ္</t>
<reset>အောဖ်</reset><t>ဩဖ်</t>
<reset>အောဖ္</reset><t>ဩောဖ္</t>
<reset>အောဖ်</reset><t>ဩောဖ်</t>
<reset>အိဗ္</reset><t>ဣဗ္</t>
<reset>အိဗ်</reset><t>ဣဗ်</t>
<reset>အုဗ္</reset><t>ဥဗ္</t>
<reset>အုဗ်</reset><t>ဥဗ်</t>
<reset>အေဗ္</reset><t>ဧဗ္</t>
<reset>အေဗ်</reset><t>ဧဗ်</t>
<reset>အောဗ္</reset><t>ဩဗ္</t>
<reset>အောဗ်</reset><t>ဩဗ်</t>
<reset>အောဗ္</reset><t>ဩောဗ္</t>
<reset>အောဗ်</reset><t>ဩောဗ်</t>
<reset>အိဘ္</reset><t>ဣဘ္</t>
<reset>အိဘ်</reset><t>ဣဘ်</t>
<reset>အုဘ္</reset><t>ဥဘ္</t>
<reset>အုဘ်</reset><t>ဥဘ်</t>
<reset>အေဘ္</reset><t>ဧဘ္</t>
<reset>အေဘ်</reset><t>ဧဘ်</t>
<reset>အောဘ္</reset><t>ဩဘ္</t>
<reset>အောဘ်</reset><t>ဩဘ်</t>
<reset>အောဘ္</reset><t>ဩောဘ္</t>
<reset>အောဘ်</reset><t>ဩောဘ်</t>
<reset>အိမ္</reset><t>ဣမ္</t>
<reset>အိမ်</reset><t>ဣမ်</t>
<reset>အုမ္</reset><t>ဥမ္</t>
<reset>အုမ်</reset><t>ဥမ်</t>
<reset>အေမ္</reset><t>ဧမ္</t>
<reset>အေမ်</reset><t>ဧမ်</t>
<reset>အောမ္</reset><t>ဩမ္</t>
<reset>အောမ်</reset><t>ဩမ်</t>
<reset>အောမ္</reset><t>ဩောမ္</t>
<reset>အောမ်</reset><t>ဩောမ်</t>
<reset>အိယ္</reset><t>ဣယ္</t>
<reset>အိယ်</reset><t>ဣယ်</t>
<reset>အုယ္</reset><t>ဥယ္</t>
<reset>အုယ်</reset><t>ဥယ်</t>
<reset>အေယ္</reset><t>ဧယ္</t>
<reset>အေယ်</reset><t>ဧယ်</t>
<reset>အောယ္</reset><t>ဩယ္</t>
<reset>အောယ်</reset><t>ဩယ်</t>
<reset>အောယ္</reset><t>ဩောယ္</t>
<reset>အောယ်</reset><t>ဩောယ်</t>
<reset>အိရ္</reset><t>ဣရ္</t>
<reset>အိရ်</reset><t>ဣရ်</t>
<reset>အုရ္</reset><t>ဥရ္</t>
<reset>အုရ်</reset><t>ဥရ်</t>
<reset>အေရ္</reset><t>ဧရ္</t>
<reset>အေရ်</reset><t>ဧရ်</t>
<reset>အောရ္</reset><t>ဩရ္</t>
<reset>အောရ်</reset><t>ဩရ်</t>
<reset>အောရ္</reset><t>ဩောရ္</t>
<reset>အောရ်</reset><t>ဩောရ်</t>
<reset>အိလ္</reset><t>ဣလ္</t>
<reset>အိလ်</reset><t>ဣလ်</t>
<reset>အုလ္</reset><t>ဥလ္</t>
<reset>အုလ်</reset><t>ဥလ်</t>
<reset>အေလ္</reset><t>ဧလ္</t>
<reset>အေလ်</reset><t>ဧလ်</t>
<reset>အောလ္</reset><t>ဩလ္</t>
<reset>အောလ်</reset><t>ဩလ်</t>
<reset>အောလ္</reset><t>ဩောလ္</t>
<reset>အောလ်</reset><t>ဩောလ်</t>
<reset>အိသ္</reset><t>ဣသ္</t>
<reset>အိသ်</reset><t>ဣသ်</t>
<reset>အုသ္</reset><t>ဥသ္</t>
<reset>အုသ်</reset><t>ဥသ်</t>
<reset>အေသ္</reset><t>ဧသ္</t>
<reset>အေသ်</reset><t>ဧသ်</t>
<reset>အောသ္</reset><t>ဩသ္</t>
<reset>အောသ်</reset><t>ဩသ်</t>
<reset>အောသ္</reset><t>ဩောသ္</t>
<reset>အောသ်</reset><t>ဩောသ်</t>
<reset>အိဟ္</reset><t>ဣဟ္</t>
<reset>အိဟ်</reset><t>ဣဟ်</t>
<reset>အုဟ္</reset><t>ဥဟ္</t>
<reset>အုဟ်</reset><t>ဥဟ်</t>
<reset>အေဟ္</reset><t>ဧဟ္</t>
<reset>အေဟ်</reset><t>ဧဟ်</t>
<reset>အောဟ္</reset><t>ဩဟ္</t>
<reset>အောဟ်</reset><t>ဩဟ်</t>
<reset>အောဟ္</reset><t>ဩောဟ္</t>
<reset>အောဟ်</reset><t>ဩောဟ်</t>


<!-- Contractions -->
<reset>ောက်ကျ</reset><i>ောက်ျ</i> <!-- (suffix of) man -->
<reset>န်နုပ်</reset><i>န်ုပ်</i> <!-- (suffix of) I -->
<!-- Great Sa -->
<reset>ေသ္သ</reset><i>ေဿ</i>
<reset>ိသ္သ</reset><i>ိဿ</i>
<reset>ုသ္သ</reset><i>ုဿ</i>
<reset>အိသ္သ</reset><t>ဣဿ</t>
<reset>အုသ္သ</reset><t>ဥဿ</t>
<reset>သ္သ</reset><i>ဿ</i>

<!-- Symbols - collate as long form -->
<reset>နှိုက်</reset><s>၌</s>
<reset>ရွေ့</reset><s>၍</s>
<reset>လည်းကောင်း</reset><s>၎င်း</s>
<reset>အိ</reset><s>၏</s>

<!-- Short Forms may need to be added here -->
<reset>လက်ယာ</reset><i>လက်ျာ</i> <!-- right hand side -->
<reset>သမီ</reset><i>သ္မီ</i> <!-- daughter -->
<reset>ထမင်း</reset><i>ထ္မင်း</i> <!-- cooked rice -->
<reset>လက်ဘက်</reset><i>လ္ဘက်</i> <!-- tea -->
				</rules>
			</collation>
		</collations>
</ldml>
