<?xml version="1.0" encoding="UTF-8" ?>
<!DOCTYPE ldml SYSTEM "../../common/dtd/ldml.dtd">
<ldml>
	<identity>
		<version number="$Revision: 4263 $"/>
		<generation date="$Date: 2009-09-22 13:39:01 -0700 (Tue, 22 Sep 2009) $"/>
		<language type="pa" /> 
	</identity>
		<collations validSubLocales="pa_Arab pa_Arab_PK pa_Guru pa_Guru_IN">
			<collation type="standard" references="Punjabi University: Punjabi-English Dictionary ISBN:8173800960">
				<settings normalization="on"/>
				<rules>
					<reset>ੱ</reset>
						<s>ੰ</s>
						<s>ਂ</s>
						<s>ਁ</s>
						<s>਼</s>
			        	<reset>ੜ</reset>
            					<p>੍</p>
    				</rules>
			</collation>
		</collations>
</ldml>
