<?xml version="1.0" encoding="UTF-8" ?>
<!DOCTYPE ldml SYSTEM "../../common/dtd/ldml.dtd">
<ldml>
	<identity>
		<version number="$Revision: 4126 $"/>
		<generation date="$Date: 2009-05-05 18:33:13 -0500 (Tue, 05 May 2009) $"/>
		<language type="ps" /> 
	</identity>
		<collations  validSubLocales="ps_AF">
			<collation type="standard" >
				<settings normalization="on"  />
				<rules>
					<reset>َ</reset>
					<sc>ًٌٍُِ</sc>
					<reset before="primary">ا</reset>
					<p>آ</p>
					<reset>ا</reset>
					<sc>أٲٱإٳ</sc>
					<p>ء</p>
					<reset>ت</reset>
					<p>ټ</p>
					<s>ٹ</s>
					<reset>ج</reset>
					<p>ځ</p>
					<s>حٔ</s>
					<reset>چ</reset>
					<p>څ</p>
					<reset>د</reset>
					<p>ډ</p>
					<s>ڈ</s>
					<reset>ر</reset>
					<p>ړ</p>
					<s>ڑ</s>
					<reset>ژ</reset>
					<p>ږ</p>
					<reset>ک</reset>
					<sc>ڪك</sc>
					<reset>ګ</reset>
					<s>گ</s>
					<reset>ڼ</reset>
					<s>ڻ</s>
					<reset>و</reset>
					<sc>ؤۇۉ</sc>
					<reset>ه</reset>
					<t>ۀ</t>
					<t>هٔ</t>
					<sc>ەہھةۃ</sc>
					<reset>ی</reset>
					<sc>ىےيېۍ</sc>
					<s>یٔ</s>
					<t>ىٔ</t>
					<t>ئ</t>
					<reset> </reset>
					<sc>‌‍</sc>
				</rules>
			</collation  >
		</collations>
</ldml>
