<?xml version="1.0" encoding="UTF-8" ?>
<!DOCTYPE ldml SYSTEM "../../common/dtd/ldml.dtd">
<ldml>
	<identity>
		<version number="$Revision: 4208 $"/>
		<generation date="$Date: 2009-07-03 13:17:21 -0500 (Fri, 03 Jul 2009) $"/>
		<language type="root" /> 
	</identity>
		<collations validSubLocales="ga ga_IE id id_ID ka ka_GE ms ms_BN ms_MY nl nl_BE nl_NL pt pt_BR pt_PT st st_LS st_ZA xh xh_ZA zu zu_ZA">
			<default type="standard"/>
			<collation type="standard" >
			</collation  >
		</collations>
    <!-- for UCA rules please see: http://www.unicode.org/reports/tr10/ -->
</ldml>
