<?xml version="1.0" encoding="UTF-8" ?>
<!DOCTYPE ldml SYSTEM "../../common/dtd/ldml.dtd">
<ldml>
	<identity>
		<version number="$Revision: 7611 $"/>
		<generation date="$Date: 2012-08-21 01:40:03 -0700 (Tue, 21 Aug 2012) $"/>
		<language type="ru"/> 
	</identity>
	<collations  validSubLocales="ru_BY ru_KG ru_KZ ru_MD ru_RU ru_UA">
		<collation type="standard" >
			<suppress_contractions>[АаӘәГгЕеЖжЗзІіОоӨөКкУуЧчЫыЭэѴѵ]</suppress_contractions>
			<!--
			List of UCA contractions remaining after suppression:

			Й 0418 0306 CYRILLIC CAPITAL LETTER SHORT I
			й 0438 0306 CYRILLIC SMALL LETTER SHORT I
			-->
		</collation  >
	</collations>
</ldml>
