<?xml version="1.0" encoding="UTF-8" ?>
<!DOCTYPE ldml SYSTEM "../../common/dtd/ldml.dtd">
<ldml>
	<identity>
		<version number="$Revision: 4977 $"/>
		<generation date="$Date: 2010-06-10 17:17:29 -0400 (Thu, 10 Jun 2010) $"/>
		<language type="sk" /> 
	</identity>
		<collations  validSubLocales="sk_SK">
			<collation type="standard" >
				<rules>
					<reset>A</reset>
					<p>ä</p>
					<t>Ä</t>
					<reset>C</reset>
					<p>č</p>
					<t>Č</t>
					<reset>H</reset>
					<p>ch</p>
					<t>cH</t>
					<t>Ch</t>
					<t>CH</t>
					<reset>O</reset>
					<p>ô</p>
					<t>Ô</t>
					<reset>R</reset>
					<p>ř</p>
					<t>Ř</t>
					<reset>S</reset>
					<p>š</p>
					<t>Š</t>
					<reset>Z</reset>
					<p>ž</p>
					<t>Ž</t>
				</rules>
			</collation>
		</collations>
</ldml>
