<?xml version="1.0" encoding="UTF-8" ?>
<!DOCTYPE ldml SYSTEM "../../common/dtd/ldml.dtd">
<ldml>
	<identity>
		<version number="$Revision: 4263 $"/>
		<generation date="$Date: 2009-09-22 15:39:01 -0500 (Tue, 22 Sep 2009) $"/>
		<language type="ta" /> 
	</identity>
		<collations  validSubLocales="ta_IN">
<collation type="standard" references=
"University of Mardas, Tamil Lexicon">
  <settings normalization="on"/>
  <rules>
    <reset>୦</reset>
        <s>௦</s>
    <reset>ஔ</reset>
        <p>ஂ</p>
        <p>ஃ</p>
    <reset>வ</reset>
        <p>ழ</p>
        <p>ள</p>
        <p>ற</p>
        <p>ன</p>
        <p>ஜ</p>
        <p>ஶ</p>
    <reset>ஹ</reset>
        <p>க்ஷ</p>
    <reset before="primary">க</reset>
        <p>க்</p>
    <reset before="primary">ங</reset>
        <p>ங்</p>
    <reset before="primary">ச</reset>
        <p>ச்</p>
    <reset before="primary">ஞ</reset>
        <p>ஞ்</p>
    <reset before="primary">ட</reset>
        <p>ட்</p>
    <reset before="primary">ண</reset>
        <p>ண்</p>
    <reset before="primary">த</reset>
        <p>த்</p>
    <reset before="primary">ந</reset>
        <p>ந்</p>
    <reset before="primary">ப</reset>
        <p>ப்</p>
    <reset before="primary">ம</reset>
        <p>ம்</p>
    <reset before="primary">ய</reset>
        <p>ய்</p>
    <reset before="primary">ர</reset>
        <p>ர்</p>
    <reset before="primary">ல</reset>
        <p>ல்</p>
    <reset before="primary">வ</reset>
        <p>வ்</p>
    <reset before="primary">ழ</reset>
        <p>ழ்</p>
    <reset before="primary">ள</reset>
        <p>ள்</p>
    <reset before="primary">ற</reset>
        <p>ற்</p>
    <reset before="primary">ன</reset>
        <p>ன்</p>
    <reset before="primary">ஜ</reset>
        <p>ஜ்</p>
    <reset before="primary">ஶ</reset>
        <p>ஶ்</p>
    <reset before="primary">ஷ</reset>
        <p>ஷ்</p>
    <reset before="primary">ஸ</reset>
        <p>ஸ்</p>
    <reset before="primary">ஹ</reset>
        <p>ஹ்</p>
    <reset before="primary">க்ஷ</reset>
        <p>க்ஷ்</p>
  </rules>
</collation>
		</collations>
</ldml>
