<?xml version="1.0" encoding="UTF-8" ?>
<!DOCTYPE ldml SYSTEM "../../common/dtd/ldml.dtd">
<ldml>
	<identity>
		<version number="$Revision: 4208 $"/>
		<generation date="$Date: 2009-07-03 11:17:21 -0700 (Fri, 03 Jul 2009) $"/>
		<language type="tn"/> 
	</identity>
	<collations validSubLocales="tn_ZA">
		<collation type="standard" >
			<rules>
				<reset>E</reset>
				<p>ê</p>
				<t>Ê</t>
				<reset>O</reset>
				<p>ô</p>
				<t>Ô</t>
				<reset>S</reset>
				<p>š</p>
				<t>Š</t>
			</rules>
		</collation  >
	</collations>
</ldml>
