<?xml version="1.0" encoding="UTF-8" ?>
<!DOCTYPE ldml SYSTEM "../../common/dtd/ldml.dtd">
<ldml>
	<identity>
		<version number="$Revision: 6215 $"/>
		<generation date="$Date: 2011-10-31 16:27:28 -0700 (Mon, 31 Oct 2011) $"/>
		<language type="uk" /> 
	</identity>
	<collations validSubLocales="uk_UA">
		<collation type="standard">
			<suppress_contractions>[АаӘәГгЕеЖжЗзОоӨөКкУуЧчЫыЭэѴѵ]</suppress_contractions>
			<!-- List of UCA contractions remaining after suppression:

			Ї 0406 0308 CYRILLIC CAPITAL LETTER YI
			ї 0456 0308 CYRILLIC SMALL LETTER YI
			Й 0418 0306 CYRILLIC CAPITAL LETTER SHORT I
			й 0438 0306 CYRILLIC SMALL LETTER SHORT I
			-->
			<rules>
			    <reset>Г</reset>
			        <p>ґ</p>
			        <t>Ґ</t>
			</rules>
		</collation>
	</collations>
</ldml>
