<?xml version="1.0" encoding="UTF-8" ?>
<!DOCTYPE ldml SYSTEM "../../common/dtd/ldml.dtd">
<ldml>
	<identity>
		<version number="$Revision: 4126 $"/>
		<generation date="$Date: 2009-05-05 16:33:13 -0700 (Tue, 05 May 2009) $"/>
		<language type="vi" /> 
	</identity>
		<collations validSubLocales="vi_VN">
			<collation type="standard" >
				<settings normalization="on"  />
				<rules>
					<reset>̀</reset>
					<sc>̣̉̃́</sc>
					<reset>a</reset>
					<p>ă</p>
					<t>Ă</t>
					<p>â</p>
					<t>Â</t>
					<reset>d</reset>
					<p>đ</p>
					<t>Đ</t>
					<reset>e</reset>
					<p>ê</p>
					<t>Ê</t>
					<reset>o</reset>
					<p>ô</p>
					<t>Ô</t>
					<p>ơ</p>
					<t>Ơ</t>
					<reset>u</reset>
					<p>ư</p>
					<t>Ư</t>
				</rules>
			</collation  >
		</collations>
</ldml>
