<?xml version="1.0" encoding="UTF-8" ?>
<!DOCTYPE ldml SYSTEM "http://www.unicode.org/cldr/dtd/1.4/ldml.dtd">
<ldml>
	<identity>
		<version number="$Revision: 1.21 $"/>
		<generation date="$Date: 2005/10/27 09:07:12 $"/>
		<language type="cs" /> 
	</identity>
		<collations  validSubLocales="cs_CZ">
			<collation type="standard" >
				<rules>
					<reset>C</reset>
					<p>č</p>
					<t>Č</t>
					<reset>H</reset>
					<p>ch</p>
					<t>cH</t>
					<t>Ch</t>
					<t>CH</t>
					<reset>R</reset>
					<p>ř</p>
					<t>Ř</t>
					<reset>S</reset>
					<p>š</p>
					<t>Š</t>
					<reset>Z</reset>
					<p>ž</p>
					<t>Ž</t>
				</rules>
			</collation  >
			<collation type="digits-after" draft="true" >
				<rules>
					<reset>C</reset>
					<p>č</p>
					<t>Č</t>
					<reset>H</reset>
					<p>ch</p>
					<t>cH</t>
					<t>Ch</t>
					<t>CH</t>
					<reset>R</reset>
					<p>ř</p>
					<t>Ř</t>
					<reset>S</reset>
					<p>š</p>
					<t>Š</t>
					<reset>Z</reset>
					<p>ž</p>
					<t>Ž</t>
					<reset><last_non_ignorable/></reset>
					<pc>0123456789</pc>
				</rules>
			</collation  >
		</collations>
</ldml>
