<?xml version="1.0" encoding="UTF-8" ?>
<!DOCTYPE ldml SYSTEM "http://www.unicode.org/cldr/dtd/1.4/ldml.dtd">
<ldml>
	<identity>
		<version number="$Revision: 1.20 $"/>
		<generation date="$Date: 2005/10/27 09:07:12 $"/>
		<language type="kk" /> 
	</identity>
		<collations  validSubLocales="kk_KZ">
			<collation type="standard" >
				<settings normalization="on"  />
				<suppress_contractions>[Ѐ-џ]</suppress_contractions>
				<rules>
					<reset before="primary">ү</reset>
					<p>ұ</p>
					<t>Ұ</t>
				</rules>
			</collation  >
		</collations>
</ldml>
