<?xml version="1.0" encoding="UTF-8" ?>
<!DOCTYPE ldml SYSTEM "http://www.unicode.org/cldr/dtd/1.4/ldml.dtd">
<ldml>
	<identity>
		<version number="$Revision: 1.20 $"/>
		<generation date="$Date: 2005/10/27 09:07:12 $"/>
		<language type="ko" /> 
	</identity>
		<collations  validSubLocales="ko_KR">
			<collation type="standard" >
				<optimize>[가-각간갇-갊감-갗같-객갠갤갬-갭갯-갱갸-갹갼걀걋걍걔걘걜거-걱건걷-걸걺검-겁것-겆겉-게겐겔겜-겝겟-겡겨-겪견겯-결겸-겹겻-경곁계곈곌곕곗고-곡곤곧-골곪곬곯-곱곳공-곶과-곽관괄괆괌-괍괏광괘괜괠괩괬-괭괴-괵괸괼굄-굅굇굉교굔굘굡굣구-국군굳-굶굻-굽굿궁-궂궈-궉권궐궜-궝궤궷귀-귁귄귈귐-귑귓규균귤그-극근귿-긁금-급긋긍긔기-긱긴긷-길긺김-깁깃깅-깆깊까-깎깐깔깖깜-깝깟-깡깥깨-깩깬깰깸-깹깻-깽꺄-꺅꺌꺼-꺾껀껄껌-껍껏-껑께-껙껜껨껫껭껴껸껼꼇-꼈꼍꼐꼬-꼭꼰꼲꼴꼼-꼽꼿꽁-꽃꽈-꽉꽐꽜-꽝꽤-꽥꽹꾀꾄꾈꾐-꾑꾕꾜꾸-꾹꾼꿀꿇-꿉꿋꿍-꿎꿔꿜꿨-꿩꿰-꿱꿴꿸뀀-뀁뀄뀌뀐뀔뀜-뀝뀨끄-끅끈끊끌끎끓-끕끗끙끝끼-끽낀낄낌-낍낏낑나-낚난낟-낢남-납낫-낯낱낳-낵낸낼냄-냅냇-냉냐-냑냔냘냠냥너-넉넋-넌널넒-넓넘-넙넛-넝넣-넥넨넬넴-넵넷-넹녀-녁년녈념-녑녔-녕녘녜녠노-녹논놀놂놈-놉놋농높-놔놘놜놨뇌뇐뇔뇜-뇝뇟뇨-뇩뇬뇰뇹뇻뇽누-눅눈눋-눌눔-눕눗눙눠눴눼뉘뉜뉠뉨-뉩뉴-뉵뉼늄-늅늉느-늑는늘-늚늠-늡늣능-늦늪늬늰늴니-닉닌닐닖님-닙닛닝닢다-닦단닫-닯닳-답닷-닻닿-댁댄댈댐-댑댓-댕댜더-덖던덛-덜덞-덟덤-덥덧덩덫덮데-덱덴델뎀-뎁뎃-뎅뎌뎐뎔뎠-뎡뎨뎬도-독돈돋-돌돎돐돔-돕돗동돛돝돠돤돨돼됐되된될됨-됩됫됴두-둑둔둘둠-둡둣둥둬뒀뒈뒝뒤뒨뒬뒵뒷뒹듀듄듈듐듕드-득든듣-들듦듬-듭듯등듸디-딕딘딛-딜딤-딥딧-딪따-딱딴딸땀-땁땃-땅땋-땍땐땔땜-땝땟-땡떠-떡떤떨떪-떫떰-떱떳-떵떻-떽뗀뗄뗌-뗍뗏-뗑뗘뗬또-똑똔똘똥똬똴뙈뙤뙨뚜-뚝뚠뚤뚫-뚬뚱뛔뛰뛴뛸뜀-뜁뜅뜨-뜩뜬뜯-뜰뜸-뜹뜻띄띈띌띔-띕띠띤띨띰-띱띳띵라-락란랄람-랍랏-랒랖-랙랜랠램-랩랫-랭랴-략랸럇량러-럭런럴럼-럽럿-렁렇-렉렌렐렘-렙렛렝려-력련렬렴-렵렷-령례롄롑롓로-록론롤롬-롭롯롱롸롼뢍뢨뢰뢴뢸룀-룁룃룅료룐룔룝룟룡루-룩룬룰룸-룹룻룽뤄뤘뤠뤼-뤽륀륄륌륏륑류-륙륜률륨-륩륫륭르-륵른를름-릅릇릉-릊릍-릎리-릭린릴림-립릿링마-막만많-맒맘-맙맛망-맞맡맣-맥맨맬맴-맵맷-맺먀-먁먈먕머-먹먼멀멂멈-멉멋멍-멎멓-멕멘멜멤-멥멧-멩며-멱면멸몃-명몇몌모-목몫-몬몰몲몸-몹못몽뫄뫈뫘-뫙뫼묀묄묍묏묑묘묜묠묩묫무-묶문묻-묾뭄-뭅뭇뭉뭍뭏-뭐뭔뭘뭡뭣뭬뮈뮌뮐뮤뮨뮬뮴뮷므믄믈믐믓미-믹민믿-밀밂밈-밉밋-밍및밑바-반받-밟밤-밥밧방밭배-백밴밸뱀-뱁뱃-뱅뱉뱌-뱍뱐뱝버-벅번벋-벌벎범-법벗벙-벚베-벡벤벧-벨벰-벱벳-벵벼-벽변별볍볏-병볕볘볜보-볶본볼봄-봅봇봉봐봔봤봬뵀뵈-뵉뵌뵐뵘-뵙뵤뵨부-북분붇-붊붐-붑붓붕붙-붚붜붤붰붸뷔-뷕뷘뷜뷩뷰뷴뷸븀븃븅브-븍븐블븜-븝븟비-빅빈빌빎빔-빕빗빙-빛빠-빡빤빨빪빰-빱빳-빵빻-빽뺀뺄뺌-뺍뺏-뺑뺘-뺙뺨뻐-뻑뻔뻗-뻘뻠뻣-뻥뻬뼁뼈-뼉뼘-뼙뼛-뼝뽀-뽁뽄뽈뽐-뽑뽕뾔뾰뿅뿌-뿍뿐뿔뿜뿟뿡쀼쁑쁘쁜쁠쁨-쁩삐-삑삔삘삠-삡삣삥사-삭삯-산삳-삶삼-삽삿-상샅새-색샌샐샘-샙샛-생샤-샥샨샬샴-샵샷샹섀섄섈섐섕서-선섣-설섦-섧섬-섭섯-성섶세-섹센셀셈-셉셋-셍셔-셕션셜셤-셥셧-셩셰셴셸솅소-솎손솔솖솜-솝솟송솥솨-솩솬솰솽쇄쇈쇌쇔쇗-쇘쇠쇤쇨쇰-쇱쇳쇼-쇽숀숄숌-숍숏숑수-숙순숟-술숨-숩숫숭숯숱-숲숴쉈쉐-쉑쉔쉘쉠쉥쉬-쉭쉰쉴쉼-쉽쉿슁슈-슉슐슘슛슝스-슥슨슬-슭슴-습슷승시-식신싣-실싫-십싯싱싶싸-싹싻-싼쌀쌈-쌉쌌-쌍쌓-쌕쌘쌜쌤-쌥쌨-쌩썅써-썩썬썰썲썸-썹썼-썽쎄쎈쎌쏀쏘-쏙쏜쏟-쏠쏢쏨-쏩쏭쏴-쏵쏸쐈쐐쐤쐬쐰쐴쐼-쐽쑈쑤-쑥쑨쑬쑴-쑵쑹쒀쒔쒜쒸쒼쓩쓰-쓱쓴쓸쓺쓿-씁씌씐씔씜씨-씩씬씰씸-씹씻씽아-악안-않알-앎앓-압앗-앙앝-앞애-액앤앨앰-앱앳-앵야-약얀얄얇얌-얍얏양얕얗-얘얜얠얩어-억언-얹얻-얾엄-엊엌엎에-엑엔엘엠-엡엣엥여-엮연열엶-엷염-영옅-예옌옐옘-옙옛-옜오-옥온올-옮옰옳-옵옷옹옻와-왁완왈왐-왑왓-왕왜-왝왠왬왯왱외-왹왼욀욈-욉욋욍요-욕욘욜욤-욥욧용우-욱운울-욺움-웁웃웅워-웍원월웜-웝웠-웡웨-웩웬웰웸-웹웽위-윅윈윌윔-윕윗윙유-육윤율윰-윱윳융윷으-윽은을읊음-읍읏응-의읜읠읨읫이-익인일-읾잃-입잇-잊잎자-작잔잖-잘잚잠-잡잣-잦재-잭잰잴잼-잽잿-쟁쟈-쟉쟌쟎쟐쟘쟝쟤쟨쟬저-적전절젊점-접젓정-젖제-젝젠젤젬-젭젯젱져젼졀졈-졉졌-졍졔조-족존졸졺좀-좁좃종-좇좋-좍좔좝좟좡좨좼-좽죄죈죌죔-죕죗죙죠-죡죤죵주-죽준줄-줆줌-줍줏중줘줬줴쥐-쥑쥔쥘쥠-쥡쥣쥬쥰쥴쥼즈-즉즌즐즘-즙즛증지-직진짇-질짊짐-집짓징-짖짙-짚짜-짝짠짢짤짧짬-짭짯-짱째-짹짼쨀쨈-쨉쨋-쨍쨔쨘쨩쩌-쩍쩐쩔쩜-쩝쩟-쩡쩨쩽쪄쪘쪼-쪽쫀쫄쫌-쫍쫏쫑쫓쫘-쫙쫠쫬쫴쬈쬐쬔쬘쬠-쬡쭁쭈-쭉쭌쭐쭘-쭙쭝쭤쭸-쭹쮜쮸쯔쯤쯧쯩찌-찍찐찔찜-찝찡-찢찧-착찬찮찰참-찹찻-찾채-책챈챌챔-챕챗-챙챠챤챦챨챰챵처-척천철첨-첩첫-청체-첵첸첼쳄-쳅쳇쳉쳐쳔쳤쳬쳰촁초-촉촌촐촘-촙촛총촤촨촬촹최쵠쵤쵬-쵭쵯쵱쵸춈추-축춘출춤-춥춧충춰췄췌췐취췬췰췸-췹췻췽츄츈츌츔츙츠-측츤츨츰-츱츳층치-칙친칟-칡침-칩칫칭카-칵칸칼캄-캅캇캉캐-캑캔캘캠-캡캣-캥캬-캭컁커-컥컨컫-컬컴-컵컷-컹케-켁켄켈켐-켑켓켕켜켠켤켬-켭켯-켱켸코-콕콘콜콤-콥콧콩콰-콱콴콸쾀쾅쾌쾡쾨쾰쿄쿠-쿡쿤쿨쿰-쿱쿳쿵쿼퀀퀄퀑퀘퀭퀴-퀵퀸퀼큄-큅큇큉큐큔큘큠크-큭큰클큼-큽킁키-킥킨킬킴-킵킷킹타-탁탄탈-탉탐-탑탓-탕태-택탠탤탬-탭탯-탱탸턍터-턱턴털턺텀-텁텃-텅테-텍텐텔템-텝텟텡텨텬텼톄톈토-톡톤톨톰-톱톳통톺톼퇀퇘퇴퇸툇툉툐투-툭툰툴툼-툽툿퉁퉈퉜퉤튀-튁튄튈튐-튑튕튜튠튤튬튱트-특튼튿-틀틂틈-틉틋틔틘틜틤-틥티-틱틴틸팀-팁팃팅파-팎판팔팖팜-팝팟-팡팥패-팩팬팰팸-팹팻-팽퍄-퍅퍼-퍽펀펄펌-펍펏-펑페-펙펜펠펨-펩펫펭펴편펼폄-폅폈-평폐폘폡폣포-폭폰폴폼-폽폿퐁퐈퐝푀푄표푠푤푭푯푸-푹푼푿-풀풂품-풉풋풍풔풩퓌퓐퓔퓜퓟퓨퓬퓰퓸퓻퓽프픈플픔-픕픗피-픽핀필핌-핍핏핑하-학한할핥함-합핫항해-핵핸핼햄-햅햇-행햐향허-헉헌헐헒험-헙헛헝헤-헥헨헬헴-헵헷헹혀-혁현혈혐-협혓-형혜혠혤혭호-혹혼홀홅홈-홉홋홍홑화-확환활홧황홰-홱홴횃횅회-획횐횔횝횟횡효횬횰횹횻후-훅훈훌훑훔훗훙훠훤훨훰훵훼-훽휀휄휑휘-휙휜휠휨-휩휫휭휴-휵휸휼흄흇흉흐-흑흔흖-흙흠-흡흣흥흩희흰흴흼-흽힁히-힉힌힐힘-힙힛힝]</optimize>
				<rules>
					<reset>가</reset>
					<sc>伽佳假價加可呵哥嘉嫁家暇架枷柯歌珂痂稼苛茄街袈訶賈跏軻迦駕仮傢咖哿坷宊斝榎檟珈笳耞舸葭謌</sc>
					<reset>각</reset>
					<sc>刻却各恪慤殼珏脚覺角閣卻咯埆搉擱桷</sc>
					<reset>간</reset>
					<sc>侃刊墾奸姦干幹懇揀杆柬桿澗癎看磵稈竿簡肝艮艱諫間偘慳栞榦玕秆茛衎赶迀齦</sc>
					<reset>갈</reset>
					<sc>乫喝曷渴碣竭葛褐蝎鞨噶楬秸羯蠍鶡</sc>
					<reset>감</reset>
					<sc>勘坎堪嵌感憾戡敢柑橄減甘疳監瞰紺邯鑑鑒龕坩埳嵁弇憨撼欿歛泔淦澉矙轗酣鹻</sc>
					<reset>갑</reset>
					<sc>匣岬甲胛鉀閘韐</sc>
					<reset>강</reset>
					<sc>剛堈姜岡崗康强彊慷江畺疆糠絳綱羌腔舡薑襁講鋼降鱇傋僵壃忼扛杠橿殭矼穅繈罡羗羫茳豇韁</sc>
					<reset>개</reset>
					<sc>介价個凱塏愷愾慨改槪漑疥皆盖箇芥蓋鎧開剴匃揩槩玠磕闓</sc>
					<reset>객</reset>
					<sc>喀客</sc>
					<reset>갱</reset>
					<sc>坑粳羹硜賡鏗</sc>
					<reset>갹</reset>
					<s>醵</s>
					<reset>거</reset>
					<sc>倨去居巨拒据據擧渠炬祛距踞遽鉅鋸呿昛秬筥籧胠腒苣莒蕖蘧袪裾駏</sc>
					<reset>건</reset>
					<sc>乾件健巾建愆楗腱虔蹇鍵騫揵犍睷褰謇鞬</sc>
					<reset>걸</reset>
					<sc>乞傑杰桀乬朅榤</sc>
					<reset>검</reset>
					<sc>儉劍劒檢瞼鈐黔撿芡</sc>
					<reset>겁</reset>
					<sc>劫怯迲刦刧</sc>
					<reset>게</reset>
					<sc>偈憩揭</sc>
					<reset>격</reset>
					<sc>擊格檄激膈覡隔挌毄闃骼鬲鴃</sc>
					<reset>견</reset>
					<sc>堅牽犬甄絹繭肩見譴遣鵑樫狷畎筧縳繾羂蠲鰹</sc>
					<reset>결</reset>
					<sc>抉決潔結缺訣玦觖闋</sc>
					<reset>겸</reset>
					<sc>兼慊箝謙鉗鎌傔嗛岒拑歉縑蒹黚鼸</sc>
					<reset>경</reset>
					<sc>京俓倞傾儆勁勍卿坰境庚徑慶憬擎敬景暻更梗涇炅烱璟璥瓊痙硬磬竟競絅經耕耿脛莖警輕逕鏡頃頸驚鯨冏剄哽惸憼扃檠煢焭熲畊竸綆顈罄褧謦駉鯁黥</sc>
					<reset>계</reset>
					<sc>係啓堺契季屆悸戒桂械棨溪界癸磎稽系繫繼計誡谿階鷄堦烓瘈禊筓綮縘罽葪薊雞髻</sc>
					<reset>고</reset>
					<sc>古叩告呱固姑孤尻庫拷攷故敲暠枯槁沽痼皐睾稿羔考股膏苦苽菰藁蠱袴誥辜錮雇顧高鼓估凅刳塙杲栲槀槹櫜牯皋盬瞽稁箍篙糕罟羖翺胯觚詁郜酤鈷靠鴣鷱</sc>
					<reset>곡</reset>
					<sc>哭斛曲梏穀谷鵠嚳槲縠觳轂</sc>
					<reset>곤</reset>
					<sc>困坤崑昆梱棍滾琨袞鯤堃崐悃捆緄衮裍褌錕閫髡鵾鶤齫</sc>
					<reset>골</reset>
					<sc>汨骨搰榾矻鶻</sc>
					<reset>공</reset>
					<sc>供公共功孔工恐恭拱控攻珙空蚣貢鞏倥崆悾栱槓箜蛩蛬贛跫釭龔</sc>
					<reset>곶</reset>
					<s>串</s>
					<reset>과</reset>
					<sc>寡戈果瓜科菓誇課跨過鍋顆侉堝夥夸撾猓稞窠蝌裹踝銙騍</sc>
					<reset>곽</reset>
					<sc>廓槨藿郭椁癨躩霍鞹</sc>
					<reset>관</reset>
					<sc>冠官寬慣棺款灌琯瓘管罐菅觀貫關館丱涫爟盥祼窾筦綰輨錧鑵雚顴髖鸛</sc>
					<reset>괄</reset>
					<sc>刮恝括适佸栝筈聒髺鴰</sc>
					<reset>광</reset>
					<sc>侊光匡壙廣曠洸炚狂珖筐胱鑛恇桄框爌獷磺絖纊茪誆誑</sc>
					<reset>괘</reset>
					<sc>卦掛罫咼挂罣詿</sc>
					<reset>괴</reset>
					<sc>乖傀塊壞怪愧拐槐魁媿廥恠瑰璝蒯襘</sc>
					<reset>괵</reset>
					<s>馘</s>
					<reset>굉</reset>
					<sc>宏紘肱轟浤觥訇閎</sc>
					<reset>교</reset>
					<sc>交僑咬喬嬌嶠巧攪敎校橋狡皎矯絞翹膠蕎蛟較轎郊餃驕鮫佼嘄嘐噭嚙姣憍撟晈暞榷磽窖趫蹻鉸骹鵁齩</sc>
					<reset>구</reset>
					<sc>丘久九仇俱具勾區口句咎嘔坵垢寇嶇廐懼拘救枸柩構歐毆毬求溝灸狗玖球瞿矩究絿耉臼舅舊苟衢謳購軀逑邱鉤銶駒驅鳩鷗龜佉佝俅傴冓劬匶厹叴坸姤媾嫗屨岣彀戵扣捄搆摳昫榘漚璆甌疚痀癯窛窶篝糗胊蒟蚯裘覯詬遘釦韝韭韮颶駈鬮鷇鸜</sc>
					<reset>국</reset>
					<sc>國局菊鞠鞫麴匊掬跼麯</sc>
					<reset>군</reset>
					<sc>君窘群裙軍郡捃桾皸</sc>
					<reset>굴</reset>
					<sc>堀屈掘窟倔崛淈詘</sc>
					<reset>궁</reset>
					<sc>宮弓穹窮芎躬躳</sc>
					<reset>권</reset>
					<sc>倦券勸卷圈拳捲權淃眷勌惓棬睠綣蜷</sc>
					<reset>궐</reset>
					<sc>厥獗蕨蹶闕</sc>
					<reset>궤</reset>
					<sc>机櫃潰詭軌饋佹几劂匱憒撅樻氿簋繢跪闠餽麂</sc>
					<reset>귀</reset>
					<sc>晷歸貴鬼</sc>
					<reset>규</reset>
					<sc>叫圭奎揆槻珪硅窺竅糾葵規赳逵閨刲嫢嬀巋暌楏樛潙睽糺虬虯跬邽闚頍馗</sc>
					<reset>균</reset>
					<sc>勻均畇筠菌鈞囷麏</sc>
					<reset>귤</reset>
					<s>橘</s>
					<reset>극</reset>
					<sc>克剋劇戟棘極隙亟尅屐郄</sc>
					<reset>근</reset>
					<sc>僅劤勤懃斤根槿瑾筋芹菫覲謹近饉卺厪墐巹廑漌觔跟釿靳</sc>
					<reset>금</reset>
					<sc>今妗擒昑檎琴禁禽芩衾衿襟錦唫噤嶔笒黅</sc>
					<reset>급</reset>
					<sc>伋及急扱汲級給圾岌皀礏笈芨</sc>
					<reset>긍</reset>
					<sc>亘兢矜肯亙殑</sc>
					<reset>기</reset>
					<sc>企伎其冀嗜器圻基埼夔奇妓寄岐崎己幾忌技旗旣朞期杞棋棄機欺氣汽沂淇玘琦琪璂璣畸畿碁磯祁祇祈祺箕紀綺羈耆耭肌記譏豈起錡錤飢饑騎騏驥麒僛剞墍屺庋弃忮愭掎攲旂暣曁棊歧炁猉禨綥綦羇肵芪芰蘄虁蜝蟣覉覬跂隑頎鬐鰭黖</sc>
					<reset>긴</reset>
					<s>緊</s>
					<reset>길</reset>
					<sc>佶吉拮桔姞蛣</sc>
					<reset>김</reset>
					<s>金</s>
					<reset>끽</reset>
					<s>喫</s>
					<reset>나</reset>
					<sc>儺娜懦拏拿那挐挪梛糥糯</sc>
					<reset>낙</reset>
					<s>諾</s>
					<reset>난</reset>
					<sc>暖煖難偄煗赧餪</sc>
					<reset>날</reset>
					<sc>捏捺</sc>
					<reset>남</reset>
					<sc>南枏楠湳男喃柟</sc>
					<reset>납</reset>
					<sc>納衲</sc>
					<reset>낭</reset>
					<sc>囊娘曩</sc>
					<reset>내</reset>
					<sc>乃內奈柰耐匂奶嬭迺鼐</sc>
					<reset>녀</reset>
					<s>女</s>
					<reset>녁</reset>
					<s>惄</s>
					<reset>년</reset>
					<sc>年撚秊碾</sc>
					<reset>념</reset>
					<sc>念恬拈捻</sc>
					<reset>녕</reset>
					<sc>寧寗佞儜嚀濘</sc>
					<reset>노</reset>
					<sc>努奴弩怒瑙駑呶孥峱猱笯臑</sc>
					<reset>농</reset>
					<sc>濃膿農儂噥穠醲</sc>
					<reset>뇌</reset>
					<sc>惱腦餒</sc>
					<reset>뇨</reset>
					<sc>尿嫋嬲淖磠裊鐃</sc>
					<reset>누</reset>
					<sc>啂耨</sc>
					<reset>눈</reset>
					<s>嫩</s>
					<reset>눌</reset>
					<sc>訥吶肭</sc>
					<reset>뉴</reset>
					<sc>杻紐忸靵</sc>
					<reset>뉵</reset>
					<s>衄</s>
					<reset>능</reset>
					<s>能</s>
					<reset>니</reset>
					<sc>尼泥呢怩柅祢禰膩</sc>
					<reset>닉</reset>
					<sc>匿溺昵暱</sc>
					<reset>다</reset>
					<sc>多茶爹</sc>
					<reset>단</reset>
					<sc>丹亶但單團壇彖斷旦檀段湍短端簞緞蛋袒鄲鍛慱担椴漙癉耑胆腶蜑</sc>
					<reset>달</reset>
					<sc>撻澾獺疸達妲怛闥靼韃</sc>
					<reset>담</reset>
					<sc>啖坍憺擔曇淡湛潭澹痰聃膽蕁覃談譚錟儋啗噉墰壜毯禫罎薝郯黮黵</sc>
					<reset>답</reset>
					<sc>沓畓答踏遝</sc>
					<reset>당</reset>
					<sc>唐堂塘幢戇撞棠當糖螳黨倘儻党搪檔溏瑭璫瞠礑蟷襠讜鏜鐺餳餹</sc>
					<reset>대</reset>
					<sc>代垈坮大對岱帶待戴擡玳臺袋貸隊黛儓懟旲汏碓鐓</sc>
					<reset>댁</reset>
					<s>宅</s>
					<reset>덕</reset>
					<sc>德悳</sc>
					<reset>도</reset>
					<sc>倒刀到圖堵塗導屠島嶋度徒悼挑掉搗桃棹櫂淘渡滔濤燾盜睹禱稻萄覩賭跳蹈逃途道都鍍陶韜叨壔弢忉慆掏搯擣檮洮涂稌菟酴闍鞀鞱饕鼗</sc>
					<reset>독</reset>
					<sc>毒瀆牘犢獨督禿篤纛讀櫝黷</sc>
					<reset>돈</reset>
					<sc>墩惇敦旽暾沌焞燉豚頓弴潡躉</sc>
					<reset>돌</reset>
					<sc>乭突咄堗</sc>
					<reset>동</reset>
					<sc>仝冬凍動同憧東桐棟洞潼疼瞳童胴董銅侗僮哃垌峒彤朣橦涷艟苳茼蕫蝀錬鮗</sc>
					<reset>두</reset>
					<sc>兜斗杜枓痘竇荳豆逗頭抖斁肚脰蚪蠹陡</sc>
					<reset>둔</reset>
					<sc>屯臀芚遁遯鈍窀迍</sc>
					<reset>둘</reset>
					<s>乧</s>
					<reset>득</reset>
					<s>得</s>
					<reset>등</reset>
					<sc>嶝橙燈登等藤謄鄧騰凳墱滕磴籐縢螣鐙</sc>
					<reset>라</reset>
					<sc>喇懶癩羅蘿螺裸邏倮囉曪瘰砢臝鑼騾驘</sc>
					<reset>락</reset>
					<sc>洛烙珞絡落酪駱嗠犖</sc>
					<reset>란</reset>
					<sc>亂卵欄欒瀾爛蘭鸞嬾幱攔灓襴鑾闌</sc>
					<reset>랄</reset>
					<sc>剌辣埒辢</sc>
					<reset>람</reset>
					<sc>嵐擥攬欖濫籃纜藍襤覽婪惏</sc>
					<reset>랍</reset>
					<sc>拉臘蠟鑞</sc>
					<reset>랑</reset>
					<sc>廊朗浪狼琅瑯螂郞榔硠稂莨蜋閬</sc>
					<reset>래</reset>
					<sc>來崍徠萊淶騋</sc>
					<reset>랭</reset>
					<s>冷</s>
					<reset>략</reset>
					<sc>掠略畧</sc>
					<reset>량</reset>
					<sc>亮倆兩凉梁樑粮粱糧良諒輛量喨悢椋涼踉魎</sc>
					<reset>려</reset>
					<sc>侶儷勵呂廬慮戾旅櫚濾礪藜蠣閭驢驪麗黎儢厲唳梠癘糲膂臚蠡邌鑢</sc>
					<reset>력</reset>
					<sc>力曆歷瀝礫轢靂攊櫟櫪癧轣酈</sc>
					<reset>련</reset>
					<sc>憐戀攣漣煉璉練聯蓮輦連鍊孌楝湅臠鏈鰊鰱</sc>
					<reset>렬</reset>
					<sc>冽列劣洌烈裂挒捩颲</sc>
					<reset>렴</reset>
					<sc>廉斂殮濂簾奩瀲磏</sc>
					<reset>렵</reset>
					<sc>獵躐鬣</sc>
					<reset>령</reset>
					<sc>令伶囹岺嶺怜玲笭羚翎聆逞鈴零靈領齡另呤姈岭昤欞泠秢苓蛉軨鴒鹷</sc>
					<reset>례</reset>
					<sc>例澧禮醴隷隸鱧</sc>
					<reset>로</reset>
					<sc>勞撈擄櫓潞瀘爐盧老蘆虜路輅露魯鷺鹵壚滷玈癆窂艪艫轤鐪鑪顱髗鱸鸕</sc>
					<reset>록</reset>
					<sc>碌祿綠菉錄鹿麓圥彔淥漉簏轆騄</sc>
					<reset>론</reset>
					<s>論</s>
					<reset>롱</reset>
					<sc>壟弄朧瀧瓏籠聾儱攏曨礱蘢隴龎</sc>
					<reset>뢰</reset>
					<sc>儡瀨牢磊賂賚賴雷攂礌礧籟纇罍耒蕾誄酹顂</sc>
					<reset>료</reset>
					<sc>了僚寮廖料燎療瞭聊蓼遼鬧嘹嫽撩暸潦獠繚膋醪鐐飂飉</sc>
					<reset>룡</reset>
					<sc>龍龒</sc>
					<reset>루</reset>
					<sc>壘婁屢樓淚漏瘻累縷蔞褸鏤陋僂嘍嶁慺耬螻髏</sc>
					<reset>류</reset>
					<sc>劉旒柳榴流溜瀏琉瑠留瘤硫謬類橊縲纍遛鶹</sc>
					<reset>륙</reset>
					<sc>六戮陸勠</sc>
					<reset>륜</reset>
					<sc>侖倫崙淪綸輪掄</sc>
					<reset>률</reset>
					<sc>律慄栗嵂溧</sc>
					<reset>륭</reset>
					<sc>隆癃窿</sc>
					<reset>륵</reset>
					<sc>勒肋泐</sc>
					<reset>름</reset>
					<sc>凜凛廩澟</sc>
					<reset>릉</reset>
					<sc>凌楞稜綾菱陵倰蔆</sc>
					<reset>리</reset>
					<sc>俚利厘吏唎履悧李梨浬犁狸理璃痢籬罹羸莉裏裡里釐離鯉俐剺哩嫠涖漓离莅蜊螭貍邐魑黐</sc>
					<reset>린</reset>
					<sc>吝潾燐璘藺躪隣鱗麟嶙悋獜磷粦粼繗躙轔鄰鏻驎</sc>
					<reset>림</reset>
					<sc>林淋琳臨霖痳</sc>
					<reset>립</reset>
					<sc>砬立笠粒岦</sc>
					<reset>마</reset>
					<sc>摩瑪痲碼磨馬魔麻劘媽螞蟇麽麿</sc>
					<reset>막</reset>
					<sc>寞幕漠膜莫邈瞙鏌</sc>
					<reset>만</reset>
					<sc>万卍娩巒彎慢挽晩曼滿漫灣瞞萬蔓蠻輓饅鰻墁嫚幔縵謾蹣鏋鏝鬘</sc>
					<reset>말</reset>
					<sc>唜抹末沫茉襪靺帕秣</sc>
					<reset>망</reset>
					<sc>亡妄忘忙望網罔芒茫莽輞邙惘汒漭莾蟒魍</sc>
					<reset>매</reset>
					<sc>埋妹媒寐昧枚梅每煤罵買賣邁魅呆楳沬玫眛苺莓酶霉</sc>
					<reset>맥</reset>
					<sc>脈貊陌驀麥脉貃貘</sc>
					<reset>맹</reset>
					<sc>孟氓猛盲盟萌儚甍甿虻</sc>
					<reset>멱</reset>
					<sc>冪覓幎糸</sc>
					<reset>면</reset>
					<sc>免冕勉棉沔眄眠綿緬面麵俛湎糆緜麪</sc>
					<reset>멸</reset>
					<sc>滅蔑篾衊</sc>
					<reset>명</reset>
					<sc>冥名命明暝椧溟皿瞑茗蓂螟酩銘鳴洺</sc>
					<reset>몌</reset>
					<s>袂</s>
					<reset>모</reset>
					<sc>侮冒募姆帽慕摸摹暮某模母毛牟牡瑁眸矛耗芼茅謀謨貌侔姥媢嫫恈旄皃眊粍糢耄蝥蟊鉾髦</sc>
					<reset>목</reset>
					<sc>木沐牧目睦穆鶩凩苜</sc>
					<reset>몰</reset>
					<sc>歿沒</sc>
					<reset>몽</reset>
					<sc>夢朦蒙幪懞曚溕濛瞢矇艨雺鸏</sc>
					<reset>묘</reset>
					<sc>卯墓妙廟描昴杳渺猫竗苗錨淼眇藐貓</sc>
					<reset>무</reset>
					<sc>務巫憮懋戊拇撫无楙武毋無珷畝繆舞茂蕪誣貿霧鵡儛嘸廡膴騖</sc>
					<reset>묵</reset>
					<sc>墨默嘿</sc>
					<reset>문</reset>
					<sc>們刎吻問文汶紊紋聞蚊門雯匁悗懣抆捫炆璊</sc>
					<reset>물</reset>
					<sc>勿沕物</sc>
					<reset>미</reset>
					<sc>味媚尾嵋彌微未梶楣渼湄眉米美薇謎迷靡黴亹娓媄媺弥弭敉瀰獼糜縻苿蘼麋</sc>
					<reset>민</reset>
					<sc>岷悶愍憫敏旻旼民泯玟珉緡閔忞忟暋湣緍罠苠閩鰵黽</sc>
					<reset>밀</reset>
					<sc>密蜜謐樒滵</sc>
					<reset>박</reset>
					<sc>剝博拍搏撲朴樸泊珀璞箔粕縛膊舶薄迫雹駁亳欂牔鎛駮髆</sc>
					<reset>반</reset>
					<sc>伴半反叛拌搬攀斑槃泮潘班畔瘢盤盼磐磻礬絆般蟠返頒飯媻扳搫攽朌胖螌頖</sc>
					<reset>발</reset>
					<sc>勃拔撥渤潑發跋醱鉢髮魃哱浡脖鈸鵓</sc>
					<reset>방</reset>
					<sc>倣傍坊妨尨幇彷房放方旁昉枋榜滂磅紡肪膀舫芳蒡蚌訪謗邦防龐仿厖幫徬搒旊梆牓舽螃鎊髣魴</sc>
					<reset>배</reset>
					<sc>倍俳培徘拜排杯湃焙盃背胚裴裵褙賠輩配陪坏坯扒琲蓓</sc>
					<reset>백</reset>
					<sc>伯佰帛柏栢白百魄粨</sc>
					<reset>번</reset>
					<sc>幡樊煩燔番繁蕃藩飜繙翻膰蘩袢</sc>
					<reset>벌</reset>
					<sc>伐筏罰閥橃罸</sc>
					<reset>범</reset>
					<sc>凡帆梵氾汎泛犯範范笵訉颿</sc>
					<reset>법</reset>
					<sc>法琺</sc>
					<reset>벽</reset>
					<sc>僻劈壁擘檗璧癖碧蘗闢霹擗甓疈襞鷿鼊</sc>
					<reset>변</reset>
					<sc>卞弁變辨辯邊忭抃籩辮腁賆駢骿鴘</sc>
					<reset>별</reset>
					<sc>別瞥鱉鼈彆鷩</sc>
					<reset>병</reset>
					<sc>丙倂兵屛幷昞昺柄棅炳甁病秉竝輧餠騈並塀絣缾迸鈵鋲鉼</sc>
					<reset>보</reset>
					<sc>保堡報寶普步洑湺潽珤甫菩補褓譜輔俌盙簠葆靌鴇黼</sc>
					<reset>복</reset>
					<sc>伏僕匐卜宓復服福腹茯蔔複覆輹輻馥鰒墣幞扑濮箙菔蝠蝮鵩</sc>
					<reset>본</reset>
					<s>本</s>
					<reset>볼</reset>
					<s>乶</s>
					<reset>봉</reset>
					<sc>俸奉封峯峰捧棒烽熢琫縫蓬蜂逢鋒鳳丰夆篷綘菶鴌</sc>
					<reset>부</reset>
					<sc>不付俯傅剖副否咐埠夫婦孚孵富府扶敷斧浮溥父符簿缶腐腑膚艀芙莩訃負賦賻赴趺部釜阜附駙鳧仆俘媍抔拊掊桴榑涪玞祔筟罘罦胕芣苻蔀蚨蜉袝裒跗鈇頫鮒麩</sc>
					<reset>북</reset>
					<s>北</s>
					<reset>분</reset>
					<sc>分吩噴墳奔奮忿憤扮昐汾焚盆粉糞紛芬賁雰体坌帉枌棻棼氛湓濆犇畚砏笨肦膹蕡轒黺鼢</sc>
					<reset>불</reset>
					<sc>佛弗彿拂岪祓紱艴茀韍髴黻</sc>
					<reset>붕</reset>
					<sc>崩朋棚硼繃鵬堋漰鬅</sc>
					<reset>비</reset>
					<sc>丕備匕匪卑妃婢庇悲憊扉批斐枇榧比毖毗毘沸琵痺砒碑秕秘粃緋翡肥脾臂菲蜚裨誹譬費鄙非飛鼻仳俾剕圮埤妣屁庳悱棐椑沘淝淠濞狉狒痞痹睥祕篦紕羆腓芘芾萆蓖蚍貔贔轡邳郫閟陴霏鞴騑騛髀鼙</sc>
					<reset>빈</reset>
					<sc>嚬嬪彬斌檳殯浜濱瀕牝玭貧賓頻儐擯矉繽臏蘋豳邠鑌霦顰鬂鬢</sc>
					<reset>빙</reset>
					<sc>憑氷聘騁冰凭凴娉</sc>
					<reset>사</reset>
					<sc>乍事些仕伺似使俟僿史司唆嗣四士奢娑寫寺射巳師徙思捨斜斯柶査梭死沙泗渣瀉獅砂社祀祠私篩紗絲肆舍莎蓑蛇裟詐詞謝賜赦辭邪飼駟麝傞剚卸咋姒楂榭汜痧皶竢笥缷蜡覗駛魦鯊鰤</sc>
					<reset>삭</reset>
					<sc>削朔槊爍蒴鑠</sc>
					<reset>산</reset>
					<sc>傘刪山散汕珊産疝算蒜酸霰剷姍孿橵潸澘狻繖訕鏟閊毿</sc>
					<reset>살</reset>
					<sc>乷撒殺煞薩</sc>
					<reset>삼</reset>
					<sc>三杉森渗芟蔘衫糝釤鬖</sc>
					<reset>삽</reset>
					<sc>揷澁鈒颯卅唼歃翣鍤霅霎</sc>
					<reset>상</reset>
					<sc>上傷像償商喪嘗孀尙峠常床庠廂想桑橡湘爽牀狀相祥箱翔裳觴詳象賞霜塽徜晌殤甞緗鎟顙鬺</sc>
					<reset>새</reset>
					<sc>塞璽賽鰓</sc>
					<reset>색</reset>
					<sc>嗇穡索色槭濇瀒</sc>
					<reset>생</reset>
					<sc>牲生甥笙眚鉎</sc>
					<reset>서</reset>
					<sc>墅壻嶼序庶徐恕抒捿敍暑曙書栖棲犀瑞筮絮緖署胥舒薯西誓逝鋤黍鼠噬婿揟撕湑澨紓耡芧鉏</sc>
					<reset>석</reset>
					<sc>夕奭席惜昔晳析汐淅潟石碩蓆釋錫晰矽腊舃蜥鉐鼫</sc>
					<reset>선</reset>
					<sc>仙僊先善嬋宣扇敾旋渲煽琁瑄璇璿癬禪線繕羨腺膳船蘚蟬詵跣選銑鐥饍鮮墡嫙尟尠屳愃歚熯筅綫譔譱鏇騸鱓鱻</sc>
					<reset>설</reset>
					<sc>卨屑楔泄洩渫舌薛褻設說雪齧偰媟揲暬爇碟稧紲</sc>
					<reset>섬</reset>
					<sc>剡暹殲纖蟾贍閃陝孅憸摻睒譫銛韱</sc>
					<reset>섭</reset>
					<sc>攝涉燮囁懾灄聶躡鑷顳</sc>
					<reset>성</reset>
					<sc>城姓宬性惺成星晟猩珹盛省筬聖聲腥誠醒瑆騂</sc>
					<reset>세</reset>
					<sc>世勢歲洗稅笹細貰帨洒繐蛻</sc>
					<reset>소</reset>
					<sc>召嘯塑宵小少巢所掃搔昭梳沼消溯瀟炤燒甦疏疎瘙笑篠簫素紹蔬蕭蘇訴逍遡邵銷韶騷佋俏卲嗉埽塐愬捎樔泝筱箾繅翛膆艘蛸踈酥霄魈鮹鰺</sc>
					<reset>속</reset>
					<sc>俗屬束涑粟續謖贖速洬遬</sc>
					<reset>손</reset>
					<sc>孫巽損蓀遜飡飧飱</sc>
					<reset>솔</reset>
					<sc>率窣蟀</sc>
					<reset>송</reset>
					<sc>宋悚松淞訟誦送頌柗竦鬆</sc>
					<reset>쇄</reset>
					<sc>刷灑碎鎖惢曬瑣</sc>
					<reset>쇠</reset>
					<sc>衰釗</sc>
					<reset>수</reset>
					<sc>修受嗽囚垂壽嫂守岫峀帥愁戍手授搜收數樹殊水洙漱燧狩獸琇璲瘦睡秀穗竪粹綏綬繡羞脩茱蒐蓚藪袖誰讐輸遂邃酬銖銹隋隧隨雖需須首髓鬚叟售廋晬殳泅溲濉睟睢瞍祟籔脺膄膸讎豎陲颼饈</sc>
					<reset>숙</reset>
					<sc>叔塾夙孰宿淑潚熟琡璹肅菽俶倏儵婌橚驌鷫</sc>
					<reset>순</reset>
					<sc>巡徇循恂旬栒楯橓殉洵淳珣盾瞬筍純脣舜荀蓴蕣詢諄醇錞順馴侚狥盹眴紃肫駨鬊鶉</sc>
					<reset>술</reset>
					<sc>戌術述鉥絉</sc>
					<reset>숭</reset>
					<sc>崇崧嵩菘</sc>
					<reset>쉬</reset>
					<sc>倅淬焠</sc>
					<reset>슬</reset>
					<sc>瑟膝蝨虱</sc>
					<reset>습</reset>
					<sc>濕拾習褶襲慴熠隰</sc>
					<reset>승</reset>
					<sc>丞乘僧勝升承昇繩蠅陞塍鬙</sc>
					<reset>시</reset>
					<sc>侍匙嘶始媤尸屎屍市弑恃施是時枾柴猜矢示翅蒔蓍視試詩諡豕豺偲兕厮啻塒廝枲柹澌緦翤諟諰豉釃鍉顋</sc>
					<reset>식</reset>
					<sc>埴寔式息拭植殖湜熄篒蝕識軾食飾喰媳栻</sc>
					<reset>신</reset>
					<sc>伸侁信呻娠宸愼新晨燼申神紳腎臣莘薪藎蜃訊身辛迅哂噺囟姺汛矧脤贐頣駪</sc>
					<reset>실</reset>
					<sc>失室實悉蟋飋</sc>
					<reset>심</reset>
					<sc>審尋心沁深瀋甚芯諶梣潯燖葚鐔鱏</sc>
					<reset>십</reset>
					<sc>什十辻</sc>
					<reset>쌍</reset>
					<s>雙</s>
					<reset>씨</reset>
					<s>氏</s>
					<reset>아</reset>
					<sc>亞俄兒啞娥峨我牙芽莪蛾衙訝阿雅餓鴉鵝丫哦娿婀峩疴砑笌迓錏鵞</sc>
					<reset>악</reset>
					<sc>堊岳嶽幄惡愕握樂渥鄂鍔顎鰐齷偓卾咢喔噩腭萼覨諤鶚齶</sc>
					<reset>안</reset>
					<sc>安岸按晏案眼雁鞍顔鮟桉犴贋鴈</sc>
					<reset>알</reset>
					<sc>斡謁軋閼嘎戞揠穵訐遏頞鴶</sc>
					<reset>암</reset>
					<sc>唵岩巖庵暗癌菴闇啽媕嵓晻腤葊蓭諳頷馣黯</sc>
					<reset>압</reset>
					<sc>壓押狎鴨</sc>
					<reset>앙</reset>
					<sc>仰央怏昻殃秧鴦卬坱泱盎鞅</sc>
					<reset>애</reset>
					<sc>厓哀埃崖愛曖涯碍艾隘靄僾唉啀噯娭崕挨捱欸漄獃皚睚瞹磑礙薆藹靉騃</sc>
					<reset>액</reset>
					<sc>厄扼掖液縊腋額呝戹搤阨</sc>
					<reset>앵</reset>
					<sc>櫻罌鶯鸚嚶嫈罃鷪</sc>
					<reset>야</reset>
					<sc>也倻冶夜惹揶椰爺耶野埜</sc>
					<reset>약</reset>
					<sc>弱約若葯蒻藥躍爚禴篛籥鑰鰯鶸龠</sc>
					<reset>양</reset>
					<sc>佯壤孃恙揚攘敭暘楊樣洋瀁煬痒瘍禳穰羊襄讓釀陽養徉漾瀼烊癢眻蘘輰鑲颺驤</sc>
					<reset>어</reset>
					<sc>圄御於漁瘀禦語馭魚齬圉敔淤飫</sc>
					<reset>억</reset>
					<sc>億憶抑檍臆繶</sc>
					<reset>언</reset>
					<sc>偃堰彦焉言諺傿匽嫣讞鄢鼴鼹</sc>
					<reset>얼</reset>
					<sc>孼蘖臬</sc>
					<reset>엄</reset>
					<sc>俺儼嚴奄掩淹崦广曮罨醃閹</sc>
					<reset>업</reset>
					<sc>嶪業嶫鄴</sc>
					<reset>에</reset>
					<sc>恚曀</sc>
					<reset>엔</reset>
					<s>円</s>
					<reset>여</reset>
					<sc>予余如歟汝璵礖與艅茹輿轝餘舁</sc>
					<reset>역</reset>
					<sc>亦域役易疫繹譯逆驛嶧懌淢閾</sc>
					<reset>연</reset>
					<sc>嚥堧姸娟宴延捐挻椽沇沿涎涓淵演烟然煙燃燕硏硯筵緣縯衍軟鉛鳶兗囦埏嬿悁掾曣櫞渷臙莚蜵蠕讌鷰</sc>
					<reset>열</reset>
					<sc>悅涅熱閱噎</sc>
					<reset>염</reset>
					<sc>厭染炎焰琰艶苒閻髥鹽冉塩懕扊檿檶灎灩釅饜魘黶</sc>
					<reset>엽</reset>
					<sc>曄燁葉曅熀爗靨</sc>
					<reset>영</reset>
					<sc>塋嶸影映暎楹榮永泳渶潁濚瀛瀯煐營獰瑛瓔盈穎纓英詠迎鍈霙咏嬴嬰浧濴癭碤縈蠑贏郢韺</sc>
					<reset>예</reset>
					<sc>乂倪刈叡曳汭濊猊睿穢芮藝蘂裔詣譽豫銳霓預囈嫛拽掜枘獩睨瞖繄翳苅蕊蕋薉蚋蜺鯢鷖麑</sc>
					<reset>오</reset>
					<sc>五伍俉傲午吾吳嗚塢墺奧娛寤悟懊敖旿晤梧汚澳烏熬獒筽蜈誤鰲鼇仵俣唔嗷噁圬媪嫯忤慠捂汙窹聱茣襖謷迃迕遨鏊鏖隩驁鼯</sc>
					<reset>옥</reset>
					<sc>屋沃獄玉鈺</sc>
					<reset>온</reset>
					<sc>溫瑥瘟穩縕蘊媼慍昷氳熅薀轀醞韞饂鰮</sc>
					<reset>올</reset>
					<sc>兀嗢膃</sc>
					<reset>옹</reset>
					<sc>壅擁瓮甕癰翁邕雍饔喁廱滃癕禺罋蓊雝顒</sc>
					<reset>와</reset>
					<sc>渦瓦窩窪臥蛙蝸訛哇囮婐枙洼猧窊萵譌</sc>
					<reset>완</reset>
					<sc>婉完宛梡椀浣玩琓琬碗緩翫脘腕莞豌阮頑刓垸妧岏忨惋涴盌</sc>
					<reset>왈</reset>
					<s>曰</s>
					<reset>왕</reset>
					<sc>往旺枉汪王尫瀇迬</sc>
					<reset>왜</reset>
					<sc>倭娃歪矮媧</sc>
					<reset>외</reset>
					<sc>外嵬巍猥畏偎崴嵔渨煨碨磈聵隗</sc>
					<reset>요</reset>
					<sc>僥凹堯夭妖姚寥嶢拗搖撓擾曜橈燿瑤窈窯繇繞耀腰蟯要謠遙邀饒偠喓坳墝嬈幺徭徼殀澆祅穾窅蕘遶鷂</sc>
					<reset>욕</reset>
					<sc>慾欲浴縟褥辱溽蓐</sc>
					<reset>용</reset>
					<sc>俑傭冗勇埇墉容庸慂榕涌湧溶熔瑢用甬聳茸蓉踊鎔鏞傛宂嵱慵憃槦硧舂蛹踴</sc>
					<reset>우</reset>
					<sc>于佑偶優又友右宇寓尤愚憂旴牛玗瑀盂祐禑禹紆羽芋藕虞迂遇郵釪隅雨雩亏亴俁偊吁堣嵎庽杅疣盱竽耦耰謣踽鍝麀麌齲</sc>
					<reset>욱</reset>
					<sc>勖彧旭昱栯煜稶郁頊燠</sc>
					<reset>운</reset>
					<sc>云橒殞澐熉耘芸蕓運隕雲韻惲沄篔紜霣韵</sc>
					<reset>울</reset>
					<sc>蔚鬱亐</sc>
					<reset>웅</reset>
					<sc>熊雄</sc>
					<reset>원</reset>
					<sc>元原員圓園垣媛嫄寃怨愿援沅洹湲源爰猿瑗苑袁轅遠院願鴛冤圜杬楥猨綩芫薗蜿謜鋺騵鵷黿</sc>
					<reset>월</reset>
					<sc>月越鉞刖粤</sc>
					<reset>위</reset>
					<sc>位偉僞危圍委威尉慰暐渭爲瑋緯胃萎葦蔿蝟衛褘謂違韋魏喟幃煒熨痿葳衞諉逶闈韙韡餧骪</sc>
					<reset>유</reset>
					<sc>乳侑儒兪唯喩孺宥幼幽庾悠惟愈愉揄攸有柔柚楡楢油洧游濡猶猷瑜由癒維臾萸裕誘諛諭踰蹂遊逾遺酉釉鍮冘呦囿壝帷揉斿泑牖瘉瘐窬窳籲糅緌腴莠蕕蕤蚰蚴蝤褕讉逌鞣鮪黝鼬龥</sc>
					<reset>육</reset>
					<sc>堉毓肉育儥</sc>
					<reset>윤</reset>
					<sc>允奫尹潤玧胤贇鈗閏昀鋆</sc>
					<reset>율</reset>
					<sc>聿潏矞</sc>
					<reset>융</reset>
					<sc>戎瀜絨融狨</sc>
					<reset>은</reset>
					<sc>垠恩慇殷誾銀隱听嚚圁垽憖檼溵狺珢癮訔鄞齗</sc>
					<reset>을</reset>
					<sc>乙鳦</sc>
					<reset>음</reset>
					<sc>吟淫蔭陰音飮喑崟廕愔霪</sc>
					<reset>읍</reset>
					<sc>揖泣邑悒挹浥</sc>
					<reset>응</reset>
					<sc>凝應膺鷹</sc>
					<reset>의</reset>
					<sc>依倚儀宜意懿擬椅毅疑矣義艤薏蟻衣誼議醫儗凒劓嶷欹漪猗礒螘饐</sc>
					<reset>이</reset>
					<sc>二以伊夷姨已弛彛怡爾珥異痍移而耳肄苡荑貽貳邇飴餌咿坨尔彝栮洟珆訑詑迤隶</sc>
					<reset>익</reset>
					<sc>瀷益翊翌翼謚弋熤鷁</sc>
					<reset>인</reset>
					<sc>人仁刃印咽因姻寅引忍湮絪茵蚓認靭靷仞堙夤婣扨氤洇禋籾芢裀</sc>
					<reset>일</reset>
					<sc>一佚佾壹日溢逸鎰馹泆軼</sc>
					<reset>임</reset>
					<sc>任壬妊姙恁稔荏賃絍衽銋飪</sc>
					<reset>입</reset>
					<sc>入卄廿</sc>
					<reset>잉</reset>
					<sc>仍剩孕芿媵</sc>
					<reset>자</reset>
					<sc>仔刺咨姉姿子字孜恣慈滋炙煮玆瓷疵磁紫者自茨蔗藉諮資雌呰嬨孖孶柘泚牸眥眦粢耔胾茈茲莿虸觜訾貲赭鎡頿髭鮓鶿鷓</sc>
					<reset>작</reset>
					<sc>作勺嚼斫昨灼炸爵綽芍酌雀鵲岝怍斱柞汋焯犳碏</sc>
					<reset>잔</reset>
					<sc>孱棧殘潺盞剗戔驏</sc>
					<reset>잠</reset>
					<sc>岑暫潛箴簪蠶涔潜濳</sc>
					<reset>잡</reset>
					<sc>雜卡囃眨磼襍</sc>
					<reset>장</reset>
					<sc>丈仗匠場墻壯奬將帳庄張掌暲杖樟檣欌漿牆獐璋章粧腸臟臧莊葬蔣薔藏裝贓醬長障傽奘妝嬙嶂廧戕漳牂瘴糚羘萇装賬鄣鏘餦麞</sc>
					<reset>재</reset>
					<sc>再哉在宰才材栽梓渽滓災縡裁財載齋齎夈崽扗榟灾纔</sc>
					<reset>쟁</reset>
					<sc>爭箏諍錚崢猙琤鎗</sc>
					<reset>저</reset>
					<sc>佇低儲咀姐底抵杵楮樗沮渚狙猪疽箸紵苧菹著藷詛貯躇這邸雎齟宁岨杼柢氐潴瀦牴罝羝苴蛆袛褚觝詆豬陼</sc>
					<reset>적</reset>
					<sc>勣吊嫡寂摘敵滴狄的積笛籍績翟荻謫賊赤跡蹟迪迹適鏑樀磧糴菂覿逖馰</sc>
					<reset>전</reset>
					<sc>佃佺傳全典前剪塡塼奠專展廛悛戰栓殿氈澱煎琠田甸畑癲筌箋箭篆纏詮輾轉鈿銓錢鐫電顚顫餞吮囀嫥屇巓戩揃旃栴槇湔澶牋瑱甎畋畠痊癜磚籛羶翦腆膞荃躔輇邅鄽鋑錪靛靦顓飦餰鬋鱣鸇</sc>
					<reset>절</reset>
					<sc>切截折浙癤竊節絶岊晢窃</sc>
					<reset>점</reset>
					<sc>占岾店漸点粘霑鮎點佔墊玷笘簟苫蔪蛅覘颭黏</sc>
					<reset>접</reset>
					<sc>接摺蝶椄楪蜨跕蹀鰈</sc>
					<reset>정</reset>
					<sc>丁井亭停偵呈姃定幀庭廷征情挺政整旌晶晸柾楨檉正汀淀淨渟湞瀞炡玎珽町睛碇禎程穽精綎艇訂諪貞鄭酊釘鉦鋌錠霆靖靜頂鼎佂叮婧婷怔掟桯梃棖灯珵疔筳莛証遉酲鋥靚</sc>
					<reset>제</reset>
					<sc>制劑啼堤帝弟悌提梯濟祭第臍薺製諸蹄醍除際霽題齊儕娣擠猘瑅睇禔稊緹踶蹏躋鍗隄韲鮧鯷</sc>
					<reset>조</reset>
					<sc>俎兆凋助嘲弔彫措操早晁曺曹朝條棗槽漕潮照燥爪璪眺祖祚租稠窕粗糟組繰肇藻蚤詔調趙躁造遭釣阻雕鳥佻傮刁厝嘈噪嬥徂懆找殂澡琱皁祧竈笊糙糶絩絛胙臊艚蔦蜩誂譟鈟銚鋽鯛鵰鼂</sc>
					<reset>족</reset>
					<sc>族簇足鏃瘯</sc>
					<reset>존</reset>
					<sc>存尊拵</sc>
					<reset>졸</reset>
					<sc>卒拙猝</sc>
					<reset>종</reset>
					<sc>倧宗從悰慫棕淙琮種終綜縱腫踪踵鍾鐘伀慒柊椶樅瑽瘇粽螽蹤</sc>
					<reset>좌</reset>
					<sc>佐坐左座挫剉痤莝髽</sc>
					<reset>죄</reset>
					<s>罪</s>
					<reset>주</reset>
					<sc>主住侏做姝胄呪周嗾奏宙州廚晝朱柱株注洲湊澍炷珠疇籌紂紬綢舟蛛註誅走躊輳週酎酒鑄駐丟侜儔尌幬拄硃籒肘腠蔟蛀裯詋賙趎輈遒鉒霌霔鼄</sc>
					<reset>죽</reset>
					<sc>竹粥</sc>
					<reset>준</reset>
					<sc>俊儁准埈寯峻晙樽浚準濬焌畯竣蠢逡遵雋駿噂埻墫惷撙皴綧罇踆蹲鐏隼餕鱒鵔</sc>
					<reset>줄</reset>
					<sc>茁乼</sc>
					<reset>중</reset>
					<sc>中仲衆重眾</sc>
					<reset>즉</reset>
					<sc>卽即喞</sc>
					<reset>즐</reset>
					<sc>櫛騭</sc>
					<reset>즙</reset>
					<sc>楫汁葺檝蕺</sc>
					<reset>증</reset>
					<sc>增憎曾拯烝甑症繒蒸證贈嶒矰罾</sc>
					<reset>지</reset>
					<sc>之只咫地址志持指摯支旨智枝枳止池沚漬知砥祉祗紙肢脂至芝芷蜘誌贄趾遲坻墀扺榰泜痣秪篪舐踟躓軹阯鮨鷙</sc>
					<reset>직</reset>
					<sc>直稙稷織職禝</sc>
					<reset>진</reset>
					<sc>唇嗔塵振搢晉晋桭榛殄津溱珍瑨璡畛疹盡眞瞋秦縉縝臻蔯袗診賑軫辰進鎭陣陳震侲儘珒稹蓁螴趁鉁鬒</sc>
					<reset>질</reset>
					<sc>侄叱姪嫉帙桎瓆疾秩窒膣蛭質跌迭垤絰蒺郅鑕</sc>
					<reset>짐</reset>
					<sc>斟朕鴆</sc>
					<reset>집</reset>
					<sc>執潗緝輯鏶集咠戢</sc>
					<reset>징</reset>
					<sc>徵懲澄澂瀓癥瞪</sc>
					<reset>차</reset>
					<sc>且侘借叉嗟嵯差次此磋箚蹉車遮佽偖奓岔徣槎瑳硨</sc>
					<reset>착</reset>
					<sc>捉搾着窄錯鑿齪戳擉斲</sc>
					<reset>찬</reset>
					<sc>撰澯燦璨瓚竄簒纂粲纘讚贊鑽餐饌儧儹劗巑攢欑爨趲</sc>
					<reset>찰</reset>
					<sc>刹察擦札紮扎拶</sc>
					<reset>참</reset>
					<sc>僭參塹慘慙懺斬站讒讖儳叅嶄巉慚憯攙槧欃毚譖鏨鑱饞驂黲</sc>
					<reset>창</reset>
					<sc>倉倡創唱娼廠彰愴敞昌昶暢槍滄漲猖瘡窓脹艙菖蒼倀傖凔刱悵惝戧搶椙氅瑲窗窻蹌鋹錆閶鬯鶬</sc>
					<reset>채</reset>
					<sc>債埰寀寨彩採砦綵菜蔡采釵棌茝</sc>
					<reset>책</reset>
					<sc>冊柵策責嘖幘磔笧簀蚱</sc>
					<reset>처</reset>
					<sc>凄妻悽處淒萋褄覷郪</sc>
					<reset>척</reset>
					<sc>倜剔尺慽戚拓擲斥滌瘠脊蹠陟隻呎坧塉惕捗摭蜴跖躑</sc>
					<reset>천</reset>
					<sc>仟千喘天川擅泉淺玔穿舛薦賤踐遷釧闡阡韆俴倩僢儃洊濺瓩祆粁臶芊茜荐蒨蕆蚕辿靝</sc>
					<reset>철</reset>
					<sc>凸哲喆徹撤澈綴輟轍鐵剟啜埑惙掇歠銕錣飻餮</sc>
					<reset>첨</reset>
					<sc>僉尖沾添甛瞻簽籤詹諂幨忝惉檐櫼瀸簷襜</sc>
					<reset>첩</reset>
					<sc>堞妾帖捷牒疊睫諜貼輒倢呫喋怗褺</sc>
					<reset>청</reset>
					<sc>廳晴淸聽菁請靑鯖凊圊蜻鶄</sc>
					<reset>체</reset>
					<sc>剃替涕滯締諦逮遞體嚏彘棣殢砌蒂蔕蕞軆靆髰</sc>
					<reset>초</reset>
					<sc>初剿哨憔抄招梢椒楚樵炒焦硝礁礎秒稍肖艸苕草蕉貂超酢醋醮偢僬劭勦噍嫶岧峭嶕怊悄愀杪燋綃耖誚譙趠軺迢鈔鍫鍬鞘顦髫鷦齠</sc>
					<reset>촉</reset>
					<sc>促囑燭矗蜀觸曯爥矚薥躅髑</sc>
					<reset>촌</reset>
					<sc>寸忖村邨吋</sc>
					<reset>총</reset>
					<sc>叢塚寵悤憁摠總聰蔥銃葱蓯鏦騘驄</sc>
					<reset>촬</reset>
					<s>撮</s>
					<reset>최</reset>
					<sc>催崔最嘬摧榱漼璀磪縗脧</sc>
					<reset>추</reset>
					<sc>墜抽推椎楸樞湫皺秋芻萩諏趨追鄒酋醜錐錘鎚雛騶鰍僦啾娵帚惆捶揫搥甃瘳龝箒箠簉縋縐蒭陬隹鞦騅魋鰌鵻鶖鶵麄麤</sc>
					<reset>축</reset>
					<sc>丑畜祝竺筑築縮蓄蹙蹴軸逐妯舳豖蹜鼀</sc>
					<reset>춘</reset>
					<sc>春椿瑃</sc>
					<reset>출</reset>
					<sc>出朮黜秫</sc>
					<reset>충</reset>
					<sc>充忠沖蟲衝衷冲忡珫</sc>
					<reset>췌</reset>
					<sc>悴膵萃贅惴揣疩瘁顇</sc>
					<reset>취</reset>
					<sc>取吹嘴娶就炊翠聚脆臭趣醉驟鷲冣橇毳</sc>
					<reset>측</reset>
					<sc>側仄厠惻測廁昃</sc>
					<reset>층</reset>
					<s>層</s>
					<reset>치</reset>
					<sc>侈値嗤峙幟恥梔治淄熾痔痴癡稚穉緇緻置致蚩輜雉馳齒卮哆寘巵畤痓絺菑薙褫豸跱錙阤鯔鴙鴟鵄</sc>
					<reset>칙</reset>
					<sc>則勅飭敕</sc>
					<reset>친</reset>
					<sc>親櫬藽襯齔</sc>
					<reset>칠</reset>
					<sc>七柒漆</sc>
					<reset>침</reset>
					<sc>侵寢枕沈浸琛砧針鍼寖忱椹沉郴鋟駸</sc>
					<reset>칩</reset>
					<s>蟄</s>
					<reset>칭</reset>
					<sc>秤稱</sc>
					<reset>쾌</reset>
					<sc>快噲夬</sc>
					<reset>타</reset>
					<sc>他咤唾墮妥惰打拖朶楕舵陀馱駝佗垞拕柁橢沱詫跎躱駞鮀鴕鼉</sc>
					<reset>탁</reset>
					<sc>倬卓啄坼托擢晫柝濁濯琢琸託鐸拆橐沰涿矺籜蘀踔逴</sc>
					<reset>탄</reset>
					<sc>呑嘆坦彈憚歎灘炭綻誕憻攤殫癱驒</sc>
					<reset>탈</reset>
					<sc>奪脫侻</sc>
					<reset>탐</reset>
					<sc>探眈耽貪嗿忐酖</sc>
					<reset>탑</reset>
					<sc>塔搭榻傝塌搨</sc>
					<reset>탕</reset>
					<sc>宕帑湯蕩燙盪碭蘯</sc>
					<reset>태</reset>
					<sc>兌台太怠態殆汰泰笞胎苔跆邰颱埭娧孡抬迨駄駘</sc>
					<reset>택</reset>
					<sc>擇澤</sc>
					<reset>탱</reset>
					<sc>撑撐牚</sc>
					<reset>터</reset>
					<s>攄</s>
					<reset>토</reset>
					<sc>兎吐土討</sc>
					<reset>톤</reset>
					<sc>噋噸瓲</sc>
					<reset>통</reset>
					<sc>慟桶痛筒統通恫樋筩</sc>
					<reset>퇴</reset>
					<sc>堆槌腿褪退頹隤</sc>
					<reset>투</reset>
					<sc>偸套妬投透鬪妒渝骰</sc>
					<reset>퉁</reset>
					<s>佟</s>
					<reset>특</reset>
					<sc>慝特忒</sc>
					<reset>틈</reset>
					<s>闖</s>
					<reset>파</reset>
					<sc>坡婆巴把播擺杷波派爬琶破罷芭跛頗叵妑岥怕灞爸玻皤笆簸耙菠葩鄱</sc>
					<reset>판</reset>
					<sc>判坂板版瓣販辦鈑阪汴</sc>
					<reset>팔</reset>
					<sc>八叭捌朳汃</sc>
					<reset>패</reset>
					<sc>佩唄悖敗沛浿牌狽稗覇貝孛旆珮霈霸</sc>
					<reset>팽</reset>
					<sc>彭澎烹膨砰祊蟚蟛</sc>
					<reset>퍅</reset>
					<s>愎</s>
					<reset>편</reset>
					<sc>便偏扁片篇編翩遍鞭騙匾徧惼緶艑萹蝙褊諞</sc>
					<reset>폄</reset>
					<sc>貶砭窆</sc>
					<reset>평</reset>
					<sc>坪平枰萍評怦抨泙苹蓱鮃</sc>
					<reset>폐</reset>
					<sc>吠嬖幣廢弊斃肺蔽閉陛敝狴獘癈</sc>
					<reset>포</reset>
					<sc>佈包匍匏咆哺圃布怖抛抱捕泡浦疱砲胞脯苞葡蒲袍褒逋鋪飽鮑儤庖晡曓炮炰舖誧鉋鞄餔鯆</sc>
					<reset>폭</reset>
					<sc>幅暴曝瀑爆</sc>
					<reset>표</reset>
					<sc>俵剽彪慓杓標漂瓢票表豹飇飄驃僄勡嘌嫖摽殍熛縹裱鏢鑣髟鰾</sc>
					<reset>품</reset>
					<sc>品稟禀</sc>
					<reset>풍</reset>
					<sc>楓諷豊風馮瘋葑</sc>
					<reset>피</reset>
					<sc>彼披疲皮被避陂詖辟鞁髲</sc>
					<reset>픽</reset>
					<s>腷</s>
					<reset>필</reset>
					<sc>匹弼必泌珌畢疋筆苾馝佖咇滭篳罼蓽觱蹕鞸韠駜鵯</sc>
					<reset>핍</reset>
					<sc>乏逼偪</sc>
					<reset>하</reset>
					<sc>下何厦夏廈昰河瑕荷蝦賀遐霞鰕呀嚇岈懗煆瘕罅鍜</sc>
					<reset>학</reset>
					<sc>壑學虐謔鶴狢瘧皬确郝鷽</sc>
					<reset>한</reset>
					<sc>寒恨悍旱汗漢澣瀚罕翰閑閒限韓僩嫺嫻捍暵閈駻鷳鼾</sc>
					<reset>할</reset>
					<sc>割轄瞎</sc>
					<reset>함</reset>
					<sc>函含咸啣喊檻涵緘艦銜陷鹹莟菡諴轞闞</sc>
					<reset>합</reset>
					<sc>合哈盒蛤閤闔陜匌嗑柙榼溘盍郃</sc>
					<reset>항</reset>
					<sc>亢伉姮嫦巷恒抗杭桁沆港缸肛航項夯恆炕缿頏</sc>
					<reset>해</reset>
					<sc>亥偕咳垓奚孩害懈楷海瀣蟹解該諧邂駭骸咍嶰廨欬獬瑎痎薤醢頦鮭</sc>
					<reset>핵</reset>
					<sc>劾核翮覈</sc>
					<reset>행</reset>
					<sc>倖幸杏荇行悻</sc>
					<reset>향</reset>
					<sc>享向嚮珦鄕響餉饗香薌</sc>
					<reset>허</reset>
					<sc>噓墟虛許歔</sc>
					<reset>헌</reset>
					<sc>憲櫶獻軒巚幰攇</sc>
					<reset>헐</reset>
					<s>歇</s>
					<reset>험</reset>
					<sc>險驗嶮獫玁</sc>
					<reset>혁</reset>
					<sc>奕爀赫革弈洫焱鬩</sc>
					<reset>현</reset>
					<sc>俔峴弦懸晛泫炫玄玹現眩睍絃絢縣舷衒賢鉉顯儇嬛昡琄痃県繯翾蜆誢鋗駽</sc>
					<reset>혈</reset>
					<sc>孑穴血頁絜趐</sc>
					<reset>혐</reset>
					<s>嫌</s>
					<reset>협</reset>
					<sc>俠協夾峽挾浹狹脅脇莢鋏頰匧叶埉恊悏愜篋</sc>
					<reset>형</reset>
					<sc>亨兄刑型形泂滎瀅灐炯熒珩瑩荊螢衡逈邢鎣馨夐娙詗迥陘</sc>
					<reset>혜</reset>
					<sc>兮彗惠慧暳蕙蹊醯鞋傒嘒寭徯槥盻謑譿</sc>
					<reset>호</reset>
					<sc>乎互呼壕壺好岵弧戶扈昊晧毫浩淏湖滸澔濠濩灝狐琥瑚瓠皓祜糊縞胡芦葫蒿虎號蝴護豪鎬頀顥儫冱嘷嫭嫮怙沍滈滬犒猢皜皞箎聕醐餬鬍</sc>
					<reset>혹</reset>
					<sc>惑或酷</sc>
					<reset>혼</reset>
					<sc>婚昏混渾琿魂圂惛溷焜閽</sc>
					<reset>홀</reset>
					<sc>忽惚笏囫</sc>
					<reset>홍</reset>
					<sc>哄弘汞泓洪烘紅虹訌鴻晎澒篊鉷鬨</sc>
					<reset>화</reset>
					<sc>化和嬅樺火畵禍禾花華話譁貨靴俰嘩婲擭畫驊龢</sc>
					<reset>확</reset>
					<sc>擴攫確碻穫矍矡礭鑊</sc>
					<reset>환</reset>
					<sc>丸喚奐宦幻患換歡晥桓渙煥環紈還驩鰥寰懽擐瓛皖睆絙豢轘鍰鐶鬟</sc>
					<reset>활</reset>
					<sc>活滑猾豁闊蛞</sc>
					<reset>황</reset>
					<sc>凰幌徨恍惶愰慌晃晄榥況湟滉潢煌璜皇篁簧荒蝗遑隍黃喤媓怳瑝肓貺鎤</sc>
					<reset>회</reset>
					<sc>匯回廻徊恢悔懷晦會檜淮澮灰獪繪膾茴蛔誨賄佪栃洄滙盔詼迴頮鱠</sc>
					<reset>획</reset>
					<sc>劃獲嚄</sc>
					<reset>횡</reset>
					<sc>宖橫鐄澋鈜黌</sc>
					<reset>효</reset>
					<sc>哮嚆孝效斅曉梟涍淆爻肴酵驍傚囂崤殽熇皛虓餚</sc>
					<reset>후</reset>
					<sc>侯候厚后吼喉嗅帿後朽煦珝逅吽喣垕堠涸猴篌詡譃酗餱</sc>
					<reset>훈</reset>
					<sc>勛勳塤壎焄熏燻薰訓暈曛爋獯纁葷鑂</sc>
					<reset>훌</reset>
					<s>欻</s>
					<reset>훙</reset>
					<s>薨</s>
					<reset>훤</reset>
					<sc>喧暄煊萱烜諠諼</sc>
					<reset>훼</reset>
					<sc>卉喙毁燬芔虫虺</sc>
					<reset>휘</reset>
					<sc>彙徽揮暉煇諱輝麾撝翬</sc>
					<reset>휴</reset>
					<sc>休携烋畦虧咻擕隳髹鵂</sc>
					<reset>휼</reset>
					<sc>恤譎鷸卹</sc>
					<reset>흉</reset>
					<sc>兇凶匈洶胸恟胷</sc>
					<reset>흑</reset>
					<s>黑</s>
					<reset>흔</reset>
					<sc>昕欣炘痕很忻掀焮訢釁</sc>
					<reset>흘</reset>
					<sc>吃屹紇訖仡汔疙迄齕</sc>
					<reset>흠</reset>
					<sc>欠欽歆廞</sc>
					<reset>흡</reset>
					<sc>吸恰洽翕噏歙潝翖</sc>
					<reset>흥</reset>
					<s>興</s>
					<reset>희</reset>
					<sc>僖凞喜噫囍姬嬉希憙憘戱晞曦熙熹熺犧禧稀羲咥唏嘻悕戲暿欷燹爔豨餼</sc>
					<reset>힐</reset>
					<sc>詰犵纈襭頡黠</sc>
				</rules>
			</collation  >
		</collations>
</ldml>
