<?xml version="1.0" encoding="UTF-8" ?>
<!DOCTYPE ldml SYSTEM "http://www.unicode.org/cldr/dtd/1.4/ldml.dtd">
<!--
	Prepared by: R. Hari, Sr. IT Specialist, IBM India Ltd., India
	Inputs from : Dr. V. Saratchandran Nair, Principal, South Regional
	Language Centre, Mysore, India
	Last update: 27/September/2004
	UCA tailoring by Vladimir Weinstein 10/05/2004
-->
<ldml draft = "true">
	<identity>
		<version number="$Revision: 1.7 $"/>
		<generation date="$Date: 2006/02/08 22:20:17 $"/>
		<language type="ml" /> 
	</identity>
		<collations  validSubLocales="ml_IN">
			<collation type="standard"
references="R. Hari, Sr. IT Specialist, IBM India Ltd., India
	Inputs from : Dr. V. Saratchandran Nair, Principal, South Regional
	Language Centre, Mysore, India" >
				<settings normalization="on"  />
				<rules>
					<reset>ല</reset>
					<p>വ</p>
					<reset>ഴ</reset>
					<p>റ</p>
					<reset>ഹ</reset>
					<p>ഃ</p>
					<p>ം</p>
				</rules>
			</collation  >
<collation type="standard"
references="Grundert: Malayalam-English Dictionary ISBN:8120600665 http://www.eki.ee/wgrs/rom1_ml.pdf"
draft="true" alt="proposed">
<settings normalization="on"/>
<rules>

<!--
The following tailoring is an adjustment of the
DUCET collation order for ANUSVARA and VISARGA.
Instead of being sorted with secondary weights,
they are collated on primary level between the
independent vowels and the consonants.
-->
<reset>ഔ</reset>
<p>ം</p>
<p>ഃ</p>

<!--
The following tailoring is an adjustment of the
DUCET collation order for LLA and LLLA. Instead
of being sorted after LA, LLA and LLLA is sorted
after HA.
-->
<reset>ഹ</reset>
<p>ള</p>
<p>ഴ</p>

<!--
Chillu K  is sorted before KA.
Chillu NN is sorted before NNA.
Chillu N  is sorted before NA.
Chillu RR is sorted before RRA.
Chillu L  is sorted before LA.
Chillu LL is sorted before LLA.
-->
<reset before="primary">ക</reset>
<p>ക്‍</p>
<reset before="primary">ണ</reset>
<p>ണ്‍</p>
<reset before="primary">ന</reset>
<p>ന്‍</p>
<reset before="primary">റ</reset>
<p>ര്‍</p>
<i>റ്‍</i>
<reset before="primary">ല</reset>
<p>ല്‍</p>
<reset before="primary">ള</reset>
<p>ള്‍</p>

</rules>
</collation>
		</collations>
</ldml>
