<?xml version="1.0" encoding="UTF-8" ?>
<!DOCTYPE ldml SYSTEM "http://www.unicode.org/cldr/dtd/1.4/ldml.dtd">
<!--
 	Prepared by: R. Hari, Sr. IT Specialist, IBM India Ltd., India
	Inputs from : Dr. B.L. Mohanty, Lecturer, Eastern Regional Language
	Centre, Bhubaneswar, India
	Last update: 27/September/2004
	UCA tailoring by Vladimir Weinstein 10/04/2004
-->
<ldml draft = "true">
	<identity>
		<version number="$Revision: 1.7 $"/>
		<generation date="$Date: 2006/02/08 22:26:00 $"/>
		<language type="or" /> 
	</identity>
		<collations  validSubLocales="or_IN">
			<collation type="standard" references="
 	Prepared by: R. Hari, Sr. IT Specialist, IBM India Ltd., India
	Inputs from : Dr. B.L. Mohanty, Lecturer, Eastern Regional Language
	Centre, Bhubaneswar, India
">
				<settings normalization="on"  />
				<rules>
					<reset>ହ</reset>
					<p>କ୍ଷ</p>
					<pc>ଡ଼ଢ଼ୟୱଵଂଃଁ଼୍</pc>
					<!-- UCA continues with ଽ, avagraha, and
					the rest of the order is correct (weiv)-->
				</rules>
			</collation  >
<collation type="standard"
references="Grundy: The Concise Oriya-English Dictionary ISBN:8120616995 http://www.eki.ee/wgrs/rom1_or.pdf"
draft="true" alt="proposed">
<settings normalization="on"/>
<rules>

<!--
The following tailoring is an adjustment of the
DUCET collation order for ANUSVARA, CANDRABINDU,
and VISARGA. Instead of being sorted with secondary
weights, they are collated on primary level between
the independent vowels and the consonants.
-->
<reset>ଔ</reset>
<p>ଂ</p>
<p>ଁ</p>
<p>ଃ</p>

<!--
KSSA is sorted after HA.
-->
<reset>ହ</reset>
<p>କ୍ଷ</p>

<!--
YYA is secondary different from YA.
-->
<reset>ଯ</reset>
<s>ୟ</s>

</rules>
</collation>
		</collations>
</ldml>
