<?xml version="1.0" encoding="UTF-8" ?>
<!DOCTYPE ldml SYSTEM "http://www.unicode.org/cldr/dtd/1.4/ldml.dtd">
<ldml>
	<identity>
		<version number="$Revision: 1.22 $"/>
		<generation date="$Date: 2006/02/09 19:14:02 $"/>
		<language type="pa" /> 
	</identity>
		<collations  validSubLocales="pa_IN">
			<collation type="standard" >
				<settings normalization="on"  />
			</collation  >
			<collation type="standard" references="Punjabi University: Punjabi-English Dictionary
ISBN:8173800960" draft="true" alt="proposed">
			<settings normalization="on"/>
			<rules>
				<reset>ੱ</reset>
					<s>ੰ</s>
					<s>ਂ</s>
					<s>ਁ</s>
					<s>਼</s>
        <reset>ੜ</reset>
            <p>੍</p>
    </rules>
</collation>

		</collations>
</ldml>
