<?xml version="1.0" encoding="UTF-8" ?>
<!DOCTYPE ldml SYSTEM "http://www.unicode.org/cldr/dtd/1.4/ldml.dtd">
<ldml>
	<identity>
		<version number="$Revision: 1.20 $"/>
		<generation date="$Date: 2005/10/27 09:07:12 $"/>
		<language type="pl" /> 
	</identity>
	<collations  validSubLocales="pl_PL">
		<collation type="standard" >
			<rules>
				<reset>A</reset>
				<p>ą</p>
				<t>Ą</t>
				<reset>C</reset>
				<p>ć</p>
				<t>Ć</t>
				<reset>E</reset>
				<p>ę</p>
				<t>Ę</t>
				<reset>L</reset>
				<p>ł</p>
				<t>Ł</t>
				<reset>N</reset>
				<p>ń</p>
				<t>Ń</t>
				<reset>O</reset>
				<p>ó</p>
				<t>Ó</t>
				<reset>S</reset>
				<p>ś</p>
				<t>Ś</t>
				<reset>Z</reset>
				<p>ź</p>
				<t>Ź</t>
				<p>ż</p>
				<t>Ż</t>
			</rules>
		</collation  >
	</collations>
</ldml>
