<?xml version="1.0" encoding="UTF-8" ?>
<!DOCTYPE ldml SYSTEM "http://www.unicode.org/cldr/dtd/1.4/ldml.dtd">
<ldml>
	<identity>
		<version number="$Revision: 1.23 $"/>
		<generation date="$Date: 2005/11/30 00:37:48 $"/>
		<language type="sk" /> 
	</identity>
		<collations  validSubLocales="sk_SK">
			<collation type="standard" >
				<rules>
					<reset>A</reset>
					<p>ä</p>
					<t>Ä</t>
					<reset>C</reset>
					<p>č</p>
					<t>Č</t>
					<reset>D</reset>
					<p>đ</p>
					<t>Đ</t>
					<reset>H</reset>
					<p>ch</p>
					<t>cH</t>
					<t>Ch</t>
					<t>CH</t>
					<reset>L</reset>
					<p>ł</p>
					<t>Ł</t>
					<reset>O</reset>
					<p>ô</p>
					<t>Ô</t>
					<reset>R</reset>
					<p>ř</p>
					<t>Ř</t>
					<reset>S</reset>
					<p>š</p>
					<t>Š</t>
					<reset>Z</reset>
					<p>ž</p>
					<t>Ž</t>
					<p>ż</p>
					<t>Ż</t>
				</rules>
			</collation  >
			<collation type="standard" draft="true" alt="proposed">
				<rules>
					<reset>A</reset>
					<p>ä</p>
					<t>Ä</t>
					<reset>C</reset>
					<p>č</p>
					<t>Č</t>
					<reset>H</reset>
					<p>ch</p>
					<t>cH</t>
					<t>Ch</t>
					<t>CH</t>
					<reset>O</reset>
					<p>ô</p>
					<t>Ô</t>
					<reset>S</reset>
					<p>š</p>
					<t>Š</t>
					<reset>Z</reset>
					<p>ž</p>
					<t>Ž</t>
				</rules>
			</collation  >
		</collations>
</ldml>
