<?xml version="1.0" encoding="UTF-8" ?>
<!DOCTYPE ldml SYSTEM "http://www.unicode.org/cldr/dtd/1.4/ldml.dtd">
<ldml>
	<identity>
		<version number="$Revision: 1.19 $"/>
		<generation date="$Date: 2005/10/27 09:07:12 $"/>
		<language type="tr" /> 
	</identity>
		<collations validSubLocales="tr_TR">
			<collation type="standard" >
				<rules>
					<reset>C</reset>
					<p>ç</p>
					<t>Ç</t>
					<reset>G</reset>
					<p>ğ</p>
					<t>Ğ</t>
					<reset before="primary">i</reset>
					<p>ı</p>
					<t>I</t>
					<reset>i</reset>
					<t>İ</t>
					<reset>O</reset>
					<p>ö</p>
					<t>Ö</t>
					<reset>S</reset>
					<p>ş</p>
					<t>Ş</t>
					<reset>U</reset>
					<p>ü</p>
					<t>Ü</t>
				</rules>
			</collation  >
		</collations>
</ldml>
