<?xml version="1.0" encoding="UTF-8" ?>
<!DOCTYPE ldml SYSTEM "../../common/dtd/ldml.dtd">
<ldml>
	<identity>
		<version number="$Revision: 7746 $"/>
		<generation date="$Date: 2012-09-23 14:02:23 -0700 (Sun, 23 Sep 2012) $"/>
		<language type="agq"/>
	</identity>
	<localeDisplayNames>
		<languages>
			<language type="agq">Aghem</language>
			<language type="ak">Akan</language>
			<language type="am">Àmalì</language>
			<language type="ar">Àlabì</language>
			<language type="be">Bɛ̀làlusàn</language>
			<language type="bg">Bùugɨlìa</language>
			<language type="bn">Bɨ̀ŋgalì</language>
			<language type="cs">Chɛ̂</language>
			<language type="de">Dzamɛ̀</language>
			<language type="el">Gɨ̀lêʔ</language>
			<language type="en">Kɨŋgele</language>
			<language type="es">Sɨ̀kpanìs</language>
			<language type="fa">Kpɛɛshìa</language>
			<language type="fr">Kɨ̀fàlàŋsi</language>
			<language type="ha">Kɨtsɔŋkaŋ</language>
			<language type="hi">Endì</language>
			<language type="hu">Hɔŋgalìa</language>
			<language type="id">Èndònɛshìa</language>
			<language type="ig">Egbò</language>
			<language type="it">Ètalìa</language>
			<language type="ja">Dzàkpànê</language>
			<language type="jv">Dzàbvànê</language>
			<language type="km">Kɨmɛ̀</language>
			<language type="ko">kùulîa</language>
			<language type="ms">Màlae</language>
			<language type="my">Bùumɛsɛ̀</language>
			<language type="ne">Nɛ̀kpalì</language>
			<language type="nl">Dɔ̂s</language>
			<language type="pa">Kpuwndzabì</language>
			<language type="pl">Kpɔlìs</language>
			<language type="pt">Kpotùwgîi</language>
			<language type="ro">Lùmanyìa</language>
			<language type="ru">Lushìa</language>
			<language type="rw">Lùwandà</language>
			<language type="so">Sòmalì</language>
			<language type="sv">Suedìs</language>
			<language type="ta">Tamì</language>
			<language type="th">Tàe</language>
			<language type="tr">Tʉʉkìs</language>
			<language type="uk">Ùkɛlɛnìa</language>
			<language type="ur">Uudùw</language>
			<language type="vi">Vìyɛtnàmê</language>
			<language type="yo">Yulùba</language>
			<language type="zh">Chàenê</language>
			<language type="zu">Zulù</language>
		</languages>
		<territories>
			<territory type="AD">Àndolà</territory>
			<territory type="AE">Yùnaetɛ Alab ɛmelɛ̀</territory>
			<territory type="AF">Àfɨ̀ganìsɨ̀tân</territory>
			<territory type="AG">Àntigwà à Bàbudà</territory>
			<territory type="AI">Àŋgwilà</territory>
			<territory type="AL">Àabɛnìa</territory>
			<territory type="AM">Àmɛnyìa</territory>
			<territory type="AN">Nedàlân Antàe</territory>
			<territory type="AO">Àŋgolà</territory>
			<territory type="AR">Àdzɛ̀ntinà</territory>
			<territory type="AS">Àmɛlekan Samwà</territory>
			<territory type="AT">Usɨtɨ̀là</territory>
			<territory type="AU">Ùsɨ̀tɛ̀lɛlìa</territory>
			<territory type="AW">Àlubà</territory>
			<territory type="AZ">Àzɨbɛ̀dzân</territory>
			<territory type="BA">Bosɨnyìa à Hɛ̀zɛ̀gòvinà</territory>
			<territory type="BB">Bàbadòs</territory>
			<territory type="BD">Baŋgɨ̀làdɛ̂</territory>
			<territory type="BE">Bɛɛdzwùm</territory>
			<territory type="BF">Bùkinà Fasò</territory>
			<territory type="BG">Bùugɛlìa</territory>
			<territory type="BH">Bàlaen</territory>
			<territory type="BI">Bùlundì</territory>
			<territory type="BJ">Bɛ̀nɨ̂ŋ</territory>
			<territory type="BM">Bɛ̀mudà</territory>
			<territory type="BN">Bɨ̀lunè</territory>
			<territory type="BO">Bòlevà</territory>
			<territory type="BR">Bɨ̀làzîi</territory>
			<territory type="BS">Bàhamàs</territory>
			<territory type="BT">Mbutàn</territory>
			<territory type="BW">Bòtɨ̀swǎnà</territory>
			<territory type="BY">Bɛlàlûs</territory>
			<territory type="BZ">Bɛ̀lezɨ̀</territory>
			<territory type="CA">Kanadà</territory>
			<territory type="CD">Dɛ̀mùkàlatì Lèkpubèlè è Kuŋgù</territory>
			<territory type="CF">Sɛnta Afɨlekan Lèkpobèlè</territory>
			<territory type="CG">Kuŋgù</territory>
			<territory type="CH">Suezàlân</territory>
			<territory type="CI">Ku Dɨ̀vûa</territory>
			<territory type="CK">Chwɨla ŋ̀ Kûʔ</territory>
			<territory type="CL">Chilè</territory>
			<territory type="CM">Kàmàlûŋ</territory>
			<territory type="CN">Chaenà</territory>
			<territory type="CO">Kòlombìa</territory>
			<territory type="CR">Kòsɨ̀tà Lekà</territory>
			<territory type="CU">Kuuwbà</territory>
			<territory type="CV">Chwɨla ŋ̀ Kɛ̀b Vɛ̂ɛ</territory>
			<territory type="CY">Saekpùlù</territory>
			<territory type="CZ">Chɛ̂ Lèkpubèlè</territory>
			<territory type="DE">Dzamanè</territory>
			<territory type="DJ">Dzìbuwtì</territory>
			<territory type="DK">Dɛnɨmà</territory>
			<territory type="DM">Dòmenekà</territory>
			<territory type="DO">Dòmenekà Lèkpubèlè</territory>
			<territory type="DZ">Àadzɛlìa</territory>
			<territory type="EC">Ekwadò</territory>
			<territory type="EE">Èsɨ̀tonyìa</territory>
			<territory type="EG">Edzì</territory>
			<territory type="ER">Èletɨ̀là</territory>
			<territory type="ES">Sɨ̀kpɛ̂n</territory>
			<territory type="ET">Ètyǒpìa</territory>
			<territory type="FI">Fɨnlàn</territory>
			<territory type="FJ">Fidzi</territory>
			<territory type="FK">Chwɨlà fɨ Fakɨlàn</territory>
			<territory type="FM">Maekòlòneshìa</territory>
			<territory type="FR">Fàlâŋnsì</territory>
			<territory type="GA">Gàbûn</territory>
			<territory type="GB">Yùnaetɛ Kiŋdɔ̀m</territory>
			<territory type="GD">Gɨ̀lɛnadà</territory>
			<territory type="GE">Dzɔɔdzìa</territory>
			<territory type="GF">Gàyanà è Fàlâŋnsì</territory>
			<territory type="GH">Gaanà</territory>
			<territory type="GI">Dzibɨ̀latà</territory>
			<territory type="GL">Gɨ̀lenlân</territory>
			<territory type="GM">Gambìa</territory>
			<territory type="GN">Ginè</territory>
			<territory type="GP">Gwadalukpɛ̀</territory>
			<territory type="GQ">Èkwɛ̀tolia Ginè</territory>
			<territory type="GR">Gɨ̀lês</territory>
			<territory type="GT">Gwàtɨ̀malà</territory>
			<territory type="GU">Gwam</territory>
			<territory type="GW">Ginè Bìsawù</territory>
			<territory type="GY">Gùyanà</territory>
			<territory type="HN">Hɔndulàs</territory>
			<territory type="HR">Kòwɛshìa</territory>
			<territory type="HT">Hǎetì</territory>
			<territory type="HU">Hɔŋgàlè</territory>
			<territory type="ID">Èndòneshìa</territory>
			<territory type="IE">Aelɨ̀lân</territory>
			<territory type="IL">Ezɨ̀lɛ̂</territory>
			<territory type="IN">Endìa</territory>
			<territory type="IO">Dɨŋò kɨ dzughùnstòʔ kɨ Endìa kɨ Bɨ̀letì kò</territory>
			<territory type="IQ">Èlâkɨ̀</territory>
			<territory type="IR">Èlân</territory>
			<territory type="IS">Aesɨ̀lân</territory>
			<territory type="IT">Etalè</territory>
			<territory type="JM">Dzàmɛkà</territory>
			<territory type="JO">Dzodàn</territory>
			<territory type="JP">Dzàkpân</territory>
			<territory type="KE">Kɨnyà</territory>
			<territory type="KG">Kìdzisɨ̀tân</territory>
			<territory type="KH">Kàmbodìa</territory>
			<territory type="KI">Kèlèbati</territory>
			<territory type="KM">Komolòs</territory>
			<territory type="KN">Sɛ̀n Kî à Nevì</territory>
			<territory type="KP">Kùulîa, Ekùw</territory>
			<territory type="KR">Kùulîa, Emàm</territory>
			<territory type="KW">Kùwɛ̂</territory>
			<territory type="KY">Chwɨlà ŋ̀ Kaemàn</territory>
			<territory type="KZ">Kàzasɨ̀tân</territory>
			<territory type="LA">Làwos</territory>
			<territory type="LB">Lɛbanè</territory>
			<territory type="LC">Sɛ̀n Lushìa</territory>
			<territory type="LI">Letɨnshɨ̀n</territory>
			<territory type="LK">Sɨ̀le Laŋkà</territory>
			<territory type="LR">Làebɛlìa</territory>
			<territory type="LS">Lɛ̀sotù</territory>
			<territory type="LT">Lètwǎnyìa</territory>
			<territory type="LU">Luzɨmbùʔ</territory>
			<territory type="LV">Làtɨva</territory>
			<territory type="LY">Lebìa</territory>
			<territory type="MA">Mòlokò</territory>
			<territory type="MC">Mùnaku</territory>
			<territory type="MD">Mòodovà</territory>
			<territory type="MG">Màdàgasɨkà</territory>
			<territory type="MH">Chwɨlà fɨ Mashà</territory>
			<territory type="MK">Mɨ̀sɨ̀donyìa</territory>
			<territory type="ML">Malè</territory>
			<territory type="MM">Mǐanmà</territory>
			<territory type="MN">Mùŋgolìa</territory>
			<territory type="MP">Chwɨlà m̀ Màlǐanà mɨ̀ Ekùw mò</territory>
			<territory type="MQ">Màtìnekì</territory>
			<territory type="MR">Mùlètanyìa</territory>
			<territory type="MS">Mùŋtselà</territory>
			<territory type="MT">Maatà</territory>
			<territory type="MU">Mùleshwɨ̀s</territory>
			<territory type="MV">Màdivè</territory>
			<territory type="MW">Màlawì</territory>
			<territory type="MX">Mɛkɨzikù</territory>
			<territory type="MY">Màlɛshìa</territory>
			<territory type="MZ">Mùzàmbî</territory>
			<territory type="NA">Nàmibìa</territory>
			<territory type="NC">Kàlèdonyìa È fūghū</territory>
			<territory type="NE">Naedzà</territory>
			<territory type="NF">Chwɨlà fɨ Nufòʔ</territory>
			<territory type="NG">Gɨ̀anyɨ</territory>
			<territory type="NI">Nikàlagwà</territory>
			<territory type="NL">Nedàlân</territory>
			<territory type="NO">Noowɛ̂ɛ</territory>
			<territory type="NP">Nɛkpâa</territory>
			<territory type="NR">Nàwulù</territory>
			<territory type="NU">Niyu</territory>
			<territory type="NZ">Zìlân È fūghū</territory>
			<territory type="OM">Umàn</territory>
			<territory type="PA">Kpanàma</territory>
			<territory type="PE">Kpɛlû</territory>
			<territory type="PF">Kpoleneshìa è Fàlâŋnsì</territory>
			<territory type="PG">Kpakpua Ginè È fūghū</territory>
			<territory type="PH">Felèkpî</territory>
			<territory type="PK">Kpakìsɨ̀tân</territory>
			<territory type="PL">Kpulàn</territory>
			<territory type="PM">Sɛ̀n Kpiyɛ̀ à Mikelɔŋ</territory>
			<territory type="PN">Kpitɨ̀kalè</territory>
			<territory type="PR">Kpǒto Leko</territory>
			<territory type="PS">Adzɨmā kɨ ŋgùŋ kɨ Palɛsɨtɨnyia à kɨ Gazà kò</territory>
			<territory type="PT">Kputuwgà</territory>
			<territory type="PW">Kpàlawù</territory>
			<territory type="PY">Kpalàgwɛ̂</territory>
			<territory type="QA">Katà</territory>
			<territory type="RE">Lèyunyɔ̀ŋ</territory>
			<territory type="RO">Lùmanyìa</territory>
			<territory type="RU">Loshìa</territory>
			<territory type="RW">Lùwandà</territory>
			<territory type="SA">Sawudi Alabi</territory>
			<territory type="SB">Chwɨlà fɨ Solomwɨ̀n</territory>
			<territory type="SC">Sɛchɛ̀lɛ̀s</territory>
			<territory type="SD">Sùdân</territory>
			<territory type="SE">Suedɨ̀n</territory>
			<territory type="SG">Siŋgàkpôo</territory>
			<territory type="SH">Sɛ̀n Èlenà</territory>
			<territory type="SI">Sɨ̀lòvɨnyìa</territory>
			<territory type="SK">Sɨ̀lòvɨkɨ̀a</territory>
			<territory type="SL">Silìa lûŋ</territory>
			<territory type="SM">Sàn Màlenù</territory>
			<territory type="SN">Sɛ̀nɛ̀gâa</territory>
			<territory type="SO">Sòmalìa</territory>
			<territory type="SR">Sulènamè</territory>
			<territory type="ST">Sawo Tɔ̀me à Kpèlènsikpɛ̀</territory>
			<territory type="SV">Esàvadò</territory>
			<territory type="SY">Silîa</territory>
			<territory type="SZ">Shǔazìlân</territory>
			<territory type="TC">Chwɨla n Tɨtê à Kaekùs</territory>
			<territory type="TD">Châ</territory>
			<territory type="TG">Tugù</territory>
			<territory type="TH">Taelàn</territory>
			<territory type="TJ">Tàdzikìsɨ̀tân</territory>
			<territory type="TK">Tuwkelawù</territory>
			<territory type="TL">Ês Taemò</territory>
			<territory type="TM">Tekɨmènèsɨ̀tân</territory>
			<territory type="TN">Tùneshìa</territory>
			<territory type="TO">Tuŋgà</territory>
			<territory type="TR">Teekì</territory>
			<territory type="TT">Tèlenedà à Tòbagù</territory>
			<territory type="TV">Tuwvalùw</territory>
			<territory type="TW">Taewàn</territory>
			<territory type="TZ">Tàanzanyìa</territory>
			<territory type="UA">Yùkɛ̀lɛ̂</territory>
			<territory type="UG">Yùgandà</territory>
			<territory type="US">USA</territory>
			<territory type="UY">Yulùgwɛ̂</territory>
			<territory type="UZ">Yùzɨ̀bɛkìsɨ̀tân</territory>
			<territory type="VA">Vatikàn Sɨ̀tɛ̂</territory>
			<territory type="VC">Sɛ̀n Vinsɨ̀n à Gɨlenadi Ù tē</territory>
			<territory type="VE">Vɛ̀nɛ̀zǔɛɛlà</territory>
			<territory type="VG">Chwɨlà m̀ Vidzinyìa m̀ Bɨ̀letì mò</territory>
			<territory type="VI">U. S. Chwɨlà fɨ Mbuʔmbu</territory>
			<territory type="VN">Vìyɛnàm</territory>
			<territory type="VU">Vànǔatùw</territory>
			<territory type="WF">Wales à Fùwtuwnà</territory>
			<territory type="WS">Sàmowà</territory>
			<territory type="YE">Yɛmɛ̀n</territory>
			<territory type="YT">Màyotì</territory>
			<territory type="ZA">Afɨlekà ghɨ Emàm ghò</territory>
			<territory type="ZM">Zambìa</territory>
			<territory type="ZW">Zìmbagbɛ̀</territory>
		</territories>
	</localeDisplayNames>
	<characters>
		<exemplarCharacters>[a à â ǎ ā b c d e è ê ě ē ɛ {ɛ\u0300} {ɛ\u0302} {ɛ\u030C} {ɛ\u0304} f g h i ì î ǐ ī ɨ {ɨ\u0300} {ɨ\u0302} {ɨ\u030C} {ɨ\u0304} k l m n ŋ o ò ô ǒ ō ɔ {ɔ\u0300} {ɔ\u0302} {ɔ\u030C} {ɔ\u0304} p s t u ù û ǔ ū ʉ {ʉ\u0300} {ʉ\u0302} {ʉ\u030C} {ʉ\u0304} v w y z ʔ]</exemplarCharacters>
		<exemplarCharacters type="auxiliary">[q r x]</exemplarCharacters>
		<exemplarCharacters type="index">[A B C D E Ɛ F G H I Ɨ K L M N Ŋ O Ɔ P S T U Ʉ V W Y Z ʔ]</exemplarCharacters>
	</characters>
	<delimiters>
		<quotationStart>„</quotationStart>
		<quotationEnd>”</quotationEnd>
		<alternateQuotationStart>‚</alternateQuotationStart>
		<alternateQuotationEnd>’</alternateQuotationEnd>
	</delimiters>
	<dates>
		<calendars>
			<calendar type="gregorian">
				<months>
					<monthContext type="format">
						<monthWidth type="abbreviated">
							<month type="1">nùm</month>
							<month type="2">kɨz</month>
							<month type="3">tɨd</month>
							<month type="4">taa</month>
							<month type="5">see</month>
							<month type="6">nzu</month>
							<month type="7">dum</month>
							<month type="8">fɔe</month>
							<month type="9">dzu</month>
							<month type="10">lɔm</month>
							<month type="11">kaa</month>
							<month type="12">fwo</month>
						</monthWidth>
						<monthWidth type="wide">
							<month type="1">ndzɔ̀ŋɔ̀nùm</month>
							<month type="2">ndzɔ̀ŋɔ̀kƗ̀zùʔ</month>
							<month type="3">ndzɔ̀ŋɔ̀tƗ̀dʉ̀ghà</month>
							<month type="4">ndzɔ̀ŋɔ̀tǎafʉ̄ghā</month>
							<month type="5">ndzɔ̀ŋèsèe</month>
							<month type="6">ndzɔ̀ŋɔ̀nzùghò</month>
							<month type="7">ndzɔ̀ŋɔ̀dùmlo</month>
							<month type="8">ndzɔ̀ŋɔ̀kwîfɔ̀e</month>
							<month type="9">ndzɔ̀ŋɔ̀tƗ̀fʉ̀ghàdzughù</month>
							<month type="10">ndzɔ̀ŋɔ̀ghǔuwelɔ̀m</month>
							<month type="11">ndzɔ̀ŋɔ̀chwaʔàkaa wo</month>
							<month type="12">ndzɔ̀ŋèfwòo</month>
						</monthWidth>
					</monthContext>
					<monthContext type="stand-alone">
						<monthWidth type="narrow">
							<month type="1">n</month>
							<month type="2">k</month>
							<month type="3">t</month>
							<month type="4">t</month>
							<month type="5">s</month>
							<month type="6">z</month>
							<month type="7">k</month>
							<month type="8">f</month>
							<month type="9">d</month>
							<month type="10">l</month>
							<month type="11">c</month>
							<month type="12">f</month>
						</monthWidth>
					</monthContext>
				</months>
				<days>
					<dayContext type="format">
						<dayWidth type="abbreviated">
							<day type="sun">nts</day>
							<day type="mon">kpa</day>
							<day type="tue">ghɔ</day>
							<day type="wed">tɔm</day>
							<day type="thu">ume</day>
							<day type="fri">ghɨ</day>
							<day type="sat">dzk</day>
						</dayWidth>
						<dayWidth type="wide">
							<day type="sun">tsuʔntsɨ</day>
							<day type="mon">tsuʔukpà</day>
							<day type="tue">tsuʔughɔe</day>
							<day type="wed">tsuʔutɔ̀mlò</day>
							<day type="thu">tsuʔumè</day>
							<day type="fri">tsuʔughɨ̂m</day>
							<day type="sat">tsuʔndzɨkɔʔɔ</day>
						</dayWidth>
					</dayContext>
					<dayContext type="stand-alone">
						<dayWidth type="narrow">
							<day type="sun">n</day>
							<day type="mon">k</day>
							<day type="tue">g</day>
							<day type="wed">t</day>
							<day type="thu">u</day>
							<day type="fri">g</day>
							<day type="sat">d</day>
						</dayWidth>
					</dayContext>
				</days>
				<quarters>
					<quarterContext type="format">
						<quarterWidth type="wide">
							<quarter type="1">kɨbâ kɨ 1</quarter>
							<quarter type="2">ugbâ u 2</quarter>
							<quarter type="3">ugbâ u 3</quarter>
							<quarter type="4">ugbâ u 4</quarter>
						</quarterWidth>
					</quarterContext>
				</quarters>
				<dayPeriods>
					<dayPeriodContext type="format">
						<dayPeriodWidth type="wide">
							<dayPeriod type="am">a.g</dayPeriod>
							<dayPeriod type="pm">a.k</dayPeriod>
						</dayPeriodWidth>
					</dayPeriodContext>
				</dayPeriods>
				<eras>
					<eraNames>
						<era type="0">Sěe Kɨ̀lesto</era>
						<era type="1">Bǎa Kɨ̀lesto</era>
					</eraNames>
					<eraAbbr>
						<era type="0">SK</era>
						<era type="1">BK</era>
					</eraAbbr>
				</eras>
				<dateFormats>
					<dateFormatLength type="full">
						<dateFormat>
							<pattern>EEEE d MMMM y</pattern>
						</dateFormat>
					</dateFormatLength>
					<dateFormatLength type="long">
						<dateFormat>
							<pattern>d MMMM y</pattern>
						</dateFormat>
					</dateFormatLength>
					<dateFormatLength type="medium">
						<dateFormat>
							<pattern>d MMM, y</pattern>
						</dateFormat>
					</dateFormatLength>
					<dateFormatLength type="short">
						<dateFormat>
							<pattern>d/M/yyyy</pattern>
						</dateFormat>
					</dateFormatLength>
				</dateFormats>
				<timeFormats>
					<timeFormatLength type="full">
						<timeFormat>
							<pattern>HH:mm:ss zzzz</pattern>
						</timeFormat>
					</timeFormatLength>
					<timeFormatLength type="long">
						<timeFormat>
							<pattern>HH:mm:ss z</pattern>
						</timeFormat>
					</timeFormatLength>
					<timeFormatLength type="medium">
						<timeFormat>
							<pattern>HH:mm:ss</pattern>
						</timeFormat>
					</timeFormatLength>
					<timeFormatLength type="short">
						<timeFormat>
							<pattern>HH:mm</pattern>
						</timeFormat>
					</timeFormatLength>
				</timeFormats>
				<dateTimeFormats>
					<availableFormats>
						<dateFormatItem id="d">d</dateFormatItem>
						<dateFormatItem id="Ed">d E</dateFormatItem>
						<dateFormatItem id="hm">h:mm a</dateFormatItem>
						<dateFormatItem id="Hm">HH:mm</dateFormatItem>
						<dateFormatItem id="hms">h:mm:ss a</dateFormatItem>
						<dateFormatItem id="Hms">HH:mm:ss</dateFormatItem>
						<dateFormatItem id="M">L</dateFormatItem>
						<dateFormatItem id="Md">d/M</dateFormatItem>
						<dateFormatItem id="MEd">E d/M</dateFormatItem>
						<dateFormatItem id="MMM">LLL</dateFormatItem>
						<dateFormatItem id="MMMd">d MMM</dateFormatItem>
						<dateFormatItem id="MMMEd">E d MMM</dateFormatItem>
						<dateFormatItem id="ms">m:ss</dateFormatItem>
						<dateFormatItem id="y">y</dateFormatItem>
						<dateFormatItem id="yM">M/y</dateFormatItem>
						<dateFormatItem id="yMd">d/M/y</dateFormatItem>
						<dateFormatItem id="yMEd">E d/M/y</dateFormatItem>
						<dateFormatItem id="yMMM">MMM y</dateFormatItem>
						<dateFormatItem id="yMMMd">d MMM y</dateFormatItem>
						<dateFormatItem id="yMMMEd">E d MMM y</dateFormatItem>
						<dateFormatItem id="yQQQ">QQQ y</dateFormatItem>
						<dateFormatItem id="yQQQQ">QQQQ y</dateFormatItem>
					</availableFormats>
				</dateTimeFormats>
				<fields>
					<field type="era">
						<displayName>kɨtîgh</displayName>
					</field>
					<field type="year">
						<displayName>kɨnûm</displayName>
					</field>
					<field type="month">
						<displayName>ndzɔŋ</displayName>
					</field>
					<field type="week">
						<displayName>ewɨn</displayName>
					</field>
					<field type="day">
						<displayName>utsuʔ</displayName>
						<relative type="-1">ā zūɛɛ</relative>
						<relative type="0">nɛ</relative>
						<relative type="1">tsʉtsʉ</relative>
					</field>
					<field type="weekday">
						<displayName>tsuʔu mɨ̀ èwɨ̄n</displayName>
					</field>
					<field type="dayperiod">
						<displayName>â tsɨ̀</displayName>
					</field>
					<field type="hour">
						<displayName>tàm</displayName>
					</field>
					<field type="minute">
						<displayName>menè</displayName>
					</field>
					<field type="second">
						<displayName>sɛkɔ̀n</displayName>
					</field>
					<field type="zone">
						<displayName>dɨŋò kɨ enɨ̀gha</displayName>
					</field>
				</fields>
			</calendar>
		</calendars>
	</dates>
	<numbers>
		<symbols numberSystem="latn">
			<decimal>,</decimal>
			<group> </group>
		</symbols>
		<decimalFormats numberSystem="latn">
			<decimalFormatLength>
				<decimalFormat>
					<pattern>#,##0.###</pattern>
				</decimalFormat>
			</decimalFormatLength>
		</decimalFormats>
		<percentFormats numberSystem="latn">
			<percentFormatLength>
				<percentFormat>
					<pattern>#,##0%</pattern>
				</percentFormat>
			</percentFormatLength>
		</percentFormats>
		<currencyFormats numberSystem="latn">
			<currencyFormatLength>
				<currencyFormat>
					<pattern>#,##0.00¤</pattern>
				</currencyFormat>
			</currencyFormatLength>
		</currencyFormats>
		<currencies>
			<currency type="AED">
				<displayName>Dilàm è Yùnaetɛ Alab Emelɛ̀</displayName>
			</currency>
			<currency type="AOA">
				<displayName>Kwanzà è Àŋgolà</displayName>
			</currency>
			<currency type="AUD">
				<displayName>Dɔlà e Ùsɨ̀tɛ̀lɛlìa</displayName>
			</currency>
			<currency type="BHD">
				<displayName>Dinà è Balae</displayName>
			</currency>
			<currency type="BIF">
				<displayName>Fàlâŋ è Bùlundì</displayName>
			</currency>
			<currency type="BWP">
				<displayName>Kpuwlà è Botɨshǔanà</displayName>
			</currency>
			<currency type="CAD">
				<displayName>Dɔlà è Kanadà</displayName>
			</currency>
			<currency type="CDF">
				<displayName>Fàlâŋ è Kuŋgùlê</displayName>
			</currency>
			<currency type="CHF">
				<displayName>Fàlâŋ è Sues</displayName>
			</currency>
			<currency type="CNY">
				<displayName>Yùwân Lèmembi è Chaenî</displayName>
			</currency>
			<currency type="CVE">
				<displayName>Kàbòvàdianù è Èsùkudò</displayName>
			</currency>
			<currency type="DJF">
				<displayName>Fàlâŋ è Dzìbutì</displayName>
			</currency>
			<currency type="DZD">
				<displayName>Dinà è Àdzɛlìa</displayName>
			</currency>
			<currency type="EGP">
				<displayName>Bɔ̀ŋ è Edzì</displayName>
			</currency>
			<currency type="ERN">
				<displayName>Nakafa è Èletɨ̀làe</displayName>
			</currency>
			<currency type="ETB">
				<displayName>Bîi è Etyǒkpìa</displayName>
			</currency>
			<currency type="EUR">
				<displayName>Yulù</displayName>
			</currency>
			<currency type="GBP">
				<displayName>Bɔ̀ŋ Sɨ̀telè è Bèletì</displayName>
			</currency>
			<currency type="GHC">
				<displayName>Sɛ̀di è Gaanà</displayName>
			</currency>
			<currency type="GMD">
				<displayName>Dàlasì è Gambìa</displayName>
			</currency>
			<currency type="GNS">
				<displayName>Fàlâŋ è Ginè</displayName>
			</currency>
			<currency type="INR">
				<displayName>Lukpì è Endìa</displayName>
			</currency>
			<currency type="JPY">
				<displayName>Ghɨ̂n Dzàkpànê</displayName>
			</currency>
			<currency type="KES">
				<displayName>Shwɨlà tɨ Kenyà</displayName>
			</currency>
			<currency type="KMF">
				<displayName>Fàlâŋ è Komolìa</displayName>
			</currency>
			<currency type="LRD">
				<displayName>Dɔlà Làebɛlìa</displayName>
			</currency>
			<currency type="LSL">
				<displayName>Lɔtì Lèsutù</displayName>
			</currency>
			<currency type="LYD">
				<displayName>Dinà è Lebìa</displayName>
			</currency>
			<currency type="MAD">
				<displayName>Dilàm è Mòlokò</displayName>
			</currency>
			<currency type="MGA">
				<displayName>Àlǐalè è Màlàgasì</displayName>
			</currency>
			<currency type="MRO">
				<displayName>Ùgueya è Mùlètenyìa</displayName>
			</currency>
			<currency type="MUR">
				<displayName>Lukpìi è Mùleshòs</displayName>
			</currency>
			<currency type="MWK">
				<displayName>Kwachà è Màlawè</displayName>
			</currency>
			<currency type="MZM">
				<displayName>Mètikà è Mùzàmbî</displayName>
			</currency>
			<currency type="NAD">
				<displayName>Dɔlà è Nàmibìa</displayName>
			</currency>
			<currency type="NGN">
				<displayName>Naelà è Gɨ̀anyɨ</displayName>
			</currency>
			<currency type="RWF">
				<displayName>Fàlâŋ è Lùwandà</displayName>
			</currency>
			<currency type="SAR">
				<displayName>Leyà è Sàwudì</displayName>
			</currency>
			<currency type="SCR">
				<displayName>Lukpìi è Sɛchɛ̀lɛ̀</displayName>
			</currency>
			<currency type="SDG">
				<displayName>Bɔ̀ŋ è Sùdànê</displayName>
			</currency>
			<currency type="SHP">
				<displayName>Bɔ̀ŋ è Sɛ̀n Èlenà</displayName>
			</currency>
			<currency type="SLL">
				<displayName>Lyɔ̂ŋ</displayName>
			</currency>
			<currency type="SOS">
				<displayName>Shwɨlà è Sùmalìa</displayName>
			</currency>
			<currency type="STD">
				<displayName>Dɔbàlà è Sàwu Tɔ̀me à Pèlènsipè</displayName>
			</currency>
			<currency type="SZL">
				<displayName>Lèlàŋgenè</displayName>
			</currency>
			<currency type="TND">
				<displayName>Dinà è Tùwneshìa</displayName>
			</currency>
			<currency type="TZS">
				<displayName>Shwɨlà è Tàanzanyìa</displayName>
			</currency>
			<currency type="UGX">
				<displayName>Shwɨlà è Yùgandà</displayName>
			</currency>
			<currency type="USD">
				<displayName>Dɔlà è US</displayName>
			</currency>
			<currency type="XAF">
				<displayName>CFA Fàlâŋ BEAC</displayName>
			</currency>
			<currency type="XOF">
				<displayName>CFA Fàlâŋ BCEAO</displayName>
			</currency>
			<currency type="ZAR">
				<displayName>Lân è Afɨlekà ghɨ Emàm ghò</displayName>
			</currency>
			<currency type="ZMK">
				<displayName>Kwachà è Zambìa</displayName>
			</currency>
			<currency type="ZWD">
				<displayName>Dɔlà è Zìmbagbɛ̀</displayName>
			</currency>
		</currencies>
	</numbers>
	<posix>
		<messages>
			<yesstr>òo:O</yesstr>
			<nostr>hǎe:H</nostr>
		</messages>
	</posix>
</ldml>

