<?xml version="1.0" encoding="UTF-8" ?>
<!DOCTYPE ldml SYSTEM "../../common/dtd/ldml.dtd">
<ldml>
	<identity>
		<version number="$Revision: 7746 $"/>
		<generation date="$Date: 2012-09-23 14:02:23 -0700 (Sun, 23 Sep 2012) $"/>
		<language type="ar"/>
		<territory type="DZ"/>
	</identity>
	<dates>
		<calendars>
			<calendar type="gregorian">
				<months>
					<monthContext type="format">
						<monthWidth type="abbreviated">
							<month type="1" draft="contributed">جانفي</month>
							<month type="2" draft="contributed">فيفري</month>
							<month type="3" draft="contributed">مارس</month>
							<month type="4" draft="contributed">أفريل</month>
							<month type="5" draft="contributed">ماي</month>
							<month type="6" draft="contributed">جوان</month>
							<month type="7" draft="contributed">جويلية</month>
							<month type="8" draft="contributed">أوت</month>
							<month type="9" draft="contributed">سبتمبر</month>
							<month type="10" draft="contributed">أكتوبر</month>
							<month type="11" draft="contributed">نوفمبر</month>
							<month type="12" draft="contributed">ديسمبر</month>
						</monthWidth>
						<monthWidth type="narrow">
							<month type="1" draft="contributed">ج</month>
							<month type="2" draft="contributed">ف</month>
							<month type="3" draft="contributed">م</month>
							<month type="4" draft="contributed">أ</month>
							<month type="5" draft="contributed">م</month>
							<month type="6" draft="contributed">ج</month>
							<month type="7" draft="contributed">ج</month>
							<month type="8" draft="contributed">أ</month>
							<month type="9" draft="contributed">س</month>
							<month type="10" draft="contributed">أ</month>
							<month type="11" draft="contributed">ن</month>
							<month type="12" draft="contributed">د</month>
						</monthWidth>
						<monthWidth type="wide">
							<month type="1" draft="contributed">جانفي</month>
							<month type="2" draft="contributed">فيفري</month>
							<month type="3" draft="contributed">مارس</month>
							<month type="4" draft="contributed">أفريل</month>
							<month type="5" draft="contributed">ماي</month>
							<month type="6" draft="contributed">جوان</month>
							<month type="7" draft="contributed">جويلية</month>
							<month type="8" draft="contributed">أوت</month>
							<month type="9" draft="contributed">سبتمبر</month>
							<month type="10" draft="contributed">أكتوبر</month>
							<month type="11" draft="contributed">نوفمبر</month>
							<month type="12" draft="contributed">ديسمبر</month>
						</monthWidth>
					</monthContext>
					<monthContext type="stand-alone">
						<monthWidth type="abbreviated">
							<month type="1" draft="contributed">جانفي</month>
							<month type="2" draft="contributed">فيفري</month>
							<month type="3" draft="contributed">مارس</month>
							<month type="4" draft="contributed">أفريل</month>
							<month type="5" draft="contributed">ماي</month>
							<month type="6" draft="contributed">جوان</month>
							<month type="7" draft="contributed">جويلية</month>
							<month type="8" draft="contributed">أوت</month>
							<month type="9" draft="contributed">سبتمبر</month>
							<month type="10" draft="contributed">أكتوبر</month>
							<month type="11" draft="contributed">نوفمبر</month>
							<month type="12" draft="contributed">ديسمبر</month>
						</monthWidth>
						<monthWidth type="narrow">
							<month type="1" draft="contributed">ج</month>
							<month type="2" draft="contributed">ف</month>
							<month type="3" draft="contributed">م</month>
							<month type="4" draft="contributed">أ</month>
							<month type="5" draft="contributed">م</month>
							<month type="6" draft="contributed">ج</month>
							<month type="7" draft="contributed">ج</month>
							<month type="8" draft="contributed">أ</month>
							<month type="9" draft="contributed">س</month>
							<month type="10" draft="contributed">أ</month>
							<month type="11" draft="contributed">ن</month>
							<month type="12" draft="contributed">د</month>
						</monthWidth>
						<monthWidth type="wide">
							<month type="1" draft="contributed">جانفي</month>
							<month type="2" draft="contributed">فيفري</month>
							<month type="3" draft="contributed">مارس</month>
							<month type="4" draft="contributed">أفريل</month>
							<month type="5" draft="contributed">ماي</month>
							<month type="6" draft="contributed">جوان</month>
							<month type="7" draft="contributed">جويلية</month>
							<month type="8" draft="contributed">أوت</month>
							<month type="9" draft="contributed">سبتمبر</month>
							<month type="10" draft="contributed">أكتوبر</month>
							<month type="11" draft="contributed">نوفمبر</month>
							<month type="12" draft="contributed">ديسمبر</month>
						</monthWidth>
					</monthContext>
				</months>
				<dateFormats>
					<dateFormatLength type="medium">
						<dateFormat>
							<pattern>yyyy/MM/dd</pattern>
						</dateFormat>
					</dateFormatLength>
					<dateFormatLength type="short">
						<dateFormat>
							<pattern>yyyy/M/d</pattern>
						</dateFormat>
					</dateFormatLength>
				</dateFormats>
				<dateTimeFormats>
					<availableFormats>
						<dateFormatItem id="Md">M/d</dateFormatItem>
						<dateFormatItem id="MMdd">MM/dd</dateFormatItem>
						<dateFormatItem id="yM">yyyy/M</dateFormatItem>
						<dateFormatItem id="yyyyMM">yyyy/MM</dateFormatItem>
					</availableFormats>
					<intervalFormats>
						<intervalFormatItem id="d">
							<greatestDifference id="d">d‏-d</greatestDifference>
						</intervalFormatItem>
						<intervalFormatItem id="M">
							<greatestDifference id="M">M‏-M</greatestDifference>
						</intervalFormatItem>
						<intervalFormatItem id="MMMd">
							<greatestDifference id="d">d‏-d MMM</greatestDifference>
						</intervalFormatItem>
						<intervalFormatItem id="y">
							<greatestDifference id="y">y‏-y</greatestDifference>
						</intervalFormatItem>
					</intervalFormats>
				</dateTimeFormats>
			</calendar>
		</calendars>
	</dates>
	<numbers>
		<defaultNumberingSystem>latn</defaultNumberingSystem>
		<symbols numberSystem="latn">
			<decimal>,</decimal>
			<group>.</group>
		</symbols>
	</numbers>
</ldml>

