<?xml version="1.0" encoding="UTF-8" ?>
<!DOCTYPE ldml SYSTEM "../../common/dtd/ldml.dtd">
<ldml>
	<identity>
		<version number="$Revision: 4753 $"/>
		<generation date="$Date: 2010-02-26 00:32:00 -0600 (Fri, 26 Feb 2010) $"/>
		<language type="ar"/>
		<territory type="MA"/>
	</identity>
	<dates>
		<calendars>
			<calendar type="gregorian">
				<dateTimeFormats>
					<intervalFormats>
						<intervalFormatItem id="d">
							<greatestDifference id="d">d‏-d</greatestDifference>
						</intervalFormatItem>
						<intervalFormatItem id="MMMd">
							<greatestDifference id="d">d‏-d MMM</greatestDifference>
						</intervalFormatItem>
						<intervalFormatItem id="y">
							<greatestDifference id="y">y‏-y</greatestDifference>
						</intervalFormatItem>
						<intervalFormatItem id="yMMMd">
							<greatestDifference id="d">d‏–d MMM، y</greatestDifference>
						</intervalFormatItem>
						<intervalFormatItem id="yMMMM">
							<greatestDifference id="M">MM ‏- MM ‏–yyyy</greatestDifference>
						</intervalFormatItem>
					</intervalFormats>
				</dateTimeFormats>
			</calendar>
		</calendars>
	</dates>
	<numbers>
		<defaultNumberingSystem>latn</defaultNumberingSystem>
	</numbers>
</ldml>
