<?xml version="1.0" encoding="UTF-8" ?>
<!DOCTYPE ldml SYSTEM "../../common/dtd/ldml.dtd">
<ldml>
	<identity>
		<version number="$Revision: 7838 $"/>
		<generation date="$Date: 2012-10-11 15:53:21 -0700 (Thu, 11 Oct 2012) $"/>
		<language type="ar"/>
		<territory type="PS"/>
	</identity>
	<numbers>
		<decimalFormats numberSystem="latn">
			<decimalFormatLength type="long">
				<decimalFormat>
					<pattern type="1000000000" count="zero" draft="contributed">0 بليون</pattern>
					<pattern type="1000000000" count="one" draft="contributed">0 بليون</pattern>
					<pattern type="1000000000" count="two" draft="contributed">0 بليون</pattern>
					<pattern type="1000000000" count="few" draft="contributed">0 بليون</pattern>
					<pattern type="1000000000" count="many" draft="contributed">0 بليون</pattern>
					<pattern type="1000000000" count="other" draft="contributed">0 بليون</pattern>
				</decimalFormat>
			</decimalFormatLength>
			<decimalFormatLength type="short">
				<decimalFormat>
					<pattern type="1000000000" count="zero" draft="contributed">0 بليون</pattern>
					<pattern type="1000000000" count="one" draft="contributed">0 بليون</pattern>
					<pattern type="1000000000" count="two" draft="contributed">0 بليون</pattern>
					<pattern type="1000000000" count="few" draft="contributed">0 بليون</pattern>
					<pattern type="1000000000" count="many" draft="contributed">0 بليون</pattern>
					<pattern type="1000000000" count="other" draft="contributed">0 بليون</pattern>
				</decimalFormat>
			</decimalFormatLength>
		</decimalFormats>
	</numbers>
</ldml>

