<?xml version="1.0" encoding="UTF-8" ?>
<!DOCTYPE ldml SYSTEM "../../common/dtd/ldml.dtd">
<ldml>
	<identity>
		<version number="$Revision: 7599 $"/>
		<generation date="$Date: 2012-08-16 17:59:44 -0700 (Thu, 16 Aug 2012) $"/>
		<language type="en"/>
		<territory type="CA"/>
	</identity>
	<dates>
		<calendars>
			<calendar type="gregorian">
				<dateTimeFormats>
					<availableFormats>
						<dateFormatItem id="MMdd">MM/dd</dateFormatItem>
						<dateFormatItem id="MMMMd">MMMM d</dateFormatItem>
						<dateFormatItem id="MMMMEd">E, MMMM d</dateFormatItem>
						<dateFormatItem id="yyMMM">MMM yy</dateFormatItem>
					</availableFormats>
					<intervalFormats>
						<intervalFormatFallback>{0} - {1}</intervalFormatFallback>
						<intervalFormatItem id="d">
							<greatestDifference id="d">d-d</greatestDifference>
						</intervalFormatItem>
						<intervalFormatItem id="h">
							<greatestDifference id="a">h a - h a</greatestDifference>
							<greatestDifference id="h">h-h a</greatestDifference>
						</intervalFormatItem>
						<intervalFormatItem id="hm">
							<greatestDifference id="a">h:mm a - h:mm a</greatestDifference>
							<greatestDifference id="h">h:mm-h:mm a</greatestDifference>
							<greatestDifference id="m">h:mm-h:mm a</greatestDifference>
						</intervalFormatItem>
						<intervalFormatItem id="hmv">
							<greatestDifference id="a">h:mm a - h:mm a v</greatestDifference>
							<greatestDifference id="h">h:mm-h:mm a v</greatestDifference>
							<greatestDifference id="m">h:mm-h:mm a v</greatestDifference>
						</intervalFormatItem>
						<intervalFormatItem id="hv">
							<greatestDifference id="a">h a - h a v</greatestDifference>
							<greatestDifference id="h">h-h a v</greatestDifference>
						</intervalFormatItem>
						<intervalFormatItem id="M">
							<greatestDifference id="M">M-M</greatestDifference>
						</intervalFormatItem>
					</intervalFormats>
				</dateTimeFormats>
			</calendar>
		</calendars>
		<timeZoneNames>
			<metazone type="Newfoundland">
				<short>
					<generic>NT</generic>
					<standard>NST</standard>
					<daylight>NDT</daylight>
				</short>
			</metazone>
		</timeZoneNames>
	</dates>
	<numbers>
		<currencies>
			<currency type="CAD">
				<symbol>$</symbol>
			</currency>
			<currency type="USD">
				<symbol>US$</symbol>
			</currency>
		</currencies>
	</numbers>
</ldml>

