<?xml version="1.0" encoding="UTF-8" ?>
<!DOCTYPE ldml SYSTEM "../../common/dtd/ldml.dtd">
<ldml>
	<identity>
		<version number="$Revision: 4582 $"/>
		<generation date="$Date: 2010-02-05 10:51:25 -0600 (Fri, 05 Feb 2010) $"/>
		<language type="en"/>
		<territory type="IE"/>
	</identity>
	<dates>
		<calendars>
			<calendar type="gregorian">
				<dayPeriods>
					<dayPeriodContext type="format">
						<dayPeriodWidth type="wide">
							<dayPeriod type="am">a.m.</dayPeriod>
							<dayPeriod type="pm">p.m.</dayPeriod>
						</dayPeriodWidth>
					</dayPeriodContext>
				</dayPeriods>
				<dateFormats>
					<dateFormatLength type="full">
						<dateFormat>
							<pattern>EEEE d MMMM y</pattern>
						</dateFormat>
					</dateFormatLength>
					<dateFormatLength type="long">
						<dateFormat>
							<pattern>d MMMM y</pattern>
						</dateFormat>
					</dateFormatLength>
					<dateFormatLength type="medium">
						<dateFormat>
							<pattern>d MMM y</pattern>
						</dateFormat>
					</dateFormatLength>
					<dateFormatLength type="short">
						<dateFormat>
							<pattern>dd/MM/yyyy</pattern>
						</dateFormat>
					</dateFormatLength>
				</dateFormats>
				<timeFormats>
					<timeFormatLength type="full">
						<timeFormat>
							<pattern>HH:mm:ss zzzz</pattern>
						</timeFormat>
					</timeFormatLength>
					<timeFormatLength type="long">
						<timeFormat>
							<pattern>HH:mm:ss z</pattern>
						</timeFormat>
					</timeFormatLength>
					<timeFormatLength type="medium">
						<timeFormat>
							<pattern>HH:mm:ss</pattern>
						</timeFormat>
					</timeFormatLength>
					<timeFormatLength type="short">
						<timeFormat>
							<pattern>HH:mm</pattern>
						</timeFormat>
					</timeFormatLength>
				</timeFormats>
				<dateTimeFormats>
					<availableFormats>
						<dateFormatItem id="Md" draft="contributed">d/M</dateFormatItem>
						<dateFormatItem id="MEd" draft="contributed">E, d/M</dateFormatItem>
						<dateFormatItem id="MMdd" draft="contributed">dd/MM</dateFormatItem>
						<dateFormatItem id="MMMMd" draft="contributed">d MMMM</dateFormatItem>
						<dateFormatItem id="yMEd" draft="contributed">EEE, d/M/yyyy</dateFormatItem>
						<dateFormatItem id="yyyyMM" draft="contributed">MM/yyyy</dateFormatItem>
						<dateFormatItem id="yyyyMMMM" draft="contributed">MMMM y</dateFormatItem>
					</availableFormats>
					<intervalFormats>
						<intervalFormatFallback draft="contributed">{0} - {1}</intervalFormatFallback>
						<intervalFormatItem id="d">
							<greatestDifference id="d" draft="contributed">d-d</greatestDifference>
						</intervalFormatItem>
						<intervalFormatItem id="hm">
							<greatestDifference id="h" draft="unconfirmed">h:mm-h:mm a</greatestDifference>
							<greatestDifference id="m" draft="contributed">h:mm-h:mm a</greatestDifference>
						</intervalFormatItem>
						<intervalFormatItem id="Hm">
							<greatestDifference id="H" draft="unconfirmed">HH:mm-HH:mm</greatestDifference>
							<greatestDifference id="m" draft="contributed">HH:mm-HH:mm</greatestDifference>
						</intervalFormatItem>
						<intervalFormatItem id="hmv">
							<greatestDifference id="h" draft="contributed">h:mm-h:mm a v</greatestDifference>
							<greatestDifference id="m" draft="contributed">h:mm-h:mm a v</greatestDifference>
						</intervalFormatItem>
						<intervalFormatItem id="Hmv">
							<greatestDifference id="H" draft="contributed">HH:mm-HH:mm v</greatestDifference>
							<greatestDifference id="m" draft="contributed">HH:mm-HH:mm v</greatestDifference>
						</intervalFormatItem>
						<intervalFormatItem id="M">
							<greatestDifference id="M" draft="contributed">M-M</greatestDifference>
						</intervalFormatItem>
						<intervalFormatItem id="Md">
							<greatestDifference id="d" draft="contributed">dd/MM - dd/MM</greatestDifference>
							<greatestDifference id="M" draft="contributed">dd/MM - dd/MM</greatestDifference>
						</intervalFormatItem>
						<intervalFormatItem id="MEd">
							<greatestDifference id="d" draft="contributed">E dd/MM - E dd/MM</greatestDifference>
							<greatestDifference id="M" draft="contributed">E dd/MM - E dd/MM</greatestDifference>
						</intervalFormatItem>
						<intervalFormatItem id="MMM">
							<greatestDifference id="M" draft="contributed">MMM-MMM</greatestDifference>
						</intervalFormatItem>
						<intervalFormatItem id="MMMd">
							<greatestDifference id="d" draft="contributed">d-d MMM</greatestDifference>
							<greatestDifference id="M" draft="contributed">d MMM - d MMM</greatestDifference>
						</intervalFormatItem>
						<intervalFormatItem id="MMMEd">
							<greatestDifference id="d" draft="contributed">E d - E d MMM</greatestDifference>
							<greatestDifference id="M" draft="contributed">E d MMM - E d MMM</greatestDifference>
						</intervalFormatItem>
						<intervalFormatItem id="y">
							<greatestDifference id="y" draft="contributed">y-y</greatestDifference>
						</intervalFormatItem>
						<intervalFormatItem id="yM">
							<greatestDifference id="M" draft="contributed">MM/yyyy - MM/yyyy</greatestDifference>
							<greatestDifference id="y" draft="contributed">MM/yyyy - MM/yyyy</greatestDifference>
						</intervalFormatItem>
						<intervalFormatItem id="yMd">
							<greatestDifference id="d" draft="contributed">dd/MM/yyyy - dd/MM/yyyy</greatestDifference>
							<greatestDifference id="M" draft="contributed">dd/MM/yyyy - dd/MM/yyyy</greatestDifference>
							<greatestDifference id="y" draft="contributed">dd/MM/yyyy - dd/MM/yyyy</greatestDifference>
						</intervalFormatItem>
						<intervalFormatItem id="yMEd">
							<greatestDifference id="d" draft="contributed">E dd/MM/yyyy - E dd/MM/yyyy</greatestDifference>
							<greatestDifference id="M" draft="contributed">E dd/MM/yyyy - E dd/MM/yyyy</greatestDifference>
							<greatestDifference id="y" draft="contributed">E dd/MM/yyyy - E dd/MM/yyyy</greatestDifference>
						</intervalFormatItem>
						<intervalFormatItem id="yMMM">
							<greatestDifference id="M" draft="contributed">MMM-MMM y</greatestDifference>
							<greatestDifference id="y" draft="contributed">MMM y - MMM y</greatestDifference>
						</intervalFormatItem>
						<intervalFormatItem id="yMMMd">
							<greatestDifference id="d" draft="contributed">d-d MMM y</greatestDifference>
							<greatestDifference id="M" draft="contributed">d MMM - d MMM y</greatestDifference>
							<greatestDifference id="y" draft="contributed">d MMM y - d MMM y</greatestDifference>
						</intervalFormatItem>
						<intervalFormatItem id="yMMMEd">
							<greatestDifference id="d" draft="contributed">E d - E d MMM y</greatestDifference>
							<greatestDifference id="M" draft="contributed">E d MMM - E d MMM y</greatestDifference>
							<greatestDifference id="y" draft="contributed">E d MMM y - E d MMM y</greatestDifference>
						</intervalFormatItem>
					</intervalFormats>
				</dateTimeFormats>
			</calendar>
		</calendars>
	</dates>
	<numbers>
		<currencyFormats>
			<currencyFormatLength>
				<currencyFormat>
					<pattern>¤#,##0.00</pattern>
				</currencyFormat>
			</currencyFormatLength>
		</currencyFormats>
	</numbers>
</ldml>
