<?xml version="1.0" encoding="UTF-8" ?>
<!DOCTYPE ldml SYSTEM "../../common/dtd/ldml.dtd">
<ldml>
	<identity>
		<version number="$Revision: 6546 $"/>
		<generation date="$Date: 2012-02-07 12:32:35 -0600 (Tue, 07 Feb 2012) $"/>
		<language type="es"/>
		<territory type="VE"/>
	</identity>
	<numbers>
		<symbols numberSystem="latn">
			<decimal>,</decimal>
			<group>.</group>
		</symbols>
		<currencyFormats numberSystem="latn">
			<currencyFormatLength>
				<currencyFormat>
					<pattern>¤#,##0.00;¤-#,##0.00</pattern>
				</currencyFormat>
			</currencyFormatLength>
		</currencyFormats>
		<currencies>
			<currency type="VEF">
				<symbol>Bs.F.</symbol>
			</currency>
		</currencies>
	</numbers>
</ldml>
