<?xml version="1.0" encoding="UTF-8" ?>
<!DOCTYPE ldml SYSTEM "../../common/dtd/ldml.dtd">
<ldml>
	<identity>
		<version number="$Revision: 4763 $"/>
		<generation date="$Date: 2010-02-27 02:03:37 -0500 (Sat, 27 Feb 2010) $"/>
		<language type="iu"/>
	</identity>
	<localeDisplayNames>
		<languages>
			<language type="iu" draft="unconfirmed">ᐃᓄᒃᑎᑐᑦ ᑎᑎᕋᐅᓯᖅ</language>
		</languages>
	</localeDisplayNames>
	<characters>
		<exemplarCharacters>[ᐃ-ᐆ ᐊ ᐋ ᐱ-ᐴ ᐸ ᐹ ᑉ ᑎ-ᑑ ᑕ ᑖ ᑦ ᑭ-ᑰ ᑲ ᑳ ᒃ ᒋ-ᒎ ᒐ ᒑ ᒡ ᒥ-ᒨ ᒪ ᒫ ᒻ ᓂ-ᓅ ᓇ ᓈ ᓐ ᓕ-ᓘ ᓚ ᓛ ᓪ ᓯ-ᓲ ᓴ ᓵ ᔅ ᔨ-ᔫ ᔭ ᔮ ᔾ ᕆ-ᕉ ᕋ ᕌ ᕐ ᕕ-ᕚ ᕝ ᕿ-ᖃ ᖅ ᖏ ᖑ-ᖕ ᙱ-ᙶ ᖖ ᖠ-ᖦ]</exemplarCharacters>
		<exemplarCharacters type="index" draft="unconfirmed">[ᐃ ᐄ ᐅ ᐆ ᐊ ᐋ ᐱ ᐲ ᐳ ᐴ ᐸ ᐹ ᑎ ᑏ ᑐ ᑑ ᑕ ᑖ ᑦ ᑭ ᑮ ᑯ ᑰ ᑳ ᒃ ᒋ ᒌ ᒍ ᒎ ᒐ ᒑ ᒡ ᒥ ᒦ ᒨ ᒪ ᒫ ᒻ ᓂ ᓃ ᓄ ᓅ ᓇ ᓈ ᓐ ᓖ ᓗ ᓘ ᓚ ᓛ ᓪ ᓯ ᓰ ᓱ ᓲ ᓴ ᔅ ᔨ ᔩ ᔪ ᔫ ᔭ ᔮ ᔾ ᕆ ᕇ ᕈ ᕋ ᕌ ᕐ ᕕ ᕖ ᕗ ᕘ ᕙ ᕚ ᕝ ᕿ ᖁ ᖂ ᖃ ᖅ ᖏ ᖑ ᖒ ᖓ ᖔ ᖕ ᙱ ᙳ ᙴ ᙵ ᙶ ᖖ ᖠ ᖡ ᖢ ᖣ ᖤ ᖥ]</exemplarCharacters>
	</characters>
	<dates>
		<calendars>
			<calendar type="gregorian">
				<months>
					<monthContext type="format">
						<monthWidth type="wide">
							<month type="1" draft="unconfirmed">ᔭᓐᓄᐊᓕ</month>
							<month type="2" draft="unconfirmed">ᕕᕝᕗᐊᓕ</month>
							<month type="3" draft="unconfirmed">ᒫᑦᓯ</month>
							<month type="4" draft="unconfirmed">ᐊᐃᑉᐳᓗ</month>
							<month type="5" draft="unconfirmed">ᒪᐃ</month>
							<month type="6" draft="unconfirmed">ᔫᓂ</month>
							<month type="7" draft="unconfirmed">ᔪᓚᐃ</month>
							<month type="8" draft="unconfirmed">ᐊᐅᒡᒍᓯ</month>
							<month type="9" draft="unconfirmed">ᓰᑦᑏᕝᕙ</month>
							<month type="10" draft="unconfirmed">ᐆᑦᑑᕝᕙ</month>
							<month type="11" draft="unconfirmed">ᓅᕙᐃᕝᕙ</month>
							<month type="12" draft="unconfirmed">ᑏᓰᕝᕙ</month>
						</monthWidth>
					</monthContext>
				</months>
				<days>
					<dayContext type="format">
						<dayWidth type="wide">
							<day type="sun" draft="unconfirmed">ᓈᑦᓰᖑᔭ</day>
							<day type="mon" draft="unconfirmed">ᓇᒡᒐᔾᔭᐅ</day>
							<day type="tue" draft="unconfirmed">ᓇᒡᒐᔾᔭᐅᓕᖅᑭ</day>
							<day type="wed" draft="unconfirmed">ᐱᖓᑦᓯᖅ</day>
							<day type="thu" draft="unconfirmed">ᓯᑕᒻᒥᖅ</day>
							<day type="fri" draft="unconfirmed">ᑕᓪᓕᕐᒥᖅ</day>
							<day type="sat" draft="unconfirmed">ᓈᑦᓰᖑᔭᓕᖅᕿ</day>
						</dayWidth>
					</dayContext>
				</days>
			</calendar>
		</calendars>
	</dates>
</ldml>
