<?xml version="1.0" encoding="UTF-8" ?>
<!DOCTYPE ldml SYSTEM "../../common/dtd/ldml.dtd">
<ldml>
	<identity>
		<version number="$Revision: 4763 $"/>
		<generation date="$Date: 2010-02-27 01:03:37 -0600 (Sat, 27 Feb 2010) $"/>
		<language type="ku"/>
	</identity>
	<localeDisplayNames>
		<languages>
			<language type="af" draft="unconfirmed">ئه‌فریكای</language>
			<language type="am" draft="unconfirmed">ئه‌مهه‌رینجی</language>
			<language type="ar" draft="unconfirmed">عه‌ره‌بی</language>
			<language type="as" draft="unconfirmed">ئا سسامی (زوبان)</language>
			<language type="az" draft="unconfirmed">ئازه‌ربایجانی</language>
			<language type="be" draft="unconfirmed">بێلاڕووسی</language>
			<language type="bg" draft="unconfirmed">بۆلگاری</language>
			<language type="bh" draft="unconfirmed">بیهاری</language>
			<language type="bn" draft="unconfirmed">به‌نگلادێشی</language>
			<language type="br" draft="unconfirmed">برێتونی</language>
			<language type="bs" draft="unconfirmed">بۆسنی</language>
			<language type="ca" draft="unconfirmed">كاتالۆنی</language>
			<language type="cs" draft="unconfirmed">چه‌كی</language>
			<language type="cy" draft="unconfirmed">وێلزی</language>
			<language type="da" draft="unconfirmed">دانماركی</language>
			<language type="de" draft="unconfirmed">ئاڵمانی</language>
			<language type="el" draft="unconfirmed">یۆنانی</language>
			<language type="en" draft="unconfirmed">ئینگلیزی</language>
			<language type="eo" draft="unconfirmed">ئێسپیرانتۆ</language>
			<language type="es" draft="unconfirmed">ئیسپانی</language>
			<language type="et" draft="unconfirmed">ئیستۆنی</language>
			<language type="eu" draft="unconfirmed">باسكی</language>
			<language type="fa" draft="unconfirmed">فارسی</language>
			<language type="fi" draft="unconfirmed">فینله‌ندی</language>
			<language type="fil" draft="unconfirmed">تاگالۆگی</language>
			<language type="fo" draft="unconfirmed">فه‌رئۆیی</language>
			<language type="fr" draft="unconfirmed">فه‌رانسی</language>
			<language type="fy" draft="unconfirmed">فریسی</language>
			<language type="ga" draft="unconfirmed">ئیرله‌ندی</language>
			<language type="gd" draft="unconfirmed">گه‌لیكی سكۆتله‌ندی</language>
			<language type="gl" draft="unconfirmed">گالیسی</language>
			<language type="gn" draft="unconfirmed">گووارانی</language>
			<language type="gu" draft="unconfirmed">گوجاراتی</language>
			<language type="he" draft="unconfirmed">هیبرێ</language>
			<language type="hi" draft="unconfirmed">هیندی</language>
			<language type="hr" draft="unconfirmed">كرواتی</language>
			<language type="hu" draft="unconfirmed">هه‌نگاری (مه‌جاری)</language>
			<language type="hy" draft="unconfirmed">ئه رمه نی</language>
			<language type="ia" draft="unconfirmed">ئینترلینگوی</language>
			<language type="id" draft="unconfirmed">ئێه‌ندونیزی</language>
			<language type="ie" draft="unconfirmed">ئه نته ر لينگ (زوبان)</language>
			<language type="is" draft="unconfirmed">ئیسله‌ندی</language>
			<language type="it" draft="unconfirmed">ئیتالی</language>
			<language type="ja" draft="unconfirmed">ژاپۆنی</language>
			<language type="jv" draft="unconfirmed">جاڤانی</language>
			<language type="ka" draft="unconfirmed">گۆرجستانی</language>
			<language type="km" draft="unconfirmed">کامبۆجی (زوبان)</language>
			<language type="kn" draft="unconfirmed">كه‌نه‌دایی</language>
			<language type="ko" draft="unconfirmed">كۆری</language>
			<language type="ku" draft="unconfirmed">كوردی</language>
			<language type="ky" draft="unconfirmed">كرگیزی</language>
			<language type="la" draft="unconfirmed">لاتینی</language>
			<language type="ln" draft="unconfirmed">لينگالا</language>
			<language type="lo" draft="unconfirmed">لاو‏ى</language>
			<language type="lt" draft="unconfirmed">لیتوانی</language>
			<language type="lv" draft="unconfirmed">لێتۆنی</language>
			<language type="mk" draft="unconfirmed">ماكێدۆنی</language>
			<language type="ml" draft="unconfirmed">مالایلام</language>
			<language type="mn" draft="unconfirmed">مه‌نگۆلی</language>
			<language type="mr" draft="unconfirmed">ماراتی</language>
			<language type="ms" draft="unconfirmed">مالیزی</language>
			<language type="mt" draft="unconfirmed">ماڵتایی</language>
			<language type="ne" draft="unconfirmed">نێپالی</language>
			<language type="nl" draft="unconfirmed">هۆڵه‌ندی</language>
			<language type="no" draft="unconfirmed">نۆروێژی</language>
			<language type="oc" draft="unconfirmed">ئۆسیتانی</language>
			<language type="or" draft="unconfirmed">ئۆرییا</language>
			<language type="pa" draft="unconfirmed">په‌نجابی</language>
			<language type="pl" draft="unconfirmed">پۆڵۆنیایی (له‌هستانی)</language>
			<language type="ps" draft="unconfirmed">په‌شتوو</language>
			<language type="pt" draft="unconfirmed">پۆرتۆگالی</language>
			<language type="pt_BR" draft="unconfirmed">پورتوگاڵی (برازیل)</language>
			<language type="pt_PT" draft="unconfirmed">پورتوگاڵی (پورتوگاڵ)</language>
			<language type="ro" draft="unconfirmed">ڕۆمانی</language>
			<language type="ru" draft="unconfirmed">ڕووسی</language>
			<language type="sa" draft="unconfirmed">سانسکريت</language>
			<language type="sd" draft="unconfirmed">سيندی(زوبان)</language>
			<language type="sh" draft="unconfirmed">سێربۆكرواتی</language>
			<language type="si" draft="unconfirmed">سینهه‌لی</language>
			<language type="sk" draft="unconfirmed">سلۆڤاكی</language>
			<language type="sl" draft="unconfirmed">سلۆڤێنی</language>
			<language type="so" draft="unconfirmed">سۆمالی</language>
			<language type="sq" draft="unconfirmed">ئاڵبانی</language>
			<language type="sr" draft="unconfirmed">سه‌ربی</language>
			<language type="st" draft="unconfirmed">سێسۆتۆ</language>
			<language type="su" draft="unconfirmed">سودانی</language>
			<language type="sv" draft="unconfirmed">سویدی</language>
			<language type="sw" draft="unconfirmed">سواهیلی</language>
			<language type="ta" draft="unconfirmed">تامیلی</language>
			<language type="te" draft="unconfirmed">ته‌لۆگوی</language>
			<language type="th" draft="unconfirmed">تایله‌ندی</language>
			<language type="ti" draft="unconfirmed">تیگرینیای</language>
			<language type="tk" draft="unconfirmed">تروكمانی</language>
			<language type="tlh" draft="unconfirmed">كلینگۆن</language>
			<language type="tr" draft="unconfirmed">توركی</language>
			<language type="tw" draft="unconfirmed">توی</language>
			<language type="ug" draft="unconfirmed">ئويخووری</language>
			<language type="uk" draft="unconfirmed">ئۆكراینی</language>
			<language type="ur" draft="unconfirmed">ئۆردو‌و</language>
			<language type="uz" draft="unconfirmed">ئۆزبه‌كی</language>
			<language type="vi" draft="unconfirmed">ڤیه‌تنامی</language>
			<language type="xh" draft="unconfirmed">سسوسا</language>
			<language type="yi" draft="unconfirmed">یوددی</language>
			<language type="zu" draft="unconfirmed">زولو</language>
		</languages>
		<scripts>
			<script type="Arab" draft="unconfirmed">عەرەبی</script>
			<script type="Armn" draft="unconfirmed">ئەرمەنیی</script>
			<script type="Beng" draft="unconfirmed">بەنگالی</script>
			<script type="Grek" draft="unconfirmed">یوونانی</script>
			<script type="Hebr" draft="unconfirmed">عیبری</script>
			<script type="Jpan" draft="unconfirmed">ژاپۆنی</script>
			<script type="Kore" draft="unconfirmed">کۆرەیی</script>
			<script type="Latn" draft="unconfirmed">لاتین</script>
		</scripts>
		<territories>
			<territory type="002" draft="unconfirmed">ئەفریقا</territory>
			<territory type="142" draft="unconfirmed">ئاسیا</territory>
			<territory type="AF" draft="unconfirmed">ئەفغانیستان</territory>
			<territory type="AL" draft="unconfirmed">ئەڵبانیا</territory>
			<territory type="AM" draft="unconfirmed">ئەرمەنیا</territory>
			<territory type="AR" draft="unconfirmed">ئارجەنتینا</territory>
			<territory type="AT" draft="unconfirmed">ئۆتریش</territory>
			<territory type="AU" draft="unconfirmed">ئۆستۆڕاڵیا</territory>
			<territory type="AZ" draft="unconfirmed">ئازەربایجان</territory>
			<territory type="BE" draft="unconfirmed">بەلژیک</territory>
			<territory type="BH" draft="unconfirmed">بەحرەین</territory>
			<territory type="BR" draft="unconfirmed">بڕازیل</territory>
			<territory type="CA" draft="unconfirmed">کانەدا</territory>
			<territory type="CL" draft="unconfirmed">شیلی</territory>
			<territory type="CN" draft="unconfirmed">چین</territory>
			<territory type="CU" draft="unconfirmed">کووبا</territory>
			<territory type="CY" draft="unconfirmed">قیبرس</territory>
			<territory type="DE" draft="unconfirmed">ئەڵمانیا</territory>
			<territory type="DZ" draft="unconfirmed">ئەلجەزایر</territory>
			<territory type="FR" draft="unconfirmed">فەڕەنسا</territory>
			<territory type="GB" draft="unconfirmed">بەڕیتانیا</territory>
			<territory type="IN" draft="unconfirmed">ھیند</territory>
			<territory type="IQ" draft="unconfirmed">عێراق</territory>
			<territory type="IT" draft="unconfirmed">ئیتاڵی</territory>
			<territory type="JP" draft="unconfirmed">ژاپۆن</territory>
			<territory type="RU" draft="unconfirmed">ڕووسیا</territory>
			<territory type="US" draft="unconfirmed">وڵاتە یەکگرتووەکان</territory>
			<territory type="ZZ" draft="unconfirmed">نەناسراو</territory>
		</territories>
	</localeDisplayNames>
	<layout>
		<orientation characters="right-to-left"/>
	</layout>
	<characters>
		<exemplarCharacters>[ئ ا ب پ ت ج چ ح خ د ر ز ڕ ژ س ش ع غ ف ڤ ق ک گ ل ڵ م ن ه ھ و ۆ ی ێ]</exemplarCharacters>
		<exemplarCharacters type="auxiliary">[\u064B \u064C \u064D \u064E \u064F \u0650 \u0651 \u0652 ء آ أ ؤ إ ئ ا ب ة ث ذ ص ض ط ظ ك ى ي]</exemplarCharacters>
		<exemplarCharacters type="index" draft="unconfirmed">[ئ ا ب پ ت ج چ ح خ د ر ز ڕ ژ س ش ع غ ف ڤ ق ک گ ل ڵ م ن ه ھ و ۆ ی ێ]</exemplarCharacters>
	</characters>
	<dates>
		<calendars>
			<calendar type="gregorian">
				<days>
					<dayContext type="format">
						<dayWidth type="wide">
							<day type="sun" draft="unconfirmed">یەکشەممە</day>
							<day type="mon" draft="unconfirmed">دووشەممە</day>
							<day type="tue" draft="unconfirmed">سێشەممە</day>
							<day type="wed" draft="unconfirmed">چوارشەممە</day>
						</dayWidth>
					</dayContext>
					<dayContext type="stand-alone">
						<dayWidth type="narrow">
							<day type="sun" draft="unconfirmed">ی</day>
							<day type="mon" draft="unconfirmed">د</day>
							<day type="tue" draft="unconfirmed">س</day>
						</dayWidth>
					</dayContext>
				</days>
			</calendar>
		</calendars>
	</dates>
</ldml>

