<?xml version="1.0" encoding="UTF-8" ?>
<!DOCTYPE ldml SYSTEM "../../common/dtd/ldml.dtd">
<ldml>
	<identity>
		<version number="$Revision: 5157 $"/>
		<generation date="$Date: 2010-10-27 17:38:09 -0400 (Wed, 27 Oct 2010) $"/>
		<language type="ms"/>
		<territory type="BN"/>
	</identity>
	<dates>
		<calendars>
			<calendar type="gregorian">
				<dateFormats>
					<dateFormatLength type="full">
						<dateFormat>
							<pattern>dd MMMM y</pattern>
						</dateFormat>
					</dateFormatLength>
					<dateFormatLength type="medium">
						<dateFormat>
							<pattern>dd/MM/yyyy</pattern>
						</dateFormat>
					</dateFormatLength>
				</dateFormats>
				<dateTimeFormats>
					<intervalFormats>
						<intervalFormatFallback draft="unconfirmed">{0} - {1}</intervalFormatFallback>
						<intervalFormatItem id="h">
							<greatestDifference id="h" draft="unconfirmed">h-h a</greatestDifference>
						</intervalFormatItem>
						<intervalFormatItem id="H">
							<greatestDifference id="H" draft="unconfirmed">H-H</greatestDifference>
						</intervalFormatItem>
						<intervalFormatItem id="hm">
							<greatestDifference id="h" draft="unconfirmed">h:mm-h:mm a</greatestDifference>
							<greatestDifference id="m" draft="unconfirmed">h:mm-h:mm a</greatestDifference>
						</intervalFormatItem>
						<intervalFormatItem id="Hm">
							<greatestDifference id="H" draft="unconfirmed">H:mm-H:mm</greatestDifference>
							<greatestDifference id="m" draft="unconfirmed">H:mm-H:mm</greatestDifference>
						</intervalFormatItem>
						<intervalFormatItem id="hmv">
							<greatestDifference id="h" draft="unconfirmed">h:mm-h:mm a v</greatestDifference>
							<greatestDifference id="m" draft="unconfirmed">h:mm-h:mm a v</greatestDifference>
						</intervalFormatItem>
						<intervalFormatItem id="Hmv">
							<greatestDifference id="H" draft="unconfirmed">H:mm-H:mm v</greatestDifference>
							<greatestDifference id="m" draft="unconfirmed">H:mm-H:mm v</greatestDifference>
						</intervalFormatItem>
						<intervalFormatItem id="hv">
							<greatestDifference id="h" draft="unconfirmed">h-h a v</greatestDifference>
						</intervalFormatItem>
						<intervalFormatItem id="Hv">
							<greatestDifference id="H" draft="unconfirmed">H-H v</greatestDifference>
						</intervalFormatItem>
						<intervalFormatItem id="Md">
							<greatestDifference id="d" draft="unconfirmed">MM-dd - MM-dd</greatestDifference>
							<greatestDifference id="M" draft="unconfirmed">MM-dd - MM-dd</greatestDifference>
						</intervalFormatItem>
						<intervalFormatItem id="MEd">
							<greatestDifference id="d" draft="unconfirmed">MM-dd - MM-dd</greatestDifference>
							<greatestDifference id="M" draft="unconfirmed">MM-dd - MM-dd</greatestDifference>
						</intervalFormatItem>
						<intervalFormatItem id="MMM">
							<greatestDifference id="M" draft="unconfirmed">MMM-MMM</greatestDifference>
						</intervalFormatItem>
						<intervalFormatItem id="MMMd">
							<greatestDifference id="d" draft="unconfirmed">MMM d-d</greatestDifference>
							<greatestDifference id="M" draft="unconfirmed">MMM d - MMM d</greatestDifference>
						</intervalFormatItem>
						<intervalFormatItem id="MMMEd">
							<greatestDifference id="d" draft="unconfirmed">MMM d-d</greatestDifference>
							<greatestDifference id="M" draft="unconfirmed">MMM d - MMM d</greatestDifference>
						</intervalFormatItem>
						<intervalFormatItem id="yM">
							<greatestDifference id="M" draft="unconfirmed">yyyy-MM - yyyy-MM</greatestDifference>
							<greatestDifference id="y" draft="unconfirmed">yyyy-MM - yyyy-MM</greatestDifference>
						</intervalFormatItem>
						<intervalFormatItem id="yMd">
							<greatestDifference id="d" draft="unconfirmed">yyyy-MM-dd - yyyy-MM-dd</greatestDifference>
							<greatestDifference id="M" draft="unconfirmed">yyyy-MM-dd - yyyy-MM-dd</greatestDifference>
							<greatestDifference id="y" draft="unconfirmed">yyyy-MM-dd - yyyy-MM-dd</greatestDifference>
						</intervalFormatItem>
						<intervalFormatItem id="yMEd">
							<greatestDifference id="d" draft="unconfirmed">yyyy-MM-dd - yyyy-MM-dd</greatestDifference>
							<greatestDifference id="M" draft="unconfirmed">yyyy-MM-dd - yyyy-MM-dd</greatestDifference>
							<greatestDifference id="y" draft="unconfirmed">yyyy-MM-dd - yyyy-MM-dd</greatestDifference>
						</intervalFormatItem>
						<intervalFormatItem id="yMMM">
							<greatestDifference id="M" draft="unconfirmed">y MMM-MMM</greatestDifference>
							<greatestDifference id="y" draft="unconfirmed">y MMM - y MMM</greatestDifference>
						</intervalFormatItem>
						<intervalFormatItem id="yMMMd">
							<greatestDifference id="d" draft="unconfirmed">y MMM d-d</greatestDifference>
							<greatestDifference id="M" draft="unconfirmed">y MMM d - MMM d</greatestDifference>
							<greatestDifference id="y" draft="unconfirmed">y MMM d - y MMM d</greatestDifference>
						</intervalFormatItem>
						<intervalFormatItem id="yMMMEd">
							<greatestDifference id="d" draft="unconfirmed">dd-dd MMM y</greatestDifference>
							<greatestDifference id="M" draft="unconfirmed">dd MMM - dd MMM y</greatestDifference>
							<greatestDifference id="y" draft="unconfirmed">dd MMM y - dd MMM y</greatestDifference>
						</intervalFormatItem>
					</intervalFormats>
				</dateTimeFormats>
			</calendar>
		</calendars>
	</dates>
	<numbers>
		<symbols>
			<decimal>,</decimal>
			<group>.</group>
		</symbols>
		<currencyFormats>
			<currencyFormatLength>
				<currencyFormat>
					<pattern>¤ #,##0.00</pattern>
				</currencyFormat>
			</currencyFormatLength>
		</currencyFormats>
		<currencies>
			<currency type="BND">
				<symbol>$</symbol>
			</currency>
		</currencies>
	</numbers>
</ldml>
