<?xml version="1.0" encoding="UTF-8" ?>
<!DOCTYPE ldml SYSTEM "../../common/dtd/ldml.dtd">
<ldml>
	<identity>
		<version number="$Revision: 4763 $"/>
		<generation date="$Date: 2010-02-27 01:03:37 -0600 (Sat, 27 Feb 2010) $"/>
		<language type="ny"/>
	</identity>
	<characters>
		<exemplarCharacters references="R209">[a b c d e f g h i j k l m n o p r s t u w ŵ y z]</exemplarCharacters>
		<exemplarCharacters type="auxiliary" references="R209">[q v x]</exemplarCharacters>
		<exemplarCharacters type="index" draft="unconfirmed">[A B C D E F G H I J K L M N O P Q R S T U V W X Y Z]</exemplarCharacters>
	</characters>
	<dates>
		<calendars>
			<calendar type="gregorian">
				<months>
					<monthContext type="format">
						<monthWidth type="abbreviated">
							<month type="1" draft="unconfirmed">Jan</month>
							<month type="2" draft="unconfirmed">Feb</month>
							<month type="3" draft="unconfirmed">Mal</month>
							<month type="4" draft="unconfirmed">Epu</month>
							<month type="5" draft="unconfirmed">Mei</month>
							<month type="6" draft="unconfirmed">Jun</month>
							<month type="7" draft="unconfirmed">Jul</month>
							<month type="8" draft="unconfirmed">Oga</month>
							<month type="9" draft="unconfirmed">Sep</month>
							<month type="10" draft="unconfirmed">Oku</month>
							<month type="11" draft="unconfirmed">Nov</month>
							<month type="12" draft="unconfirmed">Dis</month>
						</monthWidth>
						<monthWidth type="wide">
							<month type="1" draft="unconfirmed">Januwale</month>
							<month type="2" draft="unconfirmed">Febuluwale</month>
							<month type="3" draft="unconfirmed">Malichi</month>
							<month type="4" draft="unconfirmed">Epulo</month>
							<month type="5" draft="unconfirmed">Mei</month>
							<month type="6" draft="unconfirmed">Juni</month>
							<month type="7" draft="unconfirmed">Julai</month>
							<month type="8" draft="unconfirmed">Ogasiti</month>
							<month type="9" draft="unconfirmed">Seputemba</month>
							<month type="10" draft="unconfirmed">Okutoba</month>
							<month type="11" draft="unconfirmed">Novemba</month>
							<month type="12" draft="unconfirmed">Disemba</month>
						</monthWidth>
					</monthContext>
				</months>
				<days>
					<dayContext type="format">
						<dayWidth type="abbreviated">
							<day type="sun" draft="unconfirmed">Mul</day>
							<day type="mon" draft="unconfirmed">Lem</day>
							<day type="tue" draft="unconfirmed">Wir</day>
							<day type="wed" draft="unconfirmed">Tat</day>
							<day type="thu" draft="unconfirmed">Nai</day>
							<day type="fri" draft="unconfirmed">San</day>
							<day type="sat" draft="unconfirmed">Wer</day>
						</dayWidth>
						<dayWidth type="wide">
							<day type="sun" draft="unconfirmed">Lamulungu</day>
							<day type="mon" draft="unconfirmed">Lolemba</day>
							<day type="tue" draft="unconfirmed">Lachiwiri</day>
							<day type="wed" draft="unconfirmed">Lachitatu</day>
							<day type="thu" draft="unconfirmed">Lachinayi</day>
							<day type="fri" draft="unconfirmed">Lachisanu</day>
							<day type="sat" draft="unconfirmed">Loweruka</day>
						</dayWidth>
					</dayContext>
				</days>
			</calendar>
		</calendars>
	</dates>
	<numbers>
		<currencies>
			<currency type="MWK">
				<displayName draft="unconfirmed">Malawian Kwacha</displayName>
			</currency>
		</currencies>
	</numbers>
	<references>
		<reference type="R209" uri="http://www.ideography.co.uk/library/pdf/charsets.pdf">Character Sets for African Languages</reference>
		<reference type="R210" uri="http://www.eki.ee/letter/chardata.cgi?lang=ny+Chichewa&amp;amp;script=latin">Letter Database (non-ASCII-range) - Chichewa</reference>
	</references>
</ldml>

