<?xml version="1.0" encoding="UTF-8" ?>
<!DOCTYPE ldml SYSTEM "../../common/dtd/ldml.dtd">
<ldml>
	<identity>
		<version number="$Revision: 4768 $"/>
		<generation date="$Date: 2010-02-27 21:22:52 -0600 (Sat, 27 Feb 2010) $"/>
		<language type="sw"/>
	</identity>
	<localeDisplayNames>
		<languages>
			<language type="af" draft="unconfirmed">kiafrikans</language>
			<language type="ak">Kiakan</language>
			<language type="am">Kiamhari</language>
			<language type="ar">Kiarabu</language>
			<language type="as" draft="unconfirmed">kubafu</language>
			<language type="az" draft="unconfirmed">kiazabaijani</language>
			<language type="be">Kibelarusi</language>
			<language type="bg">Kibulgaria</language>
			<language type="bh" draft="unconfirmed">kibihari</language>
			<language type="bn">Kibangla</language>
			<language type="br" draft="unconfirmed">kibreton</language>
			<language type="bs" draft="unconfirmed">kibosnia</language>
			<language type="ca" draft="unconfirmed">kikatalan</language>
			<language type="cs">Kicheki</language>
			<language type="cy" draft="unconfirmed">kiwelsh</language>
			<language type="da" draft="unconfirmed">kidenmarki</language>
			<language type="de">Kijerumani</language>
			<language type="el">Kigiriki</language>
			<language type="en">Kiingereza</language>
			<language type="eo" draft="unconfirmed">kiesperanto</language>
			<language type="es">Kihispania</language>
			<language type="et" draft="unconfirmed">kiestonia</language>
			<language type="eu" draft="unconfirmed">kibaski</language>
			<language type="fa">Kiajemi</language>
			<language type="fi" draft="unconfirmed">kifinlandi</language>
			<language type="fil" draft="unconfirmed">kitagalog</language>
			<language type="fo" draft="unconfirmed">kifaroe</language>
			<language type="fr">Kifaransa</language>
			<language type="fy" draft="unconfirmed">kifrisia</language>
			<language type="ga" draft="unconfirmed">kiairish</language>
			<language type="gd" draft="unconfirmed">kiskotlandi</language>
			<language type="gl" draft="unconfirmed">kigalisia</language>
			<language type="gn" draft="unconfirmed">guarani</language>
			<language type="gu" draft="unconfirmed">kigujarati</language>
			<language type="ha">Kihausa</language>
			<language type="he" draft="unconfirmed">kiyahudi</language>
			<language type="hi">Kihindi</language>
			<language type="hr" draft="unconfirmed">kikroeshia</language>
			<language type="hu">Kihungari</language>
			<language type="hy" draft="unconfirmed">muarmeni</language>
			<language type="ia" draft="unconfirmed">kiinterlingua</language>
			<language type="id">Kiindonesia</language>
			<language type="ie" draft="unconfirmed">lugha ya kisayansi</language>
			<language type="ig">Kiigbo</language>
			<language type="is" draft="unconfirmed">kiaislandi</language>
			<language type="it">Kiitaliano</language>
			<language type="ja">Kijapani</language>
			<language type="jv">Kijava</language>
			<language type="ka" draft="unconfirmed">kijiojia</language>
			<language type="km">Kikambodia</language>
			<language type="kn" draft="unconfirmed">kikannada</language>
			<language type="ko">Kikorea</language>
			<language type="ku" draft="unconfirmed">kikurdi</language>
			<language type="ky" draft="unconfirmed">kugizi</language>
			<language type="la" draft="unconfirmed">kirumi</language>
			<language type="ln" draft="unconfirmed">kilingala</language>
			<language type="lo" draft="unconfirmed">kilaosi</language>
			<language type="lt" draft="unconfirmed">kilithuania</language>
			<language type="lv" draft="unconfirmed">kilatvia</language>
			<language type="mk" draft="unconfirmed">kimasedonia</language>
			<language type="ml" draft="unconfirmed">kimalayalam</language>
			<language type="mn" draft="unconfirmed">kimongolia</language>
			<language type="mr" draft="unconfirmed">kimarathi</language>
			<language type="ms">Kimalesia</language>
			<language type="mt" draft="unconfirmed">kimalta</language>
			<language type="my">Kiburma</language>
			<language type="ne">Kinepali</language>
			<language type="nl">Kiholanzi</language>
			<language type="no" draft="unconfirmed">kinorwei</language>
			<language type="oc" draft="unconfirmed">kiositani</language>
			<language type="or" draft="unconfirmed">kioriya</language>
			<language type="pa">Kipunjabi</language>
			<language type="pl">Kipolandi</language>
			<language type="ps" draft="unconfirmed">kipashto</language>
			<language type="pt">Kireno</language>
			<language type="pt_BR" draft="unconfirmed">kireno (brazil)</language>
			<language type="pt_PT" draft="unconfirmed">kireno (ureno)</language>
			<language type="ro">Kiromania</language>
			<language type="ru">Kirusi</language>
			<language type="rw">Kinyarwanda</language>
			<language type="sa" draft="unconfirmed">kisanskriti</language>
			<language type="sd" draft="unconfirmed">msindhi</language>
			<language type="sh" draft="unconfirmed">kiserbia-kroeshia</language>
			<language type="si" draft="unconfirmed">kisinhali</language>
			<language type="sk" draft="unconfirmed">kislovakia</language>
			<language type="sl" draft="unconfirmed">kislovenia</language>
			<language type="so">Kisomali</language>
			<language type="sq" draft="unconfirmed">kialbania</language>
			<language type="sr" draft="unconfirmed">kiserbia</language>
			<language type="st" draft="unconfirmed">sesotho</language>
			<language type="su" draft="unconfirmed">kinubi</language>
			<language type="sv">Kiswidi</language>
			<language type="sw">Kenya</language>
			<language type="ta">Kitamil</language>
			<language type="te" draft="unconfirmed">kitelugu</language>
			<language type="th">Kitailandi</language>
			<language type="ti" draft="unconfirmed">kitigrinya</language>
			<language type="tk" draft="unconfirmed">wataki weume</language>
			<language type="tlh" draft="unconfirmed">kiklingon</language>
			<language type="tr">Kituruki</language>
			<language type="tw" draft="unconfirmed">kitwii</language>
			<language type="ug" draft="unconfirmed">ombwa</language>
			<language type="uk">Kiukrania</language>
			<language type="ur">Kiurdu</language>
			<language type="uz" draft="unconfirmed">kiuzbeki</language>
			<language type="vi">Kivietinamu</language>
			<language type="xh" draft="unconfirmed">kikhosa</language>
			<language type="yi" draft="unconfirmed">kiyidish</language>
			<language type="yo">Kiyoruba</language>
			<language type="zh">Kichina</language>
			<language type="zu">Kizulu</language>
		</languages>
		<territories>
			<territory type="AD">Andora</territory>
			<territory type="AE">Falme za Kiarabu</territory>
			<territory type="AF">Afuganistani</territory>
			<territory type="AG">Antigua na Barbuda</territory>
			<territory type="AI">Anguilla</territory>
			<territory type="AL">Albania</territory>
			<territory type="AM">Armenia</territory>
			<territory type="AN">Antili za Uholanzi</territory>
			<territory type="AO">Angola</territory>
			<territory type="AR">Ajentina</territory>
			<territory type="AS">Samoa ya Marekani</territory>
			<territory type="AT">Austria</territory>
			<territory type="AU">Australia</territory>
			<territory type="AW">Aruba</territory>
			<territory type="AZ">Azabajani</territory>
			<territory type="BA">Bosnia na Hezegovina</territory>
			<territory type="BB">Babadosi</territory>
			<territory type="BD">Bangladeshi</territory>
			<territory type="BE">Ubelgiji</territory>
			<territory type="BF">Bukinafaso</territory>
			<territory type="BG">Bulgaria</territory>
			<territory type="BH">Bahareni</territory>
			<territory type="BI">Burundi</territory>
			<territory type="BJ">Benini</territory>
			<territory type="BM">Bermuda</territory>
			<territory type="BN">Brunei</territory>
			<territory type="BO">Bolivia</territory>
			<territory type="BR">Brazili</territory>
			<territory type="BS">Bahama</territory>
			<territory type="BT">Butani</territory>
			<territory type="BW">Botswana</territory>
			<territory type="BY">Belarusi</territory>
			<territory type="BZ">Belize</territory>
			<territory type="CA">Kanada</territory>
			<territory type="CD">Jamhuri ya Kidemokrasia ya Kongo</territory>
			<territory type="CF">Jamhuri ya Afrika ya Kati</territory>
			<territory type="CG">Kongo</territory>
			<territory type="CH">Uswisi</territory>
			<territory type="CI">Kodivaa</territory>
			<territory type="CK">Visiwa vya Cook</territory>
			<territory type="CL">Chile</territory>
			<territory type="CM">Kameruni</territory>
			<territory type="CN">China</territory>
			<territory type="CO">Kolombia</territory>
			<territory type="CR">Kostarika</territory>
			<territory type="CS">Serbia na Montenegro</territory>
			<territory type="CU">Kuba</territory>
			<territory type="CV">Kepuvede</territory>
			<territory type="CY">Kuprosi</territory>
			<territory type="CZ">Jamhuri ya Cheki</territory>
			<territory type="DE">Ujerumani</territory>
			<territory type="DJ">Jibuti</territory>
			<territory type="DK">Denmaki</territory>
			<territory type="DM">Dominika</territory>
			<territory type="DO">Jamhuri ya Dominika</territory>
			<territory type="DZ">Aljeria</territory>
			<territory type="EC">Ekwado</territory>
			<territory type="EE">Estonia</territory>
			<territory type="EG">Misri</territory>
			<territory type="ER">Eritrea</territory>
			<territory type="ES">Hispania</territory>
			<territory type="ET">Uhabeshi</territory>
			<territory type="FI">Ufini</territory>
			<territory type="FJ">Fiji</territory>
			<territory type="FK">Visiwa vya Falkland</territory>
			<territory type="FM">Mikronesia</territory>
			<territory type="FR">Ufaransa</territory>
			<territory type="GA">Gaboni</territory>
			<territory type="GB">Uingereza</territory>
			<territory type="GD">Grenada</territory>
			<territory type="GE">Jojia</territory>
			<territory type="GF">Gwiyana ya Ufaransa</territory>
			<territory type="GH">Ghana</territory>
			<territory type="GI">Jibralta</territory>
			<territory type="GL">Grinlandi</territory>
			<territory type="GM">Gambia</territory>
			<territory type="GN">Gine</territory>
			<territory type="GP">Gwadelupe</territory>
			<territory type="GQ">Ginekweta</territory>
			<territory type="GR">Ugiriki</territory>
			<territory type="GT">Gwatemala</territory>
			<territory type="GU">Gwam</territory>
			<territory type="GW">Ginebisau</territory>
			<territory type="GY">Guyana</territory>
			<territory type="HN">Hondurasi</territory>
			<territory type="HR">Korasia</territory>
			<territory type="HT">Haiti</territory>
			<territory type="HU">Hungaria</territory>
			<territory type="ID">Indonesia</territory>
			<territory type="IE">Ayalandi</territory>
			<territory type="IL">Israeli</territory>
			<territory type="IN">India</territory>
			<territory type="IO">Eneo la Uingereza katika Bahari Hindi</territory>
			<territory type="IQ">Iraki</territory>
			<territory type="IR">Uajemi</territory>
			<territory type="IS">Aislandi</territory>
			<territory type="IT">Italia</territory>
			<territory type="JM">Jamaika</territory>
			<territory type="JO">Yordani</territory>
			<territory type="JP">Japani</territory>
			<territory type="KE">Kenya</territory>
			<territory type="KG">Kirigizistani</territory>
			<territory type="KH">Kambodia</territory>
			<territory type="KI">Kiribati</territory>
			<territory type="KM">Komoro</territory>
			<territory type="KN">Santakitzi na Nevis</territory>
			<territory type="KP">Korea Kaskazini</territory>
			<territory type="KR">Korea Kusini</territory>
			<territory type="KW">Kuwaiti</territory>
			<territory type="KY">Visiwa vya Kayman</territory>
			<territory type="KZ">Kazakistani</territory>
			<territory type="LA">Laosi</territory>
			<territory type="LB">Lebanoni</territory>
			<territory type="LC">Santalusia</territory>
			<territory type="LI">Lishenteni</territory>
			<territory type="LK">Sirilanka</territory>
			<territory type="LR">Liberia</territory>
			<territory type="LS">Lesoto</territory>
			<territory type="LT">Litwania</territory>
			<territory type="LU">Lasembagi</territory>
			<territory type="LV">Lativia</territory>
			<territory type="LY">Libya</territory>
			<territory type="MA">Moroko</territory>
			<territory type="MC">Monako</territory>
			<territory type="MD">Moldova</territory>
			<territory type="MG">Bukini</territory>
			<territory type="MH">Visiwa vya Marshal</territory>
			<territory type="MK">Masedonia</territory>
			<territory type="ML">Mali</territory>
			<territory type="MM">Myama</territory>
			<territory type="MN">Mongolia</territory>
			<territory type="MP">Visiwa vya Mariana vya Kaskazini</territory>
			<territory type="MQ">Martiniki</territory>
			<territory type="MR">Moritania</territory>
			<territory type="MS">Montserrati</territory>
			<territory type="MT">Malta</territory>
			<territory type="MU">Morisi</territory>
			<territory type="MV">Modivu</territory>
			<territory type="MW">Malawi</territory>
			<territory type="MX">Meksiko</territory>
			<territory type="MY">Malesia</territory>
			<territory type="MZ">Msumbiji</territory>
			<territory type="NA">Namibia</territory>
			<territory type="NC">Nyukaledonia</territory>
			<territory type="NE">Nijeri</territory>
			<territory type="NF">Kisiwa cha Norfok</territory>
			<territory type="NG">Nijeria</territory>
			<territory type="NI">Nikaragwa</territory>
			<territory type="NL">Uholanzi</territory>
			<territory type="NO">Norwe</territory>
			<territory type="NP">Nepali</territory>
			<territory type="NR">Nauru</territory>
			<territory type="NU">Niue</territory>
			<territory type="NZ">Nyuzilandi</territory>
			<territory type="OM">Omani</territory>
			<territory type="PA">Panama</territory>
			<territory type="PE">Peru</territory>
			<territory type="PF">Polinesia ya Ufaransa</territory>
			<territory type="PG">Papua</territory>
			<territory type="PH">Filipino</territory>
			<territory type="PK">Pakistani</territory>
			<territory type="PL">Polandi</territory>
			<territory type="PM">Santapieri na Mikeloni</territory>
			<territory type="PN">Pitkairni</territory>
			<territory type="PR">Pwetoriko</territory>
			<territory type="PS">Ukingo wa Magharibi na Ukanda wa Gaza wa Palestina</territory>
			<territory type="PT">Ureno</territory>
			<territory type="PW">Palau</territory>
			<territory type="PY">Paragwai</territory>
			<territory type="QA">Katari</territory>
			<territory type="RE">Riyunioni</territory>
			<territory type="RO">Romania</territory>
			<territory type="RU">Urusi</territory>
			<territory type="RW">Rwanda</territory>
			<territory type="SA">Saudi</territory>
			<territory type="SB">Visiwa vya Solomon</territory>
			<territory type="SC">Shelisheli</territory>
			<territory type="SD">Sudani</territory>
			<territory type="SE">Uswidi</territory>
			<territory type="SG">Singapoo</territory>
			<territory type="SH">Santahelena</territory>
			<territory type="SI">Slovenia</territory>
			<territory type="SK">Slovakia</territory>
			<territory type="SL">Siera Leoni</territory>
			<territory type="SM">Samarino</territory>
			<territory type="SN">Senegali</territory>
			<territory type="SO">Somalia</territory>
			<territory type="SR">Surinamu</territory>
			<territory type="ST">Sao Tome na Principe</territory>
			<territory type="SV">Elsavado</territory>
			<territory type="SY">Siria</territory>
			<territory type="SZ">Uswazi</territory>
			<territory type="TC">Visiwa vya Turki na Kaiko</territory>
			<territory type="TD">Chadi</territory>
			<territory type="TG">Togo</territory>
			<territory type="TH">Tailandi</territory>
			<territory type="TJ">Tajikistani</territory>
			<territory type="TK">Tokelau</territory>
			<territory type="TL">Timori ya Mashariki</territory>
			<territory type="TM">Turukimenistani</territory>
			<territory type="TN">Tunisia</territory>
			<territory type="TO">Tonga</territory>
			<territory type="TR">Uturuki</territory>
			<territory type="TT">Trinidad na Tobago</territory>
			<territory type="TV">Tuvalu</territory>
			<territory type="TW">Taiwani</territory>
			<territory type="TZ">Tanzania</territory>
			<territory type="UA">Ukraini</territory>
			<territory type="UG">Uganda</territory>
			<territory type="US">Marekani</territory>
			<territory type="UY">Urugwai</territory>
			<territory type="UZ">Uzibekistani</territory>
			<territory type="VA">Vatikani</territory>
			<territory type="VC">Santavisenti na Grenadini</territory>
			<territory type="VE">Venezuela</territory>
			<territory type="VG">Visiwa vya Virgin vya Uingereza</territory>
			<territory type="VI">Visiwa vya Virgin vya Marekani</territory>
			<territory type="VN">Vietinamu</territory>
			<territory type="VU">Vanuatu</territory>
			<territory type="WF">Walis na Futuna</territory>
			<territory type="WS">Samoa</territory>
			<territory type="YE">Yemeni</territory>
			<territory type="YT">Mayotte</territory>
			<territory type="ZA">Afrika Kusini</territory>
			<territory type="ZM">Zambia</territory>
			<territory type="ZW">Zimbabwe</territory>
		</territories>
	</localeDisplayNames>
	<characters>
		<exemplarCharacters>[a b c d {dh} e f g h i j k l m n {ng} {ng'} {ny} o p r s {sh} t {th} u v w y z]</exemplarCharacters>
		<exemplarCharacters type="auxiliary">[q x]</exemplarCharacters>
		<exemplarCharacters type="currencySymbol">[a b c d e f g h i j k l m n o p q r s t u v w x y z]</exemplarCharacters>
		<exemplarCharacters type="index" draft="unconfirmed">[A B C D E F G H I J K L M N O P Q R S T U V W X Y Z]</exemplarCharacters>
	</characters>
	<delimiters>
		<quotationStart>'</quotationStart>
		<quotationEnd>'</quotationEnd>
		<alternateQuotationStart>'</alternateQuotationStart>
		<alternateQuotationEnd>'</alternateQuotationEnd>
	</delimiters>
	<dates>
		<calendars>
			<calendar type="gregorian">
				<months>
					<monthContext type="format">
						<monthWidth type="abbreviated">
							<month type="1">Jan</month>
							<month type="2">Feb</month>
							<month type="3">Mac</month>
							<month type="4">Apr</month>
							<month type="5">Mei</month>
							<month type="6">Jun</month>
							<month type="7">Jul</month>
							<month type="8">Ago</month>
							<month type="9">Sep</month>
							<month type="10">Okt</month>
							<month type="11">Nov</month>
							<month type="12">Des</month>
						</monthWidth>
						<monthWidth type="wide">
							<month type="1">Januari</month>
							<month type="2">Februari</month>
							<month type="3">Machi</month>
							<month type="4">Aprili</month>
							<month type="5">Mei</month>
							<month type="6">Juni</month>
							<month type="7">Julai</month>
							<month type="8">Agosti</month>
							<month type="9">Septemba</month>
							<month type="10">Oktoba</month>
							<month type="11">Novemba</month>
							<month type="12">Desemba</month>
						</monthWidth>
					</monthContext>
					<monthContext type="stand-alone">
						<monthWidth type="narrow">
							<month type="1">J</month>
							<month type="2">F</month>
							<month type="3">M</month>
							<month type="4">A</month>
							<month type="5">M</month>
							<month type="6">J</month>
							<month type="7">J</month>
							<month type="8">A</month>
							<month type="9">S</month>
							<month type="10">O</month>
							<month type="11">N</month>
							<month type="12">D</month>
						</monthWidth>
					</monthContext>
				</months>
				<days>
					<dayContext type="format">
						<dayWidth type="abbreviated">
							<day type="sun">J2</day>
							<day type="mon">J3</day>
							<day type="tue">J4</day>
							<day type="wed">J5</day>
							<day type="thu">Alh</day>
							<day type="fri">Ij</day>
							<day type="sat">J1</day>
						</dayWidth>
						<dayWidth type="wide">
							<day type="sun">Jumapili</day>
							<day type="mon">Jumatatu</day>
							<day type="tue">Jumanne</day>
							<day type="wed">Jumatano</day>
							<day type="thu">Alhamisi</day>
							<day type="fri">Ijumaa</day>
							<day type="sat">Jumamosi</day>
						</dayWidth>
					</dayContext>
					<dayContext type="stand-alone">
						<dayWidth type="narrow">
							<day type="sun">2</day>
							<day type="mon">3</day>
							<day type="tue">4</day>
							<day type="wed">5</day>
							<day type="thu">A</day>
							<day type="fri">I</day>
							<day type="sat">1</day>
						</dayWidth>
					</dayContext>
				</days>
				<quarters>
					<quarterContext type="format">
						<quarterWidth type="abbreviated">
							<quarter type="1">R1</quarter>
							<quarter type="2">R2</quarter>
							<quarter type="3">R3</quarter>
							<quarter type="4">R4</quarter>
						</quarterWidth>
						<quarterWidth type="wide">
							<quarter type="1">Robo 1</quarter>
							<quarter type="2">Robo 2</quarter>
							<quarter type="3">Robo 3</quarter>
							<quarter type="4">Robo 4</quarter>
						</quarterWidth>
					</quarterContext>
				</quarters>
				<dayPeriods>
					<dayPeriodContext type="format">
						<dayPeriodWidth type="wide">
							<dayPeriod type="am">asubuhi</dayPeriod>
							<dayPeriod type="pm">alasiri</dayPeriod>
						</dayPeriodWidth>
					</dayPeriodContext>
				</dayPeriods>
				<eras>
					<eraNames>
						<era type="0">Kabla ya Kristo</era>
						<era type="1">Baada ya Kristo</era>
					</eraNames>
					<eraAbbr>
						<era type="0">KK</era>
						<era type="1">BK</era>
					</eraAbbr>
				</eras>
				<dateFormats>
					<dateFormatLength type="full">
						<dateFormat>
							<pattern>EEEE, d MMMM y</pattern>
						</dateFormat>
					</dateFormatLength>
					<dateFormatLength type="long">
						<dateFormat>
							<pattern>d MMMM y</pattern>
						</dateFormat>
					</dateFormatLength>
					<dateFormatLength type="medium">
						<dateFormat>
							<pattern>d MMM y</pattern>
						</dateFormat>
					</dateFormatLength>
					<dateFormatLength type="short">
						<dateFormat>
							<pattern>dd/MM/yyyy</pattern>
						</dateFormat>
					</dateFormatLength>
				</dateFormats>
				<timeFormats>
					<timeFormatLength type="full">
						<timeFormat>
							<pattern>h:mm:ss a zzzz</pattern>
						</timeFormat>
					</timeFormatLength>
					<timeFormatLength type="long">
						<timeFormat>
							<pattern>h:mm:ss a z</pattern>
						</timeFormat>
					</timeFormatLength>
					<timeFormatLength type="medium">
						<timeFormat>
							<pattern>h:mm:ss a</pattern>
						</timeFormat>
					</timeFormatLength>
					<timeFormatLength type="short">
						<timeFormat>
							<pattern>h:mm a</pattern>
						</timeFormat>
					</timeFormatLength>
				</timeFormats>
				<dateTimeFormats>
					<availableFormats>
						<dateFormatItem id="d">d</dateFormatItem>
						<dateFormatItem id="hm">h:mm a</dateFormatItem>
						<dateFormatItem id="Hm">HH:mm</dateFormatItem>
						<dateFormatItem id="Hms">HH:mm:ss</dateFormatItem>
						<dateFormatItem id="M">L</dateFormatItem>
						<dateFormatItem id="Md">M/d</dateFormatItem>
						<dateFormatItem id="MEd">E, M/d</dateFormatItem>
						<dateFormatItem id="MMM">LLL</dateFormatItem>
						<dateFormatItem id="MMMd">MMM d</dateFormatItem>
						<dateFormatItem id="MMMEd">E, MMM d</dateFormatItem>
						<dateFormatItem id="MMMMd">MMMM d</dateFormatItem>
						<dateFormatItem id="MMMMEd">E, MMMM d</dateFormatItem>
						<dateFormatItem id="ms">mm:ss</dateFormatItem>
						<dateFormatItem id="y">y</dateFormatItem>
						<dateFormatItem id="yM">M/y</dateFormatItem>
						<dateFormatItem id="yMEd">EEE, M/d/y</dateFormatItem>
						<dateFormatItem id="yMMM">MMM y</dateFormatItem>
						<dateFormatItem id="yMMMEd">EEE, MMM d, y</dateFormatItem>
						<dateFormatItem id="yMMMM">MMMM y</dateFormatItem>
						<dateFormatItem id="yQ">Q y</dateFormatItem>
						<dateFormatItem id="yQQQ">QQQ y</dateFormatItem>
					</availableFormats>
				</dateTimeFormats>
				<fields>
					<field type="era">
						<displayName>Enzi</displayName>
					</field>
					<field type="year">
						<displayName>Mwaka</displayName>
					</field>
					<field type="month">
						<displayName>Mwezi</displayName>
					</field>
					<field type="week">
						<displayName>Wiki</displayName>
					</field>
					<field type="day">
						<displayName>Siku</displayName>
						<relative type="-1">Jana</relative>
						<relative type="0">Leo</relative>
						<relative type="1">Kesho</relative>
					</field>
					<field type="weekday">
						<displayName>Siku ya wiki</displayName>
					</field>
					<field type="dayperiod">
						<displayName>Muda wa siku</displayName>
					</field>
					<field type="hour">
						<displayName>Saa</displayName>
					</field>
					<field type="minute">
						<displayName>Dakika</displayName>
					</field>
					<field type="second">
						<displayName>Sekunde</displayName>
					</field>
					<field type="zone">
						<displayName>Majira ya saa</displayName>
					</field>
				</fields>
			</calendar>
		</calendars>
		<timeZoneNames>
			<metazone type="Africa_Eastern">
				<long>
					<standard>Saa za Africa Mashariki</standard>
				</long>
			</metazone>
		</timeZoneNames>
	</dates>
	<numbers>
		<currencyFormats>
			<currencyFormatLength>
				<currencyFormat>
					<pattern>#,##0.00 ¤</pattern>
				</currencyFormat>
			</currencyFormatLength>
		</currencyFormats>
		<currencies>
			<currency type="AED">
				<displayName>dirham ya Falme za Kiarabu</displayName>
			</currency>
			<currency type="AOA">
				<displayName>kwanza ya Angola</displayName>
			</currency>
			<currency type="AUD">
				<displayName>dola ya Australia</displayName>
			</currency>
			<currency type="BHD">
				<displayName>dinari ya Bahareni</displayName>
			</currency>
			<currency type="BIF">
				<displayName>faranga ya Burundi</displayName>
			</currency>
			<currency type="BWP">
				<displayName>pula ya Botswana</displayName>
			</currency>
			<currency type="CAD">
				<displayName>dola ya Kanada</displayName>
			</currency>
			<currency type="CDF">
				<displayName>faranga ya Kongo</displayName>
			</currency>
			<currency type="CHF">
				<displayName>faranga ya Uswisi</displayName>
			</currency>
			<currency type="CNY">
				<displayName>yuan Renminbi ya China</displayName>
			</currency>
			<currency type="CVE">
				<displayName>eskudo ya Kepuvede</displayName>
			</currency>
			<currency type="DJF">
				<displayName>faranga ya Jibuti</displayName>
			</currency>
			<currency type="DZD">
				<displayName>dinari ya Aljeria</displayName>
			</currency>
			<currency type="EGP">
				<displayName>pauni ya Misri</displayName>
			</currency>
			<currency type="ERN">
				<displayName>nakfa ya Eritrea</displayName>
			</currency>
			<currency type="ETB">
				<displayName>bir ya Uhabeshi</displayName>
			</currency>
			<currency type="EUR">
				<displayName>yuro</displayName>
			</currency>
			<currency type="GBP">
				<displayName>pauni ya Uingereza</displayName>
			</currency>
			<currency type="GHC">
				<displayName>sedi ya Ghana</displayName>
			</currency>
			<currency type="GMD">
				<displayName>dalasi ya Gambia</displayName>
			</currency>
			<currency type="GNS">
				<displayName>faranga ya Gine</displayName>
			</currency>
			<currency type="INR">
				<displayName>rupia ya India</displayName>
			</currency>
			<currency type="JPY">
				<displayName>sarafu ya Kijapani</displayName>
			</currency>
			<currency type="KES">
				<displayName>shilingi ya Kenya</displayName>
			</currency>
			<currency type="KMF">
				<displayName>faranga ya Komoro</displayName>
			</currency>
			<currency type="LRD">
				<displayName>dola ya Liberia</displayName>
			</currency>
			<currency type="LSL">
				<displayName>loti ya Lesoto</displayName>
			</currency>
			<currency type="LYD">
				<displayName>dinari ya Libya</displayName>
			</currency>
			<currency type="MAD">
				<displayName>dirham ya Moroko</displayName>
			</currency>
			<currency type="MGA">
				<displayName>faranga ya Bukini</displayName>
			</currency>
			<currency type="MRO">
				<displayName>ugwiya ya Moritania</displayName>
			</currency>
			<currency type="MUR">
				<displayName>rupia ya Morisi</displayName>
			</currency>
			<currency type="MWK">
				<displayName>kwacha ya Malawi</displayName>
			</currency>
			<currency type="MZM">
				<displayName>metikali ya Msumbiji</displayName>
			</currency>
			<currency type="NAD">
				<displayName>dola ya Namibia</displayName>
			</currency>
			<currency type="NGN">
				<displayName>naira ya Nijeria</displayName>
			</currency>
			<currency type="RWF">
				<displayName>faranga ya Rwanda</displayName>
			</currency>
			<currency type="SAR">
				<displayName>riyal ya Saudia</displayName>
			</currency>
			<currency type="SCR">
				<displayName>rupia ya Shelisheli</displayName>
			</currency>
			<currency type="SDG">
				<displayName>dinari ya Sudani</displayName>
			</currency>
			<currency type="SDP">
				<displayName>pauni ya Sudani</displayName>
			</currency>
			<currency type="SHP">
				<displayName>pauni ya Santahelena</displayName>
			</currency>
			<currency type="SLL">
				<displayName>leoni</displayName>
			</currency>
			<currency type="SOS">
				<displayName>shilingi ya Somalia</displayName>
			</currency>
			<currency type="STD">
				<displayName>dobra ya Sao Tome na Principe</displayName>
			</currency>
			<currency type="SZL">
				<displayName>lilangeni</displayName>
			</currency>
			<currency type="TND">
				<displayName>dinari ya Tunisia</displayName>
			</currency>
			<currency type="TZS">
				<displayName>shilingi ya Tanzania</displayName>
			</currency>
			<currency type="UGX">
				<displayName>shilingi ya Uganda</displayName>
			</currency>
			<currency type="USD">
				<displayName>dola ya Marekani</displayName>
			</currency>
			<currency type="XAF">
				<displayName>faranga CFA BEAC</displayName>
			</currency>
			<currency type="XOF">
				<displayName>faranga CFA BCEAO</displayName>
			</currency>
			<currency type="ZAR">
				<displayName>randi ya Afrika Kusini</displayName>
			</currency>
			<currency type="ZMK">
				<displayName>kwacha ya Zambia</displayName>
			</currency>
			<currency type="ZWD">
				<displayName>dola ya Zimbabwe</displayName>
			</currency>
		</currencies>
	</numbers>
	<posix>
		<messages>
			<yesstr>Ndiyo:N</yesstr>
			<nostr>Hapana:H</nostr>
		</messages>
	</posix>
</ldml>

