<?xml version="1.0" encoding="UTF-8" ?>
<!DOCTYPE ldml SYSTEM "../../common/dtd/ldml.dtd">
<!-- Data donated by Mr.Raymond Doctor, CDAC, Pune, India ! -->
<ldml>
	<identity>
		<version number="$Revision: 4765 $"/>
		<generation date="$Date: 2010-02-27 18:03:30 -0600 (Sat, 27 Feb 2010) $"/>
		<language type="ur"/>
	</identity>
	<localeDisplayNames>
		<languages>
			<language type="af" draft="contributed">ايفريکانز</language>
			<language type="am" draft="contributed">امہاری</language>
			<language type="ar" draft="contributed">عربی</language>
			<language type="as" draft="contributed">آسامی</language>
			<language type="az" draft="contributed">آزربائیجانی</language>
			<language type="be" draft="contributed">بيلاروسی</language>
			<language type="bg" draft="contributed">بلغاری</language>
			<language type="bh" draft="contributed">بِہاری</language>
			<language type="bn" draft="contributed">بنگالی</language>
			<language type="br" draft="contributed">برِیٹن</language>
			<language type="bs" draft="contributed">بوسنی</language>
			<language type="ca" draft="contributed">کاٹالانين</language>
			<language type="cs" draft="contributed">چيک</language>
			<language type="cy" draft="unconfirmed">ويلش</language>
			<language type="da" draft="contributed">ڈينش</language>
			<language type="de" draft="contributed">جرمن</language>
			<language type="el" draft="contributed">يونانی</language>
			<language type="en" draft="contributed">انگريزی</language>
			<language type="en_GB" draft="contributed">برطانوی انگریزی</language>
			<language type="en_US" draft="unconfirmed">امریکہ کی انگریزی</language>
			<language type="eo" draft="contributed">ايسپرانٹو</language>
			<language type="es" draft="unconfirmed">ہسپانوی</language>
			<language type="et" draft="contributed">اسٹونين</language>
			<language type="eu" draft="contributed">باسکی</language>
			<language type="fa" draft="contributed">فارسی</language>
			<language type="fi" draft="contributed">فنّنِش</language>
			<language type="fil" draft="contributed">ٹيگالاگی</language>
			<language type="fo" draft="contributed">فیروئیز</language>
			<language type="fr" draft="contributed">فرانسيسی</language>
			<language type="fy" draft="unconfirmed">فريژين</language>
			<language type="ga" draft="contributed">آئيرِش</language>
			<language type="gd" draft="contributed">سکاٹ گيلِک</language>
			<language type="gl" draft="contributed">گاليشيائی</language>
			<language type="gn" draft="contributed">گُارانی</language>
			<language type="gu" draft="contributed">گجراتی</language>
			<language type="he" draft="contributed">عبرانی</language>
			<language type="hi" draft="contributed">ہندی</language>
			<language type="hr" draft="contributed">کراتی</language>
			<language type="hu" draft="contributed">ہنگیرین</language>
			<language type="hy" draft="contributed">ارمینی</language>
			<language type="ia" draft="contributed">انٹرلنگوی</language>
			<language type="id" draft="contributed">انڈونيثيائی</language>
			<language type="is" draft="unconfirmed">برفستانی</language>
			<language type="it" draft="contributed">اطالوی</language>
			<language type="ja" draft="contributed">جاپانی</language>
			<language type="jv" draft="contributed">جاوی</language>
			<language type="ka" draft="contributed">جارجی</language>
			<language type="km" draft="contributed">کمبوڈیَن</language>
			<language type="kn" draft="contributed">کنّاڈا</language>
			<language type="ko" draft="contributed">کورين</language>
			<language type="ku" draft="contributed">كردش</language>
			<language type="ky" draft="contributed">کرغیزی</language>
			<language type="la" draft="contributed">لاطينی</language>
			<language type="ln" draft="contributed">لِنگَلا</language>
			<language type="lo" draft="contributed">لاؤشِیَن</language>
			<language type="lt" draft="contributed">لتھُواینین</language>
			<language type="lv" draft="contributed">ليٹوين</language>
			<language type="mk" draft="contributed">مقدونيائی</language>
			<language type="ml" draft="contributed">مالايالم</language>
			<language type="mn" draft="contributed">منگؤلی</language>
			<language type="mr" draft="contributed">مراٹهی</language>
			<language type="ms" draft="contributed">مالائی</language>
			<language type="mt" draft="contributed">مالٹی</language>
			<language type="ne" draft="contributed">نيپالی</language>
			<language type="nl" draft="contributed">ڈچ</language>
			<language type="nn" draft="contributed">نورویجینی (نینورسک)</language>
			<language type="no" draft="contributed">نارويجين</language>
			<language type="oc" draft="contributed">آکيٹانی</language>
			<language type="or" draft="contributed">اورِیا</language>
			<language type="pa" draft="contributed">پنجابی</language>
			<language type="pl" draft="contributed">پولستانی</language>
			<language type="ps" draft="contributed">پشتو</language>
			<language type="pt" draft="contributed">پُرتگالی</language>
			<language type="pt_BR" draft="contributed">پرتگالی (ﺑﺮﺍﺯﻳﻞ)</language>
			<language type="pt_PT" draft="contributed">پرتگالی (پرتگال)</language>
			<language type="ro" draft="contributed">رومنی</language>
			<language type="ru" draft="contributed">روسی</language>
			<language type="sa" draft="contributed">سَنسکرِت</language>
			<language type="sd" draft="unconfirmed">سندھی</language>
			<language type="sh" draft="contributed">سربو-کروئیشین</language>
			<language type="si" draft="unconfirmed">سنہالی</language>
			<language type="sk" draft="unconfirmed">سلاواکی</language>
			<language type="sl" draft="unconfirmed">سلوينی</language>
			<language type="so" draft="unconfirmed">سومالی</language>
			<language type="sq" draft="contributed">البانی</language>
			<language type="sr" draft="contributed">صربی</language>
			<language type="st" draft="unconfirmed">سیسوتھو</language>
			<language type="su" draft="unconfirmed">سُوڈانی</language>
			<language type="sv" draft="unconfirmed">سويڈش</language>
			<language type="sw" draft="unconfirmed">سواہیلی</language>
			<language type="ta" draft="unconfirmed">تامِل</language>
			<language type="te" draft="unconfirmed">تيلوگو</language>
			<language type="th" draft="unconfirmed">تهائی</language>
			<language type="ti" draft="unconfirmed">تگرینی</language>
			<language type="tk" draft="unconfirmed">ترکمانی</language>
			<language type="tl" draft="unconfirmed">ٹیگا لوگ</language>
			<language type="tlh" draft="contributed">کلنگان</language>
			<language type="tr" draft="unconfirmed">ترکی</language>
			<language type="tw" draft="unconfirmed">توی</language>
			<language type="ug" draft="unconfirmed">اُئِیگُور</language>
			<language type="uk" draft="unconfirmed">يُوکرينی</language>
			<language type="ur">اردو</language>
			<language type="uz" draft="unconfirmed">ازبک</language>
			<language type="vi" draft="unconfirmed">ويتنامی</language>
			<language type="xh" draft="unconfirmed">خوسہ</language>
			<language type="yi" draft="unconfirmed">يادش</language>
			<language type="zh_Hans" draft="contributed">چینی (آسان کردہ)</language>
			<language type="zh_Hant" draft="unconfirmed">چینی (روایتی)</language>
			<language type="zu" draft="unconfirmed">زُولُو</language>
		</languages>
		<scripts>
			<script type="Arab" draft="unconfirmed">العربية</script>
			<script type="Zxxx" draft="provisional">Zxxx</script>
			<script type="Zzzz" draft="provisional">Zzzz</script>
		</scripts>
		<territories>
			<territory type="AE" draft="unconfirmed">متحدہ عرب امارات</territory>
			<territory type="AF" draft="unconfirmed">افغانستان</territory>
			<territory type="AG" draft="unconfirmed">انٹیگوا اور باربودا</territory>
			<territory type="AL" draft="unconfirmed">البانیا</territory>
			<territory type="AM" draft="unconfirmed">آر مینیا</territory>
			<territory type="AN" draft="unconfirmed">نیدرلینڈز انٹیلیز</territory>
			<territory type="AO" draft="unconfirmed">انگولا</territory>
			<territory type="AQ" draft="unconfirmed">انٹار ٹکا</territory>
			<territory type="AR" draft="unconfirmed">ارجنٹینا</territory>
			<territory type="AS" draft="unconfirmed">امریکی ساموا</territory>
			<territory type="AT" draft="unconfirmed">آسٹریا</territory>
			<territory type="AU" draft="unconfirmed">آسٹریلیا</territory>
			<territory type="AZ" draft="unconfirmed">آذر بائجان</territory>
			<territory type="BA" draft="unconfirmed">بوسنیا ہرزگوینا</territory>
			<territory type="BD" draft="unconfirmed">بنگلا دیش</territory>
			<territory type="BE" draft="unconfirmed">بیلجئیم</territory>
			<territory type="BF" draft="unconfirmed">برکینا فاسو</territory>
			<territory type="BG" draft="unconfirmed">بلغاریہ</territory>
			<territory type="BI" draft="unconfirmed">برنڈی</territory>
			<territory type="BJ" draft="unconfirmed">بینن</territory>
			<territory type="BO" draft="unconfirmed">بولیویا</territory>
			<territory type="BR" draft="unconfirmed">برازیل</territory>
			<territory type="BS" draft="unconfirmed">باھا ماس</territory>
			<territory type="BT" draft="unconfirmed">بھوٹان</territory>
			<territory type="BV" draft="unconfirmed">جزیرہ بووٹ</territory>
			<territory type="BW" draft="unconfirmed">بوٹسوانا</territory>
			<territory type="BY" draft="unconfirmed">بیلا رس</territory>
			<territory type="CA" draft="unconfirmed">کینیڈا</territory>
			<territory type="CC" draft="unconfirmed">جزائر کوکوز</territory>
			<territory type="CD" draft="unconfirmed">کانگو، جمہوری ریاست</territory>
			<territory type="CF" draft="unconfirmed">جمہوریہ وسطی افریقہ</territory>
			<territory type="CG" draft="unconfirmed">کانگو</territory>
			<territory type="CH" draft="unconfirmed">سوئزر لینڈ</territory>
			<territory type="CK" draft="unconfirmed">جزائر کُک</territory>
			<territory type="CL" draft="unconfirmed">چلی</territory>
			<territory type="CM" draft="unconfirmed">کیمرون</territory>
			<territory type="CN" draft="unconfirmed">چین</territory>
			<territory type="CO" draft="unconfirmed">کولمبیا</territory>
			<territory type="CS" draft="unconfirmed">سربیا اور مانٹینیگرو</territory>
			<territory type="CU" draft="unconfirmed">کیوبا</territory>
			<territory type="CX" draft="unconfirmed">جزیرہ کرسمس</territory>
			<territory type="CY" draft="unconfirmed">قبرص</territory>
			<territory type="CZ" draft="unconfirmed">جمہوریہ چیک</territory>
			<territory type="DE" draft="unconfirmed">جرمنی</territory>
			<territory type="DK" draft="unconfirmed">ڈنمارک</territory>
			<territory type="DO" draft="unconfirmed">ڈومینیکن ریپبلک</territory>
			<territory type="DZ" draft="unconfirmed">الجیریا</territory>
			<territory type="EC" draft="unconfirmed">ایکواڈور</territory>
			<territory type="EE" draft="unconfirmed">ایسٹونیا</territory>
			<territory type="EG" draft="unconfirmed">مصر</territory>
			<territory type="EH" draft="unconfirmed">مغربی صحارا</territory>
			<territory type="ER" draft="unconfirmed">اریٹیریا</territory>
			<territory type="ES" draft="unconfirmed">سپین</territory>
			<territory type="ET" draft="unconfirmed">ایتھوپیا</territory>
			<territory type="FI" draft="unconfirmed">فن لینڈ</territory>
			<territory type="FK" draft="unconfirmed">جزائر فاک لینڈ</territory>
			<territory type="FM" draft="unconfirmed">مائکرونیزیا</territory>
			<territory type="FO" draft="unconfirmed">جزائرفارو</territory>
			<territory type="FR" draft="unconfirmed">فرانس</territory>
			<territory type="GA" draft="unconfirmed">غیبون</territory>
			<territory type="GB" draft="unconfirmed">برطانیہ</territory>
			<territory type="GE" draft="unconfirmed">جارجیا</territory>
			<territory type="GF" draft="unconfirmed">فرانسیسی گی آنا</territory>
			<territory type="GG" draft="unconfirmed">گرنزی</territory>
			<territory type="GH" draft="unconfirmed">گھانا</territory>
			<territory type="GL" draft="unconfirmed">گرین لینڈ</territory>
			<territory type="GM" draft="unconfirmed">گیمبیا</territory>
			<territory type="GN" draft="unconfirmed">گنی</territory>
			<territory type="GQ" draft="unconfirmed">استوائی گنی</territory>
			<territory type="GR" draft="unconfirmed">یونان</territory>
			<territory type="GS" draft="unconfirmed">جنوبی جارجیا اور جزائر جنوبی سینڈوچ</territory>
			<territory type="GW" draft="unconfirmed">گنی بسائو</territory>
			<territory type="HM" draft="unconfirmed">جزیرہ ہرڈ اور جزائر مکڈونلڈ</territory>
			<territory type="HN" draft="unconfirmed">ہونڈوراس</territory>
			<territory type="HR" draft="unconfirmed">کروشیا</territory>
			<territory type="HT" draft="unconfirmed">ہائٹی</territory>
			<territory type="HU" draft="unconfirmed">ہنگری</territory>
			<territory type="ID" draft="unconfirmed">انڈونیشیا</territory>
			<territory type="IE" draft="unconfirmed">آئر لینڈ</territory>
			<territory type="IL" draft="unconfirmed">اسرائیل</territory>
			<territory type="IN">بھارت</territory>
			<territory type="IO" draft="unconfirmed">بحرھند کا برٹش علاقہ</territory>
			<territory type="IQ" draft="unconfirmed">عراق</territory>
			<territory type="IR" draft="unconfirmed">ایران</territory>
			<territory type="IS" draft="unconfirmed">آئس لینڈ</territory>
			<territory type="IT" draft="unconfirmed">اٹلی</territory>
			<territory type="JE" draft="unconfirmed">جرسی</territory>
			<territory type="JO" draft="unconfirmed">اردن</territory>
			<territory type="JP" draft="unconfirmed">جاپان</territory>
			<territory type="KE" draft="unconfirmed">کینیا</territory>
			<territory type="KG" draft="unconfirmed">کرغستان</territory>
			<territory type="KH" draft="unconfirmed">کمبوڈیا</territory>
			<territory type="KI" draft="unconfirmed">کِرباتی</territory>
			<territory type="KM" draft="unconfirmed">کوموروس</territory>
			<territory type="KN" draft="unconfirmed">سینٹ کٹس اور نیوس</territory>
			<territory type="KP" draft="unconfirmed">شمالی کوریا</territory>
			<territory type="KR" draft="unconfirmed">جنوبی کوریا</territory>
			<territory type="KY" draft="unconfirmed">جزائر کیمن</territory>
			<territory type="KZ" draft="unconfirmed">قزاقستان</territory>
			<territory type="LA" draft="unconfirmed">لاؤس</territory>
			<territory type="LB" draft="unconfirmed">لبنان</territory>
			<territory type="LC" draft="unconfirmed">سینٹ لوسیا</territory>
			<territory type="LI" draft="unconfirmed">لکٹنسٹائن</territory>
			<territory type="LK" draft="unconfirmed">سری لنکا</territory>
			<territory type="LR" draft="unconfirmed">لائبیریا</territory>
			<territory type="LS" draft="unconfirmed">لیسوتھو</territory>
			<territory type="LT" draft="unconfirmed">لتھوانیا</territory>
			<territory type="LV" draft="unconfirmed">لٹوِیا</territory>
			<territory type="LY" draft="unconfirmed">لیبیا</territory>
			<territory type="MA" draft="unconfirmed">مراکش</territory>
			<territory type="MD" draft="unconfirmed">مالدووا</territory>
			<territory type="MG" draft="unconfirmed">مڈغاسکر</territory>
			<territory type="MH" draft="unconfirmed">جزائر مارشل</territory>
			<territory type="MK" draft="unconfirmed">مقدونیہ</territory>
			<territory type="ML" draft="unconfirmed">مالی</territory>
			<territory type="MM" draft="unconfirmed">میانمر</territory>
			<territory type="MN" draft="unconfirmed">منگولیا</territory>
			<territory type="MO" draft="unconfirmed">ماکاؤ</territory>
			<territory type="MP" draft="unconfirmed">شمالی ماریاناجزائر</territory>
			<territory type="MR" draft="unconfirmed">موریطانیہ</territory>
			<territory type="MW" draft="unconfirmed">ملاوی</territory>
			<territory type="MX" draft="unconfirmed">میکسیکو</territory>
			<territory type="MY" draft="unconfirmed">ملائیشیا</territory>
			<territory type="MZ" draft="unconfirmed">موزنبیق</territory>
			<territory type="NA" draft="unconfirmed">نمیبیا</territory>
			<territory type="NC" draft="unconfirmed">نیو کیلیڈونیا</territory>
			<territory type="NE" draft="unconfirmed">نائیجر</territory>
			<territory type="NF" draft="unconfirmed">جزیرہ نارفولک</territory>
			<territory type="NG" draft="unconfirmed">نائیجیریا</territory>
			<territory type="NI" draft="unconfirmed">نکاراگوا</territory>
			<territory type="NL" draft="unconfirmed">نیدرلینڈ</territory>
			<territory type="NO" draft="unconfirmed">ناروے</territory>
			<territory type="NP" draft="unconfirmed">نیپال</territory>
			<territory type="NZ" draft="unconfirmed">نیوزی لینڈ</territory>
			<territory type="OM" draft="unconfirmed">عمان</territory>
			<territory type="PE" draft="unconfirmed">پیرو</territory>
			<territory type="PF" draft="unconfirmed">فرانسیسی پولینیسیا</territory>
			<territory type="PG" draft="unconfirmed">پاپوا نیو گنی</territory>
			<territory type="PH" draft="unconfirmed">فلپائن</territory>
			<territory type="PK">پاکستان</territory>
			<territory type="PL" draft="unconfirmed">پولینڈ</territory>
			<territory type="PM" draft="unconfirmed">سینٹ پائرے اور میکویلون</territory>
			<territory type="PS" draft="unconfirmed">فلسطین</territory>
			<territory type="PT" draft="unconfirmed">پرتگال</territory>
			<territory type="PY" draft="unconfirmed">پیراگوئے</territory>
			<territory type="RO" draft="unconfirmed">رومانیہ</territory>
			<territory type="RU" draft="unconfirmed">روس</territory>
			<territory type="RW" draft="unconfirmed">روانڈا</territory>
			<territory type="SA" draft="unconfirmed">سعودی عرب</territory>
			<territory type="SB" draft="unconfirmed">جزائرسولمون</territory>
			<territory type="SC" draft="unconfirmed">سے شلز</territory>
			<territory type="SD" draft="unconfirmed">سوڈان</territory>
			<territory type="SE" draft="unconfirmed">سویڈن</territory>
			<territory type="SH" draft="unconfirmed">سینٹ ھیلینا</territory>
			<territory type="SI" draft="unconfirmed">سلوانیہ</territory>
			<territory type="SK" draft="unconfirmed">سلوواکیہ</territory>
			<territory type="SL" draft="unconfirmed">سیرالیون</territory>
			<territory type="SM" draft="unconfirmed">سان میرینو</territory>
			<territory type="SN" draft="unconfirmed">سینیگال</territory>
			<territory type="SO" draft="unconfirmed">صوپالیہ</territory>
			<territory type="SR" draft="unconfirmed">سورینام</territory>
			<territory type="SY" draft="unconfirmed">سیریا</territory>
			<territory type="SZ" draft="unconfirmed">سوازی لینڈ</territory>
			<territory type="TC" draft="unconfirmed">جزائر کیکس اور ترکیّہ</territory>
			<territory type="TD" draft="unconfirmed">چاڈ</territory>
			<territory type="TF" draft="unconfirmed">جنوبی فرانسیسی علاقہ جات</territory>
			<territory type="TG" draft="unconfirmed">ٹوگو</territory>
			<territory type="TH" draft="unconfirmed">تھائی لینڈ</territory>
			<territory type="TJ" draft="unconfirmed">تاجکستان</territory>
			<territory type="TK" draft="unconfirmed">ٹوکیلاؤ</territory>
			<territory type="TL" draft="unconfirmed">مشرقی تیمور</territory>
			<territory type="TM" draft="unconfirmed">ترکمانستان</territory>
			<territory type="TN" draft="unconfirmed">تیونس</territory>
			<territory type="TO" draft="unconfirmed">تونگا</territory>
			<territory type="TR" draft="unconfirmed">ترکی</territory>
			<territory type="TT" draft="unconfirmed">ٹرینیڈاڈ اور ٹوباگو</territory>
			<territory type="TV" draft="unconfirmed">ٹوالو</territory>
			<territory type="TW" draft="unconfirmed">تائیوان</territory>
			<territory type="TZ" draft="unconfirmed">تنزانیہ</territory>
			<territory type="UA" draft="unconfirmed">یوکرائن</territory>
			<territory type="UG" draft="unconfirmed">یوگنڈا</territory>
			<territory type="UM" draft="unconfirmed">ریاست ہائے متحدہ اور بیرونی جزائر</territory>
			<territory type="US" draft="unconfirmed">ریاست ہائے متحدہ امریکا</territory>
			<territory type="UY" draft="unconfirmed">ہوراگوئے</territory>
			<territory type="UZ" draft="unconfirmed">ازبکستان</territory>
			<territory type="VA" draft="unconfirmed">ویٹیکن سٹی</territory>
			<territory type="VC" draft="unconfirmed">سینٹ کیرن اور گریناڈائنز</territory>
			<territory type="VE" draft="unconfirmed">وینزولا</territory>
			<territory type="VG" draft="unconfirmed">جزائر ورجن، برٹش</territory>
			<territory type="VI" draft="unconfirmed">جزائر ورجن، امریکہ</territory>
			<territory type="VN" draft="unconfirmed">ویت نام</territory>
			<territory type="VU" draft="unconfirmed">وانواٹو</territory>
			<territory type="WF" draft="unconfirmed">والس اور فتونہ</territory>
			<territory type="WS" draft="unconfirmed">ساموا</territory>
			<territory type="YE" draft="unconfirmed">یمن</territory>
			<territory type="ZA" draft="unconfirmed">جنوبی افریقہ</territory>
			<territory type="ZM" draft="unconfirmed">زیمبیا</territory>
			<territory type="ZW" draft="unconfirmed">زمبابوے</territory>
			<territory type="ZZ" draft="provisional">Unknown or Invalid Region</territory>
		</territories>
		<keys>
			<key type="calendar" draft="unconfirmed">کیلنڈر</key>
			<key type="collation" draft="unconfirmed">موازنہ</key>
			<key type="currency" draft="unconfirmed">کرنسی</key>
		</keys>
		<types>
			<type type="big5han" key="collation" draft="unconfirmed">روایتی چینی چھانٹ ترتیب-Big5</type>
			<type type="buddhist" key="calendar" draft="unconfirmed">بدھ کیلنڈر</type>
			<type type="chinese" key="calendar" draft="unconfirmed">روایتی چینی کیلنڈر</type>
			<type type="direct" key="collation" draft="unconfirmed">بلاواسطہ چھانٹ ترتیب</type>
			<type type="gb2312han" key="collation" draft="unconfirmed">سادہ چینی چھانٹ ترتیب-GB2312</type>
			<type type="gregorian" key="calendar" draft="unconfirmed">گریگوری کیلنڈر</type>
			<type type="hebrew" key="calendar" draft="unconfirmed">عبرانی کیلنڈر</type>
			<type type="indian" key="calendar" draft="unconfirmed">ہندی کیلنڈر</type>
			<type type="islamic" key="calendar" draft="unconfirmed">اسلامی کیلنڈر</type>
			<type type="islamic-civil" key="calendar" draft="unconfirmed">ہجری کیلنڈر</type>
			<type type="japanese" key="calendar" draft="unconfirmed">جاپانی کیلنڈر</type>
			<type type="phonebook" key="collation" draft="unconfirmed">فون نامہ چھانٹ ترتیب</type>
			<type type="pinyin" key="collation" draft="unconfirmed">پن ین چھانٹ ترتیب</type>
			<type type="roc" key="calendar" draft="unconfirmed">سادہ چینی کیلنڈر</type>
			<type type="stroke" key="collation" draft="unconfirmed">لکیری چھانٹ ترتیب</type>
			<type type="traditional" key="collation" draft="unconfirmed">روایتی چھانٹ ترتیب</type>
		</types>
		<measurementSystemNames>
			<measurementSystemName type="metric" draft="unconfirmed">اعشاری</measurementSystemName>
			<measurementSystemName type="US" draft="unconfirmed">امریکی</measurementSystemName>
		</measurementSystemNames>
		<codePatterns>
			<codePattern type="language" draft="unconfirmed">زبان:{0}</codePattern>
			<codePattern type="script" draft="unconfirmed">رسم الخط:{0}</codePattern>
			<codePattern type="territory" draft="unconfirmed">خطہ:{0}</codePattern>
		</codePatterns>
	</localeDisplayNames>
	<layout>
		<orientation characters="right-to-left"/>
	</layout>
	<characters>
		<exemplarCharacters>[أ ؤ ا آ ب پ ت ٹ ث ج چ ح خ د ڈ ذ ر ڑ ز ژ س ش ص ض ط ظ ع غ ف ق ک گ ل م ن ں و ہ ی ء ئ ے ٻ ة ٺ ټ ٽ ه ھ ي]</exemplarCharacters>
		<exemplarCharacters type="auxiliary" draft="unconfirmed">[\u0610 \u0611 \u0613 \u0614 \u064E \u0650 \u064F \u0670 \u064B \u0651]</exemplarCharacters>
		<exemplarCharacters type="index" draft="unconfirmed">[أ ؤ ا آ ب پ ت ٹ ث ج چ ح خ د ڈ ذ ر ڑ ز ژ س ش ص ض ط ظ ع غ ف ق ک گ ل م ن ں و ہ ی ء ئ ے ٻ ة ٺ ټ ٽ ه ھ ي]</exemplarCharacters>
	</characters>
	<dates>
		<calendars>
			<calendar type="gregorian">
				<months>
					<monthContext type="format">
						<monthWidth type="wide">
							<month type="1">جنوری</month>
							<month type="2">فروری</month>
							<month type="3">مار چ</month>
							<month type="4">اپريل</month>
							<month type="5">مئ</month>
							<month type="6">جون</month>
							<month type="7">جولائ</month>
							<month type="8">اگست</month>
							<month type="9">ستمبر</month>
							<month type="10">اکتوبر</month>
							<month type="11">نومبر</month>
							<month type="12">دسمبر</month>
						</monthWidth>
					</monthContext>
					<monthContext type="stand-alone">
						<monthWidth type="narrow">
							<month type="1" draft="unconfirmed">ج</month>
							<month type="2" draft="unconfirmed">ف</month>
							<month type="3" draft="unconfirmed">م</month>
							<month type="4" draft="unconfirmed">ا</month>
							<month type="5" draft="unconfirmed">م</month>
							<month type="6" draft="unconfirmed">ج</month>
							<month type="7" draft="unconfirmed">ج</month>
							<month type="8" draft="unconfirmed">ا</month>
							<month type="9" draft="unconfirmed">س</month>
							<month type="10" draft="unconfirmed">ا</month>
							<month type="11" draft="unconfirmed">ن</month>
							<month type="12" draft="unconfirmed">د</month>
						</monthWidth>
					</monthContext>
				</months>
				<days>
					<dayContext type="format">
						<dayWidth type="wide">
							<day type="sun">اتوار</day>
							<day type="mon">پير</day>
							<day type="tue">منگل</day>
							<day type="wed">بده</day>
							<day type="thu">جمعرات</day>
							<day type="fri">جمعہ</day>
							<day type="sat">ہفتہ</day>
						</dayWidth>
					</dayContext>
					<dayContext type="stand-alone">
						<dayWidth type="narrow">
							<day type="sun" draft="provisional">ا</day>
							<day type="mon" draft="provisional">پ</day>
							<day type="tue" draft="provisional">م</day>
							<day type="wed" draft="provisional">ب</day>
							<day type="thu" draft="provisional">ج</day>
							<day type="fri" draft="provisional">ج</day>
							<day type="sat" draft="provisional">ہ</day>
						</dayWidth>
					</dayContext>
				</days>
				<quarters>
					<quarterContext type="format">
						<quarterWidth type="abbreviated">
							<quarter type="1" draft="unconfirmed">1سہ ماہی</quarter>
							<quarter type="2" draft="unconfirmed">2سہ ماہی</quarter>
							<quarter type="3" draft="unconfirmed">3سہ ماہی</quarter>
							<quarter type="4" draft="unconfirmed">4سہ ماہی</quarter>
						</quarterWidth>
						<quarterWidth type="wide">
							<quarter type="1">پہلی سہ ماہی</quarter>
							<quarter type="2">دوسری سہ ماہی</quarter>
							<quarter type="3">تيسری سہ ماہی</quarter>
							<quarter type="4">چوتهی سہ ماہی</quarter>
						</quarterWidth>
					</quarterContext>
				</quarters>
				<dayPeriods>
					<dayPeriodContext type="format">
						<dayPeriodWidth type="wide">
							<dayPeriod type="am" draft="unconfirmed">قبل دوپہر</dayPeriod>
							<dayPeriod type="pm" draft="unconfirmed">بعد دوپہر</dayPeriod>
						</dayPeriodWidth>
					</dayPeriodContext>
				</dayPeriods>
				<eras>
					<eraNames>
						<era type="0">قبل مسيح</era>
						<era type="1">عيسوی سن</era>
					</eraNames>
					<eraAbbr>
						<era type="0">ق م</era>
						<era type="1">عيسوی سن</era>
					</eraAbbr>
				</eras>
				<dateFormats>
					<dateFormatLength type="full">
						<dateFormat>
							<pattern>EEEE, d, MMMM y</pattern>
						</dateFormat>
					</dateFormatLength>
					<dateFormatLength type="long">
						<dateFormat>
							<pattern>d, MMMM y</pattern>
						</dateFormat>
					</dateFormatLength>
					<dateFormatLength type="medium">
						<dateFormat>
							<pattern>d, MMM y</pattern>
						</dateFormat>
					</dateFormatLength>
					<dateFormatLength type="short">
						<dateFormat>
							<pattern>d/M/yy</pattern>
						</dateFormat>
					</dateFormatLength>
				</dateFormats>
				<timeFormats>
					<timeFormatLength type="full">
						<timeFormat>
							<pattern>h:mm:ss a zzzz</pattern>
						</timeFormat>
					</timeFormatLength>
					<timeFormatLength type="long">
						<timeFormat>
							<pattern>h:mm:ss a z</pattern>
						</timeFormat>
					</timeFormatLength>
					<timeFormatLength type="medium">
						<timeFormat>
							<pattern>h:mm:ss a</pattern>
						</timeFormat>
					</timeFormatLength>
					<timeFormatLength type="short">
						<timeFormat>
							<pattern>h:mm a</pattern>
						</timeFormat>
					</timeFormatLength>
				</timeFormats>
				<dateTimeFormats>
					<availableFormats>
						<dateFormatItem id="d" draft="unconfirmed">د</dateFormatItem>
						<dateFormatItem id="Hm" draft="unconfirmed">HH:mm</dateFormatItem>
						<dateFormatItem id="M" draft="unconfirmed">LL</dateFormatItem>
						<dateFormatItem id="Md" draft="unconfirmed">M-d</dateFormatItem>
						<dateFormatItem id="MEd" draft="unconfirmed">E, M-d</dateFormatItem>
						<dateFormatItem id="MMM" draft="unconfirmed">LLL</dateFormatItem>
						<dateFormatItem id="MMMd" draft="unconfirmed">MMM d</dateFormatItem>
						<dateFormatItem id="MMMEd" draft="unconfirmed">E MMM d</dateFormatItem>
						<dateFormatItem id="MMMMd" draft="unconfirmed">MMMM d</dateFormatItem>
						<dateFormatItem id="MMMMEd" draft="unconfirmed">E MMMM d</dateFormatItem>
						<dateFormatItem id="ms" draft="unconfirmed">mm:ss</dateFormatItem>
						<dateFormatItem id="y" draft="unconfirmed">y</dateFormatItem>
						<dateFormatItem id="yM" draft="unconfirmed">yyyy-M</dateFormatItem>
						<dateFormatItem id="yMEd" draft="unconfirmed">EEE, yyyy-d-M</dateFormatItem>
						<dateFormatItem id="yMMM" draft="unconfirmed">y MMM</dateFormatItem>
						<dateFormatItem id="yMMMEd" draft="unconfirmed">EEE, y MMM d</dateFormatItem>
						<dateFormatItem id="yMMMM" draft="unconfirmed">y MMMM</dateFormatItem>
						<dateFormatItem id="yQ" draft="unconfirmed">Q yyyy</dateFormatItem>
						<dateFormatItem id="yQQQ" draft="unconfirmed">y QQQ</dateFormatItem>
						<dateFormatItem id="yyQ" draft="provisional">yy Q</dateFormatItem>
					</availableFormats>
					<intervalFormats>
						<intervalFormatFallback draft="unconfirmed">{0} – {1}</intervalFormatFallback>
						<intervalFormatItem id="d">
							<greatestDifference id="d" draft="unconfirmed">d-d</greatestDifference>
						</intervalFormatItem>
						<intervalFormatItem id="h">
							<greatestDifference id="a" draft="unconfirmed">h a تا h a</greatestDifference>
							<greatestDifference id="h" draft="unconfirmed">h–h a</greatestDifference>
						</intervalFormatItem>
						<intervalFormatItem id="hm">
							<greatestDifference id="a" draft="unconfirmed">h:mm a تا h:mm a</greatestDifference>
							<greatestDifference id="h" draft="unconfirmed">h:mm تا h:mm a</greatestDifference>
							<greatestDifference id="m" draft="unconfirmed">h:mm تا h:mm a</greatestDifference>
						</intervalFormatItem>
						<intervalFormatItem id="hmv">
							<greatestDifference id="a" draft="unconfirmed">h:mm a – h:mm a v</greatestDifference>
							<greatestDifference id="h" draft="unconfirmed">h:mm تا h:mm a v</greatestDifference>
							<greatestDifference id="m" draft="unconfirmed">h:mm تا h:mm a v</greatestDifference>
						</intervalFormatItem>
						<intervalFormatItem id="hv">
							<greatestDifference id="a" draft="unconfirmed">h a – h a v</greatestDifference>
							<greatestDifference id="h" draft="unconfirmed">h تا h a v</greatestDifference>
						</intervalFormatItem>
						<intervalFormatItem id="M">
							<greatestDifference id="M" draft="unconfirmed">M تا M</greatestDifference>
						</intervalFormatItem>
						<intervalFormatItem id="Md">
							<greatestDifference id="d" draft="unconfirmed">M/d تا d</greatestDifference>
							<greatestDifference id="M" draft="unconfirmed">MM-dd تا MM-dd</greatestDifference>
						</intervalFormatItem>
						<intervalFormatItem id="MEd">
							<greatestDifference id="d" draft="unconfirmed">E, MMM dd – E, MMM dd</greatestDifference>
							<greatestDifference id="M" draft="unconfirmed">E, MM-dd تا E, MM-dd</greatestDifference>
						</intervalFormatItem>
						<intervalFormatItem id="MMM">
							<greatestDifference id="M" draft="unconfirmed">LLL-LLL</greatestDifference>
						</intervalFormatItem>
						<intervalFormatItem id="MMMd">
							<greatestDifference id="d" draft="unconfirmed">MMM d تا d</greatestDifference>
							<greatestDifference id="M" draft="unconfirmed">MMM d تا MMM d</greatestDifference>
						</intervalFormatItem>
						<intervalFormatItem id="MMMEd">
							<greatestDifference id="d" draft="unconfirmed">E, MMM d – E, MMM d</greatestDifference>
							<greatestDifference id="M" draft="unconfirmed">E, MMM d – E, MMM d</greatestDifference>
						</intervalFormatItem>
						<intervalFormatItem id="MMMM">
							<greatestDifference id="M" draft="unconfirmed">LLLL-LLLL</greatestDifference>
						</intervalFormatItem>
						<intervalFormatItem id="y">
							<greatestDifference id="y" draft="unconfirmed">y تا y</greatestDifference>
						</intervalFormatItem>
						<intervalFormatItem id="yM">
							<greatestDifference id="M" draft="unconfirmed">yyyy-MM تا MM</greatestDifference>
							<greatestDifference id="y" draft="unconfirmed">yyyy-MM تا yyyy-MM</greatestDifference>
						</intervalFormatItem>
						<intervalFormatItem id="yMd">
							<greatestDifference id="d" draft="unconfirmed">yyyy-MM-dd تا dd</greatestDifference>
							<greatestDifference id="M" draft="unconfirmed">yyyy-MM-dd تا MM-dd</greatestDifference>
							<greatestDifference id="y" draft="unconfirmed">MM-dd-yyyy تا MM-dd-yyyy</greatestDifference>
						</intervalFormatItem>
						<intervalFormatItem id="yMEd">
							<greatestDifference id="d" draft="unconfirmed">E, yyyy-MM-dd تا E, yyyy-MM-dd</greatestDifference>
							<greatestDifference id="M" draft="unconfirmed">E, yyyy-MM-dd – E, yyyy-MM-dd</greatestDifference>
							<greatestDifference id="y" draft="unconfirmed">E, yyyy-MM-dd – E, yyyy-MM-dd</greatestDifference>
						</intervalFormatItem>
						<intervalFormatItem id="yMMM">
							<greatestDifference id="M" draft="unconfirmed">MMM–MMM y</greatestDifference>
							<greatestDifference id="y" draft="unconfirmed">MMM–MMM y</greatestDifference>
						</intervalFormatItem>
						<intervalFormatItem id="yMMMd">
							<greatestDifference id="d" draft="unconfirmed">MMM d–d, y</greatestDifference>
							<greatestDifference id="M" draft="unconfirmed">MMM d تا MMM d, y</greatestDifference>
							<greatestDifference id="y" draft="unconfirmed">MMM d, y تا MMM d, y</greatestDifference>
						</intervalFormatItem>
						<intervalFormatItem id="yMMMEd">
							<greatestDifference id="d" draft="unconfirmed">E, MMM d – E, MMM d, y</greatestDifference>
							<greatestDifference id="M" draft="unconfirmed">E, MMM d – E, MMM d, y</greatestDifference>
							<greatestDifference id="y" draft="unconfirmed">E, MMM d, y تا E, MMM d, y</greatestDifference>
						</intervalFormatItem>
						<intervalFormatItem id="yMMMM">
							<greatestDifference id="M" draft="unconfirmed">yyyy-MM تا MM</greatestDifference>
							<greatestDifference id="y" draft="unconfirmed">yyyy-MM تا yyyy-MM</greatestDifference>
						</intervalFormatItem>
					</intervalFormats>
				</dateTimeFormats>
				<fields>
					<field type="era">
						<displayName draft="unconfirmed">دور</displayName>
					</field>
					<field type="year">
						<displayName draft="unconfirmed">سال</displayName>
					</field>
					<field type="month">
						<displayName draft="unconfirmed">مہینہ</displayName>
					</field>
					<field type="week">
						<displayName draft="unconfirmed">ہفتہ</displayName>
					</field>
					<field type="day">
						<displayName draft="unconfirmed">دن</displayName>
						<relative type="-3" draft="unconfirmed">ترسوں</relative>
						<relative type="-2" draft="unconfirmed">پرسوں</relative>
						<relative type="-1" draft="contributed">کل</relative>
						<relative type="0">آج</relative>
						<relative type="1" draft="contributed">کل</relative>
						<relative type="2" draft="unconfirmed">پرسوں</relative>
						<relative type="3" draft="unconfirmed">ترسوں</relative>
					</field>
					<field type="weekday">
						<displayName draft="unconfirmed">ہفتے کا دن</displayName>
					</field>
					<field type="dayperiod">
						<displayName>رات/صبح</displayName>
					</field>
					<field type="hour">
						<displayName draft="unconfirmed">گھنٹہ</displayName>
					</field>
					<field type="minute">
						<displayName draft="unconfirmed">منٹ</displayName>
					</field>
					<field type="second">
						<displayName draft="unconfirmed">سیکنڈ</displayName>
					</field>
					<field type="zone">
						<displayName draft="unconfirmed">زون</displayName>
					</field>
				</fields>
			</calendar>
			<calendar type="islamic">
				<months>
					<monthContext type="format">
						<monthWidth type="wide">
							<month type="1" draft="contributed">محرم</month>
							<month type="2" draft="contributed">صفر</month>
							<month type="3" draft="contributed">ر بيع الاول</month>
							<month type="4" draft="contributed">ر بيع الثانی</month>
							<month type="5" draft="contributed">جمادی الاول</month>
							<month type="6" draft="contributed">جمادی الثانی</month>
							<month type="7" draft="contributed">رجب</month>
							<month type="8" draft="contributed">شعبان</month>
							<month type="9" draft="contributed">رمضان</month>
							<month type="10" draft="contributed">شوال</month>
						</monthWidth>
					</monthContext>
				</months>
				<eras>
					<eraAbbr>
						<era type="0" draft="unconfirmed">ق م</era>
						<era type="1" draft="unconfirmed">عيسوی سن</era>
					</eraAbbr>
				</eras>
			</calendar>
		</calendars>
		<timeZoneNames>
			<zone type="Etc/Unknown">
				<exemplarCity draft="provisional">Unknown</exemplarCity>
			</zone>
			<zone type="Europe/Andorra">
				<exemplarCity draft="unconfirmed">انڈورا</exemplarCity>
			</zone>
			<zone type="America/Anguilla">
				<exemplarCity draft="unconfirmed">انگویلا</exemplarCity>
			</zone>
			<zone type="America/Aruba">
				<exemplarCity draft="unconfirmed">اروبا</exemplarCity>
			</zone>
			<zone type="America/Barbados">
				<exemplarCity draft="unconfirmed">بار باڈوس</exemplarCity>
			</zone>
			<zone type="Asia/Bahrain">
				<exemplarCity draft="unconfirmed">بحرین</exemplarCity>
			</zone>
			<zone type="Atlantic/Bermuda">
				<exemplarCity draft="unconfirmed">برمودہ</exemplarCity>
			</zone>
			<zone type="Asia/Brunei">
				<exemplarCity draft="unconfirmed">برونائی</exemplarCity>
			</zone>
			<zone type="America/Belize">
				<exemplarCity draft="unconfirmed">بیلیز</exemplarCity>
			</zone>
			<zone type="America/Costa_Rica">
				<exemplarCity draft="unconfirmed">کوسٹا ریکا</exemplarCity>
			</zone>
			<zone type="Atlantic/Cape_Verde">
				<exemplarCity draft="unconfirmed">کیپ ورڈ</exemplarCity>
			</zone>
			<zone type="Africa/Djibouti">
				<exemplarCity draft="unconfirmed">جبوتی</exemplarCity>
			</zone>
			<zone type="America/Dominica">
				<exemplarCity draft="unconfirmed">ڈومینیکا</exemplarCity>
			</zone>
			<zone type="Pacific/Fiji">
				<exemplarCity draft="unconfirmed">فجی</exemplarCity>
			</zone>
			<zone type="America/Grenada">
				<exemplarCity draft="unconfirmed">غرناطہ</exemplarCity>
			</zone>
			<zone type="Europe/Gibraltar">
				<exemplarCity draft="unconfirmed">جبرالٹر</exemplarCity>
			</zone>
			<zone type="America/Guadeloupe">
				<exemplarCity draft="unconfirmed">گواڈیلوپ</exemplarCity>
			</zone>
			<zone type="America/Guatemala">
				<exemplarCity draft="unconfirmed">گوئٹے مالا</exemplarCity>
			</zone>
			<zone type="Pacific/Guam">
				<exemplarCity draft="unconfirmed">گوام</exemplarCity>
			</zone>
			<zone type="America/Guyana">
				<exemplarCity draft="unconfirmed">گیانا</exemplarCity>
			</zone>
			<zone type="Asia/Hong_Kong">
				<exemplarCity draft="unconfirmed">ہانگ کانگ</exemplarCity>
			</zone>
			<zone type="America/Jamaica">
				<exemplarCity draft="unconfirmed">جمائیکا</exemplarCity>
			</zone>
			<zone type="Asia/Kuwait">
				<exemplarCity draft="unconfirmed">کویت</exemplarCity>
			</zone>
			<zone type="Europe/Luxembourg">
				<exemplarCity draft="unconfirmed">لیگزمبرگ</exemplarCity>
			</zone>
			<zone type="Europe/Monaco">
				<exemplarCity draft="unconfirmed">موناکو</exemplarCity>
			</zone>
			<zone type="Asia/Macau">
				<exemplarCity draft="unconfirmed">مکائو</exemplarCity>
			</zone>
			<zone type="America/Martinique">
				<exemplarCity draft="unconfirmed">مارٹنیک</exemplarCity>
			</zone>
			<zone type="America/Montserrat">
				<exemplarCity draft="unconfirmed">مونٹ سراٹ</exemplarCity>
			</zone>
			<zone type="Europe/Malta">
				<exemplarCity draft="unconfirmed">مالٹا</exemplarCity>
			</zone>
			<zone type="Indian/Mauritius">
				<exemplarCity draft="unconfirmed">ماریشس</exemplarCity>
			</zone>
			<zone type="Indian/Maldives">
				<exemplarCity draft="unconfirmed">مالدیپ</exemplarCity>
			</zone>
			<zone type="Pacific/Nauru">
				<exemplarCity draft="unconfirmed">نورو</exemplarCity>
			</zone>
			<zone type="Pacific/Niue">
				<exemplarCity draft="unconfirmed">نیوئے</exemplarCity>
			</zone>
			<zone type="America/Panama">
				<exemplarCity draft="unconfirmed">پانامہ</exemplarCity>
			</zone>
			<zone type="Pacific/Pitcairn">
				<exemplarCity draft="unconfirmed">پٹ کیرن</exemplarCity>
			</zone>
			<zone type="America/Puerto_Rico">
				<exemplarCity draft="unconfirmed">پورٹو ریکو</exemplarCity>
			</zone>
			<zone type="Pacific/Palau">
				<exemplarCity draft="unconfirmed">پالائو</exemplarCity>
			</zone>
			<zone type="Asia/Qatar">
				<exemplarCity draft="unconfirmed">قطر</exemplarCity>
			</zone>
			<zone type="Indian/Reunion">
				<exemplarCity draft="unconfirmed">ری یونین</exemplarCity>
			</zone>
			<zone type="Asia/Singapore">
				<exemplarCity draft="unconfirmed">سنگاپور</exemplarCity>
			</zone>
			<zone type="America/El_Salvador">
				<exemplarCity draft="unconfirmed">ایلسلواڈور</exemplarCity>
			</zone>
			<zone type="Indian/Mayotte">
				<exemplarCity draft="unconfirmed">مایوٹ</exemplarCity>
			</zone>
		</timeZoneNames>
	</dates>
	<numbers>
		<symbols>
			<decimal>.</decimal>
			<group>,</group>
			<list draft="unconfirmed">;</list>
			<percentSign draft="unconfirmed">%</percentSign>
			<nativeZeroDigit draft="unconfirmed">0</nativeZeroDigit>
			<patternDigit draft="unconfirmed">#</patternDigit>
			<plusSign draft="unconfirmed">+</plusSign>
			<minusSign draft="unconfirmed">-</minusSign>
			<exponential draft="unconfirmed">E</exponential>
			<exponential alt="arab" draft="unconfirmed">ق</exponential>
			<perMille draft="unconfirmed">‰</perMille>
			<infinity draft="unconfirmed">∞</infinity>
			<nan draft="unconfirmed">NaN</nan>
			<nan alt="arab" draft="unconfirmed">یہ عدد نہیں</nan>
		</symbols>
		<decimalFormats>
			<decimalFormatLength>
				<decimalFormat>
					<pattern>#,##0.###</pattern>
				</decimalFormat>
			</decimalFormatLength>
		</decimalFormats>
		<scientificFormats>
			<scientificFormatLength>
				<scientificFormat>
					<pattern>#E0</pattern>
				</scientificFormat>
			</scientificFormatLength>
		</scientificFormats>
		<percentFormats>
			<percentFormatLength>
				<percentFormat>
					<pattern>#,##0%</pattern>
				</percentFormat>
			</percentFormatLength>
		</percentFormats>
		<currencyFormats>
			<currencyFormatLength>
				<currencyFormat>
					<pattern>¤#,##0.00</pattern>
				</currencyFormat>
			</currencyFormatLength>
			<unitPattern count="one" draft="unconfirmed">‏{0} {1} ‏</unitPattern>
		</currencyFormats>
		<currencies>
			<currency type="AED">
				<displayName draft="contributed">متحدہ عرب اماراتی درہم</displayName>
			</currency>
			<currency type="ARS">
				<displayName draft="contributed">ارجنٹائن پیسہ</displayName>
			</currency>
			<currency type="AUD">
				<displayName draft="contributed">آسٹریلین ڈالر</displayName>
			</currency>
			<currency type="BGN">
				<displayName draft="contributed">بلغارین لیو</displayName>
			</currency>
			<currency type="BOB">
				<displayName draft="contributed">بولیوین بولیویانو</displayName>
			</currency>
			<currency type="BRL">
				<displayName draft="contributed">برازیلی ریئل</displayName>
			</currency>
			<currency type="CAD">
				<displayName draft="contributed">کنیڈین ڈالر</displayName>
			</currency>
			<currency type="CHF">
				<displayName draft="contributed">سوئس فرانکس</displayName>
			</currency>
			<currency type="CLP">
				<displayName draft="contributed">چلّین پیسہ</displayName>
			</currency>
			<currency type="CNY">
				<displayName draft="contributed">یوآن رینمنبی</displayName>
			</currency>
			<currency type="COP">
				<displayName draft="contributed">کولمبین پیسہ</displayName>
			</currency>
			<currency type="CZK">
				<displayName draft="contributed">چیک کرونا</displayName>
			</currency>
			<currency type="DEM">
				<displayName draft="contributed">ڈچ مارکس</displayName>
			</currency>
			<currency type="DKK">
				<displayName draft="contributed">ڈنمارک کرونر</displayName>
			</currency>
			<currency type="EEK">
				<displayName draft="contributed">ایسٹونین کرون</displayName>
			</currency>
			<currency type="EGP">
				<displayName draft="contributed">مصری پائونڈ</displayName>
			</currency>
			<currency type="EUR">
				<displayName draft="contributed">یورو</displayName>
			</currency>
			<currency type="FRF">
				<displayName draft="provisional">فرانسیسی فرانک</displayName>
			</currency>
			<currency type="GBP">
				<displayName draft="contributed">انگلستانی پاونڈ سٹرلنگ</displayName>
			</currency>
			<currency type="HKD">
				<displayName draft="contributed">ھانگ کانگ ڈالر</displayName>
			</currency>
			<currency type="HRK">
				<displayName draft="contributed">کروشین کونا</displayName>
			</currency>
			<currency type="HUF">
				<displayName draft="contributed">ہنگرین فورنٹ</displayName>
			</currency>
			<currency type="IDR">
				<displayName draft="contributed">انڈونیشین روپیہ</displayName>
			</currency>
			<currency type="ILS">
				<displayName draft="contributed">اسرائیلی شیکل</displayName>
			</currency>
			<currency type="INR">
				<displayName>انڈین روپیہ</displayName>
			</currency>
			<currency type="JPY">
				<displayName draft="contributed">جاپانی ین</displayName>
			</currency>
			<currency type="KRW">
				<displayName draft="unconfirmed">جنوبی کوریائی جیتا۔</displayName>
			</currency>
			<currency type="LTL">
				<displayName draft="contributed">لیتھوانی لیٹاس</displayName>
			</currency>
			<currency type="MAD">
				<displayName draft="contributed">مراکشی درہم</displayName>
			</currency>
			<currency type="MXN">
				<displayName draft="contributed">میکسیکی پیسہ</displayName>
			</currency>
			<currency type="MYR">
				<displayName draft="provisional">ملائیشین رنگٹ</displayName>
			</currency>
			<currency type="NOK">
				<displayName draft="contributed">ناروے کرونر</displayName>
			</currency>
			<currency type="NZD">
				<displayName draft="contributed">نیوزی لینڈ ڈالر</displayName>
			</currency>
			<currency type="PEN">
				<displayName draft="contributed">پیروین نیووسول</displayName>
			</currency>
			<currency type="PHP">
				<displayName draft="contributed">فلپائینی پیسہ</displayName>
			</currency>
			<currency type="PKR">
				<displayName draft="contributed">پاکستانی روپیہ</displayName>
				<symbol draft="provisional">روپے</symbol>
			</currency>
			<currency type="PLN">
				<displayName draft="contributed">پولش نیو زلوٹی</displayName>
			</currency>
			<currency type="RON">
				<displayName draft="contributed">نیا رومانیائی لیو</displayName>
			</currency>
			<currency type="RSD">
				<displayName draft="contributed">سربین دینار</displayName>
			</currency>
			<currency type="RUB">
				<displayName draft="contributed">روسی روبل</displayName>
			</currency>
			<currency type="SAR">
				<displayName draft="contributed">سعودی ریال</displayName>
			</currency>
			<currency type="SEK">
				<displayName draft="contributed">سویڈن کرونر</displayName>
			</currency>
			<currency type="SGD">
				<displayName draft="contributed">سنگا پور ڈالر</displayName>
			</currency>
			<currency type="SIT">
				<displayName draft="contributed">سلوانین ٹولر</displayName>
			</currency>
			<currency type="SKK">
				<displayName draft="contributed">سلووک کرونا</displayName>
			</currency>
			<currency type="THB">
				<displayName draft="contributed">تھائی باہت</displayName>
			</currency>
			<currency type="TRL">
				<displayName draft="contributed">ترکی لیرا</displayName>
			</currency>
			<currency type="TRY">
				<displayName draft="provisional">نیا ترکی لیرا</displayName>
			</currency>
			<currency type="TWD">
				<displayName draft="contributed">نیو تائیوان ڈالر</displayName>
			</currency>
			<currency type="USD">
				<displayName draft="contributed">امریکی ڈالر</displayName>
				<symbol draft="provisional">ڈالر</symbol>
			</currency>
			<currency type="VEB">
				<displayName draft="contributed">وینزویلا بولیور</displayName>
			</currency>
			<currency type="ZAR">
				<displayName draft="contributed">جنوبی افریقی رانڈ</displayName>
			</currency>
		</currencies>
	</numbers>
	<posix>
		<messages>
			<yesstr draft="provisional">yes:y</yesstr>
			<nostr draft="provisional">no:n</nostr>
		</messages>
	</posix>
</ldml>
<!-- Comments without bases
needs translation 	 - was on: //ldml/dates/calendars/calendar[@type="gregorian"]/eras/eraAbbr/era[@type="1"][@alt="proposed"]
-->

